{"id":226,"media_id":"143","title":{"english":"(C52) [Studio Kimigabuchi  (Entokkun, Kimimaru)] Hung Myself (Neon Genesis Evangelion, Slayers and others)","japanese":"[\u30b9\u30bf\u30b8\u30aaKIMIGABUCHI (\u3048\u3093\u3068\u3063\u304f\u3093, \u304d\u307f\u307e\u308b)] HUNG MYSELF (\u65b0\u4e16\u7d00\u30a8\u30f4\u30a1\u30f3\u30b2\u30ea\u30aa\u30f3 , \u30b9\u30ec\u30a4\u30e4\u30fc\u30ba , \u4e0d\u8a73)","pretty":"Hung Myself"},"images":{"pages":[{"t":"j","w":512,"h":721},{"t":"j","w":512,"h":728},{"t":"j","w":512,"h":728},{"t":"j","w":512,"h":728},{"t":"j","w":512,"h":728},{"t":"j","w":512,"h":728},{"t":"j","w":512,"h":728},{"t":"j","w":512,"h":728},{"t":"j","w":512,"h":728},{"t":"j","w":512,"h":728},{"t":"j","w":512,"h":728},{"t":"j","w":512,"h":728},{"t":"j","w":512,"h":728},{"t":"j","w":512,"h":728},{"t":"j","w":512,"h":728},{"t":"j","w":512,"h":728},{"t":"j","w":512,"h":728},{"t":"j","w":512,"h":728},{"t":"j","w":512,"h":728},{"t":"j","w":512,"h":728},{"t":"j","w":512,"h":728},{"t":"j","w":512,"h":728},{"t":"j","w":512,"h":728},{"t":"j","w":512,"h":728},{"t":"j","w":512,"h":728},{"t":"j","w":512,"h":728},{"t":"j","w":512,"h":728},{"t":"j","w":512,"h":728},{"t":"j","w":512,"h":728},{"t":"j","w":512,"h":728},{"t":"j","w":512,"h":728},{"t":"j","w":512,"h":728},{"t":"j","w":512,"h":728},{"t":"j","w":512,"h":728},{"t":"j","w":512,"h":728},{"t":"j","w":512,"h":728},{"t":"j","w":512,"h":728},{"t":"j","w":512,"h":728},{"t":"j","w":512,"h":728},{"t":"j","w":512,"h":728},{"t":"j","w":512,"h":728},{"t":"j","w":512,"h":728},{"t":"j","w":512,"h":728},{"t":"j","w":512,"h":728},{"t":"j","w":512,"h":728},{"t":"j","w":512,"h":728},{"t":"j","w":512,"h":728},{"t":"j","w":512,"h":728},{"t":"j","w":512,"h":728},{"t":"j","w":512,"h":728},{"t":"j","w":512,"h":728},{"t":"j","w":512,"h":728},{"t":"j","w":512,"h":728},{"t":"j","w":512,"h":728},{"t":"j","w":512,"h":728},{"t":"j","w":512,"h":728},{"t":"j","w":512,"h":728},{"t":"j","w":512,"h":728},{"t":"j","w":512,"h":728},{"t":"j","w":512,"h":728},{"t":"j","w":512,"h":728},{"t":"j","w":512,"h":728},{"t":"j","w":512,"h":728},{"t":"j","w":512,"h":728},{"t":"j","w":512,"h":728},{"t":"j","w":512,"h":728},{"t":"j","w":512,"h":728},{"t":"j","w":512,"h":728},{"t":"j","w":512,"h":728},{"t":"j","w":512,"h":728},{"t":"j","w":512,"h":728},{"t":"j","w":512,"h":728},{"t":"j","w":512,"h":728},{"t":"j","w":512,"h":728},{"t":"j","w":512,"h":728},{"t":"j","w":512,"h":728},{"t":"j","w":512,"h":728},{"t":"j","w":512,"h":728},{"t":"j","w":512,"h":728},{"t":"j","w":512,"h":728},{"t":"j","w":512,"h":728},{"t":"j","w":512,"h":728},{"t":"j","w":512,"h":728},{"t":"j","w":512,"h":728},{"t":"j","w":512,"h":728},{"t":"j","w":512,"h":728},{"t":"j","w":512,"h":728},{"t":"j","w":512,"h":728},{"t":"j","w":512,"h":728},{"t":"j","w":512,"h":728},{"t":"j","w":512,"h":728},{"t":"j","w":512,"h":728},{"t":"j","w":512,"h":728},{"t":"j","w":512,"h":728},{"t":"j","w":512,"h":728},{"t":"j","w":512,"h":728},{"t":"j","w":512,"h":728},{"t":"j","w":512,"h":728},{"t":"j","w":512,"h":728},{"t":"j","w":512,"h":728},{"t":"j","w":512,"h":728},{"t":"j","w":512,"h":728},{"t":"j","w":512,"h":728},{"t":"j","w":512,"h":728},{"t":"j","w":512,"h":728},{"t":"j","w":514,"h":722}],"cover":{"t":"j","w":350,"h":493},"thumbnail":{"t":"j","w":250,"h":352}},"scanlator":"","upload_date":1403964973,"tags":[{"id":779,"type":"tag","name":"futanari","url":"/tag/futanari/","count":24529},{"id":3496,"type":"parody","name":"slayers","url":"/parody/slayers/","count":231},{"id":7232,"type":"character","name":"amelia wil tesla seyruun","url":"/character/amelia-wil-tesla-seyruun/","count":80},{"id":8010,"type":"tag","name":"group","url":"/tag/group/","count":76825},{"id":14283,"type":"tag","name":"anal","url":"/tag/anal/","count":69440},{"id":14483,"type":"character","name":"lina inverse","url":"/character/lina-inverse/","count":156},{"id":15658,"type":"tag","name":"bondage","url":"/tag/bondage/","count":36484},{"id":17137,"type":"parody","name":"neon genesis evangelion","url":"/parody/neon-genesis-evangelion/","count":2541},{"id":21779,"type":"character","name":"rei ayanami","url":"/character/rei-ayanami/","count":1223},{"id":22945,"type":"tag","name":"double penetration","url":"/tag/double-penetration/","count":25999},{"id":23987,"type":"parody","name":"yat space travel agency","url":"/parody/yat-space-travel-agency/","count":26},{"id":25125,"type":"character","name":"asuka langley soryu","url":"/character/asuka-langley-soryu/","count":1554},{"id":27553,"type":"tag","name":"rape","url":"/tag/rape/","count":36589},{"id":27938,"type":"artist","name":"kimimaru","url":"/artist/kimimaru/","count":182},{"id":28736,"type":"group","name":"studio kimigabuchi","url":"/group/studio-kimigabuchi/","count":167},{"id":30356,"type":"character","name":"katsura tenjoin","url":"/character/katsura-tenjoin/","count":23},{"id":6346,"type":"language","name":"japanese","url":"/language/japanese/","count":201161},{"id":33172,"type":"category","name":"doujinshi","url":"/category/doujinshi/","count":245455}],"num_pages":106,"num_favorites":41}