{"id":227,"media_id":"145","title":{"english":"(C65) [STUDIO KIMIGABUCHI (Kimimaru)] Boku no Evangelion 2 (Neon Genesis Evangelion)","japanese":"(C65) [\u30b9\u30bf\u30b8\u30aaKIMIGABUCHI (\u304d\u307f\u307e\u308b)] \u307c\u304f\u306e\u30a8\u30f4\u30a1\u30f3\u30b2\u30ea\u30aa\u30f3\uff12 (\u65b0\u4e16\u7d00\u30a8\u30f4\u30a1\u30f3\u30b2\u30ea\u30aa\u30f3)","pretty":"Boku no Evangelion 2"},"images":{"pages":[{"t":"j","w":1200,"h":1676},{"t":"j","w":1200,"h":1714},{"t":"j","w":1200,"h":1721},{"t":"j","w":1200,"h":1714},{"t":"j","w":1200,"h":1721},{"t":"j","w":1200,"h":1714},{"t":"j","w":1200,"h":1721},{"t":"j","w":1200,"h":1714},{"t":"j","w":1200,"h":1721},{"t":"j","w":1200,"h":1714},{"t":"j","w":1200,"h":1721},{"t":"j","w":1200,"h":1714},{"t":"j","w":1200,"h":1721},{"t":"j","w":1200,"h":1714},{"t":"j","w":1200,"h":1721},{"t":"j","w":1200,"h":1714},{"t":"j","w":1200,"h":1721},{"t":"j","w":1200,"h":1714},{"t":"j","w":1200,"h":1721},{"t":"j","w":1200,"h":1714},{"t":"j","w":1200,"h":1721},{"t":"j","w":1200,"h":1714},{"t":"j","w":1200,"h":1721},{"t":"j","w":1200,"h":1714},{"t":"j","w":1200,"h":1721},{"t":"j","w":1200,"h":1714},{"t":"j","w":1200,"h":1721},{"t":"j","w":1200,"h":1714},{"t":"j","w":1200,"h":1721},{"t":"j","w":1200,"h":1714},{"t":"j","w":1200,"h":1721},{"t":"j","w":1200,"h":1714},{"t":"j","w":1200,"h":1721},{"t":"j","w":1200,"h":1714},{"t":"j","w":1200,"h":1721},{"t":"j","w":1200,"h":1714},{"t":"j","w":1200,"h":1721},{"t":"j","w":1200,"h":1689}],"cover":{"t":"j","w":350,"h":489},"thumbnail":{"t":"j","w":250,"h":349}},"scanlator":"","upload_date":1403964975,"tags":[{"id":3206,"type":"character","name":"shinji ikari","url":"/character/shinji-ikari/","count":1231},{"id":17137,"type":"parody","name":"neon genesis evangelion","url":"/parody/neon-genesis-evangelion/","count":2492},{"id":25125,"type":"character","name":"asuka langley soryu","url":"/character/asuka-langley-soryu/","count":1515},{"id":27938,"type":"artist","name":"kimimaru","url":"/artist/kimimaru/","count":173},{"id":28736,"type":"group","name":"studio kimigabuchi","url":"/group/studio-kimigabuchi/","count":160},{"id":6346,"type":"language","name":"japanese","url":"/language/japanese/","count":193003},{"id":33172,"type":"category","name":"doujinshi","url":"/category/doujinshi/","count":231184},{"id":35762,"type":"tag","name":"sole female","url":"/tag/sole-female/","count":67502},{"id":7752,"type":"tag","name":"schoolboy uniform","url":"/tag/schoolboy-uniform/","count":12400},{"id":13720,"type":"tag","name":"nakadashi","url":"/tag/nakadashi/","count":43099},{"id":29859,"type":"tag","name":"blowjob","url":"/tag/blowjob/","count":37977},{"id":22221,"type":"tag","name":"blood","url":"/tag/blood/","count":1650},{"id":10314,"type":"tag","name":"schoolgirl uniform","url":"/tag/schoolgirl-uniform/","count":56614},{"id":35763,"type":"tag","name":"sole male","url":"/tag/sole-male/","count":61245}],"num_pages":38,"num_favorites":78}