{"id":228,"media_id":"157","title":{"english":"(C67) [Shimanto Seiryuu (Shimanto Youta)] ANIMAL 7x7","japanese":"(C67) [\u56db\u4e07\u5341\u6e05\u6d41 (\u56db\u4e07\u5341\u66dc\u592a)] ANIMAL7\u00d77","pretty":"ANIMAL 7x7"},"images":{"pages":[{"t":"j","w":1058,"h":1500},{"t":"j","w":1042,"h":1500},{"t":"j","w":1033,"h":1500},{"t":"j","w":1054,"h":1500},{"t":"j","w":1056,"h":1500},{"t":"j","w":1050,"h":1500},{"t":"j","w":1048,"h":1500},{"t":"j","w":1050,"h":1500},{"t":"j","w":1053,"h":1500},{"t":"j","w":1056,"h":1500},{"t":"j","w":1054,"h":1500},{"t":"j","w":1051,"h":1500},{"t":"j","w":1061,"h":1500},{"t":"j","w":1053,"h":1500},{"t":"j","w":1061,"h":1500},{"t":"j","w":1048,"h":1500},{"t":"j","w":1058,"h":1500},{"t":"j","w":1058,"h":1500},{"t":"j","w":1061,"h":1500},{"t":"j","w":1056,"h":1500},{"t":"j","w":1040,"h":1500},{"t":"j","w":1056,"h":1500},{"t":"j","w":1064,"h":1500},{"t":"j","w":1045,"h":1500},{"t":"j","w":1061,"h":1500},{"t":"j","w":1044,"h":1500},{"t":"j","w":1053,"h":1500},{"t":"j","w":1047,"h":1500},{"t":"j","w":1061,"h":1500},{"t":"j","w":1055,"h":1500},{"t":"j","w":1056,"h":1500},{"t":"j","w":1048,"h":1500},{"t":"j","w":1054,"h":1500},{"t":"j","w":1058,"h":1500},{"t":"j","w":1062,"h":1500},{"t":"j","w":1054,"h":1500},{"t":"j","w":1063,"h":1500},{"t":"j","w":1055,"h":1500},{"t":"j","w":1056,"h":1500},{"t":"j","w":1047,"h":1500},{"t":"j","w":1048,"h":1500},{"t":"j","w":1061,"h":1500}],"cover":{"t":"j","w":350,"h":496},"thumbnail":{"t":"j","w":250,"h":354}},"scanlator":"","upload_date":1403964976,"tags":[{"id":2937,"type":"tag","name":"big breasts","url":"/tag/big-breasts/","count":103273},{"id":7019,"type":"tag","name":"bull","url":"/tag/bull/","count":66},{"id":8010,"type":"tag","name":"group","url":"/tag/group/","count":72150},{"id":9661,"type":"tag","name":"cervix penetration","url":"/tag/cervix-penetration/","count":2772},{"id":10354,"type":"tag","name":"milking","url":"/tag/milking/","count":1020},{"id":12523,"type":"tag","name":"bestiality","url":"/tag/bestiality/","count":3768},{"id":13670,"type":"artist","name":"shimanto youta","url":"/artist/shimanto-youta/","count":133},{"id":14283,"type":"tag","name":"anal","url":"/tag/anal/","count":64587},{"id":14971,"type":"tag","name":"sex toys","url":"/tag/sex-toys/","count":20823},{"id":16797,"type":"group","name":"shimanto seiryuu","url":"/group/shimanto-seiryuu/","count":41},{"id":20035,"type":"tag","name":"x-ray","url":"/tag/x-ray/","count":20947},{"id":22945,"type":"tag","name":"double penetration","url":"/tag/double-penetration/","count":24472},{"id":24102,"type":"tag","name":"lactation","url":"/tag/lactation/","count":11870},{"id":24708,"type":"tag","name":"cowgirl","url":"/tag/cowgirl/","count":867},{"id":26130,"type":"tag","name":"fingering","url":"/tag/fingering/","count":5148},{"id":26953,"type":"tag","name":"bukkake","url":"/tag/bukkake/","count":4717},{"id":29859,"type":"tag","name":"blowjob","url":"/tag/blowjob/","count":37321},{"id":30811,"type":"tag","name":"christmas","url":"/tag/christmas/","count":886},{"id":31285,"type":"tag","name":"fox girl","url":"/tag/fox-girl/","count":2360},{"id":6346,"type":"language","name":"japanese","url":"/language/japanese/","count":191613},{"id":33172,"type":"category","name":"doujinshi","url":"/category/doujinshi/","count":228729}],"num_pages":42,"num_favorites":133}