{"id":229,"media_id":"162","title":{"english":"[Juubaori Mashumaro] ALICE SECOND Ch. 5 (Alice Extreme 5) [English]","japanese":"[\u5341\u7fbd\u7e54\u307e\u3057\u3085\u307e\u308d] \u30a2\u30ea\u30b9 SECOND \u7ae05 [\u82f1\u8a33]","pretty":"ALICE SECOND Ch. 5"},"images":{"pages":[{"t":"j","w":635,"h":895},{"t":"j","w":635,"h":894},{"t":"j","w":635,"h":903},{"t":"j","w":635,"h":892},{"t":"j","w":635,"h":912},{"t":"j","w":635,"h":895},{"t":"j","w":635,"h":904},{"t":"j","w":635,"h":896},{"t":"j","w":635,"h":920},{"t":"j","w":635,"h":898},{"t":"j","w":635,"h":893},{"t":"j","w":635,"h":890},{"t":"j","w":635,"h":898},{"t":"j","w":635,"h":901},{"t":"j","w":635,"h":889},{"t":"j","w":635,"h":886},{"t":"j","w":635,"h":893},{"t":"j","w":635,"h":899},{"t":"j","w":635,"h":901},{"t":"j","w":635,"h":895},{"t":"j","w":635,"h":900},{"t":"j","w":635,"h":883}],"cover":{"t":"j","w":350,"h":493},"thumbnail":{"t":"j","w":250,"h":352}},"scanlator":"","upload_date":1403964978,"tags":[{"id":779,"type":"tag","name":"futanari","url":"/tag/futanari/","count":23173},{"id":2937,"type":"tag","name":"big breasts","url":"/tag/big-breasts/","count":103273},{"id":6887,"type":"artist","name":"juubaori mashumaro","url":"/artist/juubaori-mashumaro/","count":171},{"id":8010,"type":"tag","name":"group","url":"/tag/group/","count":72150},{"id":8378,"type":"tag","name":"glasses","url":"/tag/glasses/","count":48279},{"id":12227,"type":"language","name":"english","url":"/language/english/","count":69378},{"id":14283,"type":"tag","name":"anal","url":"/tag/anal/","count":64587},{"id":17249,"type":"language","name":"translated","url":"/language/translated/","count":109734},{"id":19954,"type":"tag","name":"yuri","url":"/tag/yuri/","count":20241},{"id":19962,"type":"parody","name":"alice in wonderland","url":"/parody/alice-in-wonderland/","count":93},{"id":32341,"type":"tag","name":"shotacon","url":"/tag/shotacon/","count":39737},{"id":33173,"type":"category","name":"manga","url":"/category/manga/","count":77142},{"id":56931,"type":"character","name":"chesire cat","url":"/character/chesire-cat/","count":15},{"id":21535,"type":"character","name":"alice","url":"/character/alice/","count":47},{"id":56932,"type":"character","name":"white rabbit","url":"/character/white-rabbit/","count":16},{"id":20074,"type":"tag","name":"latex","url":"/tag/latex/","count":2509},{"id":31386,"type":"tag","name":"catgirl","url":"/tag/catgirl/","count":8286},{"id":23132,"type":"tag","name":"bunny girl","url":"/tag/bunny-girl/","count":5128},{"id":35972,"type":"tag","name":"sole dickgirl","url":"/tag/sole-dickgirl/","count":2714},{"id":16228,"type":"tag","name":"demon girl","url":"/tag/demon-girl/","count":5503}],"num_pages":22,"num_favorites":394}