{"id":230,"media_id":"166","title":{"english":"(C70) [STUDIO KIMIGABUCHI (Kimimaru)] RE-TAKE 4 (Neon Genesis Evangelion)","japanese":"(C70) [\u30b9\u30bf\u30b8\u30aaKIMIGABUCHI (\u304d\u307f\u307e\u308b)] Re-Take4 (\u65b0\u4e16\u7d00\u30a8\u30f4\u30a1\u30f3\u30b2\u30ea\u30aa\u30f3)","pretty":"RE-TAKE 4"},"images":{"pages":[{"t":"j","w":966,"h":1400},{"t":"j","w":946,"h":1400},{"t":"j","w":944,"h":1400},{"t":"j","w":895,"h":1400},{"t":"j","w":879,"h":1400},{"t":"j","w":947,"h":1400},{"t":"j","w":903,"h":1400},{"t":"j","w":951,"h":1400},{"t":"j","w":950,"h":1400},{"t":"j","w":951,"h":1400},{"t":"j","w":960,"h":1400},{"t":"j","w":950,"h":1400},{"t":"j","w":949,"h":1400},{"t":"j","w":895,"h":1400},{"t":"j","w":933,"h":1400},{"t":"j","w":950,"h":1400},{"t":"j","w":947,"h":1400},{"t":"j","w":951,"h":1400},{"t":"j","w":948,"h":1400},{"t":"j","w":891,"h":1400},{"t":"j","w":869,"h":1400},{"t":"j","w":941,"h":1400},{"t":"j","w":938,"h":1400},{"t":"j","w":940,"h":1400},{"t":"j","w":925,"h":1400},{"t":"j","w":943,"h":1400},{"t":"j","w":935,"h":1400},{"t":"j","w":944,"h":1400},{"t":"j","w":938,"h":1400},{"t":"j","w":942,"h":1400},{"t":"j","w":934,"h":1400},{"t":"j","w":945,"h":1400},{"t":"j","w":911,"h":1400},{"t":"j","w":941,"h":1400},{"t":"j","w":924,"h":1400},{"t":"j","w":938,"h":1400},{"t":"j","w":937,"h":1400},{"t":"j","w":939,"h":1400},{"t":"j","w":938,"h":1400},{"t":"j","w":940,"h":1400},{"t":"j","w":938,"h":1400},{"t":"j","w":942,"h":1400},{"t":"j","w":938,"h":1400},{"t":"j","w":940,"h":1400},{"t":"j","w":940,"h":1400},{"t":"j","w":940,"h":1400},{"t":"j","w":933,"h":1400},{"t":"j","w":942,"h":1400},{"t":"j","w":940,"h":1400},{"t":"j","w":941,"h":1400},{"t":"j","w":940,"h":1400},{"t":"j","w":938,"h":1400},{"t":"j","w":943,"h":1400},{"t":"j","w":941,"h":1400},{"t":"j","w":942,"h":1400},{"t":"j","w":939,"h":1400},{"t":"j","w":940,"h":1400},{"t":"j","w":941,"h":1400},{"t":"j","w":941,"h":1400},{"t":"j","w":940,"h":1400},{"t":"j","w":942,"h":1400},{"t":"j","w":940,"h":1400},{"t":"j","w":938,"h":1400},{"t":"j","w":940,"h":1400},{"t":"j","w":912,"h":1400},{"t":"j","w":941,"h":1400},{"t":"j","w":895,"h":1400},{"t":"j","w":942,"h":1400},{"t":"j","w":938,"h":1400},{"t":"j","w":906,"h":1400},{"t":"j","w":870,"h":1400},{"t":"j","w":941,"h":1400},{"t":"j","w":923,"h":1400},{"t":"j","w":941,"h":1400},{"t":"j","w":940,"h":1400},{"t":"j","w":940,"h":1400},{"t":"j","w":936,"h":1400},{"t":"j","w":940,"h":1400},{"t":"j","w":897,"h":1400},{"t":"j","w":939,"h":1400},{"t":"j","w":940,"h":1400},{"t":"j","w":942,"h":1400},{"t":"j","w":940,"h":1400},{"t":"j","w":891,"h":1400},{"t":"j","w":872,"h":1400},{"t":"j","w":941,"h":1400},{"t":"j","w":969,"h":1400},{"t":"j","w":943,"h":1400},{"t":"j","w":941,"h":1400},{"t":"j","w":940,"h":1400},{"t":"j","w":940,"h":1400},{"t":"j","w":940,"h":1400},{"t":"j","w":926,"h":1400},{"t":"j","w":941,"h":1400},{"t":"j","w":939,"h":1400},{"t":"j","w":941,"h":1400},{"t":"j","w":938,"h":1400},{"t":"j","w":935,"h":1400},{"t":"j","w":927,"h":1400},{"t":"j","w":938,"h":1400},{"t":"j","w":936,"h":1400},{"t":"j","w":939,"h":1400},{"t":"j","w":939,"h":1400},{"t":"j","w":936,"h":1400},{"t":"j","w":940,"h":1400},{"t":"j","w":938,"h":1400},{"t":"j","w":938,"h":1400},{"t":"j","w":939,"h":1400},{"t":"j","w":939,"h":1400},{"t":"j","w":937,"h":1400},{"t":"j","w":936,"h":1400},{"t":"j","w":938,"h":1400},{"t":"j","w":937,"h":1400},{"t":"j","w":935,"h":1400},{"t":"j","w":937,"h":1400},{"t":"j","w":933,"h":1400},{"t":"j","w":937,"h":1400},{"t":"j","w":938,"h":1400},{"t":"j","w":930,"h":1400},{"t":"j","w":939,"h":1400},{"t":"j","w":938,"h":1400},{"t":"j","w":939,"h":1400},{"t":"j","w":896,"h":1400},{"t":"j","w":935,"h":1400},{"t":"j","w":874,"h":1400},{"t":"j","w":935,"h":1400},{"t":"j","w":935,"h":1400},{"t":"j","w":933,"h":1400},{"t":"j","w":936,"h":1400},{"t":"j","w":937,"h":1400},{"t":"j","w":934,"h":1400},{"t":"j","w":935,"h":1400},{"t":"j","w":936,"h":1400},{"t":"j","w":935,"h":1400},{"t":"j","w":924,"h":1400},{"t":"j","w":938,"h":1400},{"t":"j","w":935,"h":1400},{"t":"j","w":939,"h":1400},{"t":"j","w":933,"h":1400},{"t":"j","w":939,"h":1400},{"t":"j","w":935,"h":1400},{"t":"j","w":935,"h":1400},{"t":"j","w":934,"h":1400},{"t":"j","w":936,"h":1400},{"t":"j","w":933,"h":1400},{"t":"j","w":936,"h":1400},{"t":"j","w":935,"h":1400},{"t":"j","w":936,"h":1400},{"t":"j","w":950,"h":1400},{"t":"j","w":938,"h":1400},{"t":"j","w":936,"h":1400},{"t":"j","w":938,"h":1400},{"t":"j","w":935,"h":1400},{"t":"j","w":918,"h":1400},{"t":"j","w":941,"h":1400},{"t":"j","w":938,"h":1400},{"t":"j","w":940,"h":1400},{"t":"j","w":934,"h":1400},{"t":"j","w":939,"h":1400},{"t":"j","w":936,"h":1400},{"t":"j","w":917,"h":1400},{"t":"j","w":933,"h":1400},{"t":"j","w":938,"h":1400},{"t":"j","w":934,"h":1400},{"t":"j","w":899,"h":1400},{"t":"j","w":933,"h":1400},{"t":"j","w":928,"h":1400},{"t":"j","w":922,"h":1400},{"t":"j","w":944,"h":1400},{"t":"j","w":938,"h":1400},{"t":"j","w":935,"h":1400},{"t":"j","w":937,"h":1400},{"t":"j","w":907,"h":1400},{"t":"j","w":940,"h":1400},{"t":"j","w":939,"h":1400},{"t":"j","w":937,"h":1400},{"t":"j","w":936,"h":1400},{"t":"j","w":939,"h":1400},{"t":"j","w":936,"h":1400},{"t":"j","w":942,"h":1400},{"t":"j","w":927,"h":1400},{"t":"j","w":938,"h":1400},{"t":"j","w":937,"h":1400},{"t":"j","w":936,"h":1400},{"t":"j","w":937,"h":1400},{"t":"j","w":939,"h":1400},{"t":"j","w":935,"h":1400},{"t":"j","w":941,"h":1400},{"t":"j","w":896,"h":1400},{"t":"j","w":934,"h":1400},{"t":"j","w":931,"h":1400},{"t":"j","w":890,"h":1400},{"t":"j","w":936,"h":1400},{"t":"j","w":938,"h":1400},{"t":"j","w":928,"h":1400},{"t":"j","w":939,"h":1400},{"t":"j","w":934,"h":1400},{"t":"j","w":941,"h":1400},{"t":"j","w":926,"h":1400},{"t":"j","w":937,"h":1400},{"t":"j","w":936,"h":1400},{"t":"j","w":939,"h":1400},{"t":"j","w":938,"h":1400},{"t":"j","w":937,"h":1400},{"t":"j","w":938,"h":1400},{"t":"j","w":968,"h":1400}],"cover":{"t":"j","w":350,"h":507},"thumbnail":{"t":"j","w":250,"h":362}},"scanlator":"","upload_date":1403964978,"tags":[{"id":3206,"type":"character","name":"shinji ikari","url":"/character/shinji-ikari/","count":1243},{"id":8010,"type":"tag","name":"group","url":"/tag/group/","count":74927},{"id":10000,"type":"character","name":"gendo ikari","url":"/character/gendo-ikari/","count":60},{"id":16651,"type":"character","name":"ritsuko akagi","url":"/character/ritsuko-akagi/","count":213},{"id":17137,"type":"parody","name":"neon genesis evangelion","url":"/parody/neon-genesis-evangelion/","count":2508},{"id":19440,"type":"tag","name":"lolicon","url":"/tag/lolicon/","count":71884},{"id":21779,"type":"character","name":"rei ayanami","url":"/character/rei-ayanami/","count":1219},{"id":24412,"type":"tag","name":"bodysuit","url":"/tag/bodysuit/","count":3294},{"id":25125,"type":"character","name":"asuka langley soryu","url":"/character/asuka-langley-soryu/","count":1540},{"id":27553,"type":"tag","name":"rape","url":"/tag/rape/","count":35525},{"id":27938,"type":"artist","name":"kimimaru","url":"/artist/kimimaru/","count":178},{"id":28736,"type":"group","name":"studio kimigabuchi","url":"/group/studio-kimigabuchi/","count":166},{"id":6346,"type":"language","name":"japanese","url":"/language/japanese/","count":197125},{"id":33172,"type":"category","name":"doujinshi","url":"/category/doujinshi/","count":238427},{"id":8739,"type":"tag","name":"story arc","url":"/tag/story-arc/","count":10019},{"id":21572,"type":"tag","name":"multi-work series","url":"/tag/multi-work-series/","count":15194},{"id":23225,"type":"tag","name":"non-h","url":"/tag/non-h/","count":566}],"num_pages":206,"num_favorites":56}