{"id":231,"media_id":"172","title":{"english":"(SC15) [Saigado] The Yuri & Friends 2001 (King of Fighters) [English] [EHT]","japanese":"(\u30b5\u30f3\u30af\u30ea15) [\u5f69\u753b\u5802] \u30e6\u30ea&\u30d5\u30ec\u30f3\u30ba2001 (\u30ad\u30f3\u30b0\uff65\u30aa\u30d6\uff65\u30d5\u30a1\u30a4\u30bf\u30fc\u30ba) [\u82f1\u8a33]","pretty":"The Yuri & Friends 2001"},"images":{"pages":[{"t":"j","w":776,"h":1100},{"t":"j","w":776,"h":1100},{"t":"j","w":776,"h":1100},{"t":"j","w":776,"h":1100},{"t":"j","w":776,"h":1100},{"t":"j","w":776,"h":1100},{"t":"j","w":776,"h":1100},{"t":"j","w":776,"h":1100},{"t":"j","w":776,"h":1100},{"t":"j","w":776,"h":1100},{"t":"j","w":776,"h":1100},{"t":"j","w":776,"h":1100},{"t":"j","w":776,"h":1100},{"t":"j","w":776,"h":1100},{"t":"j","w":776,"h":1100},{"t":"j","w":776,"h":1100},{"t":"j","w":776,"h":1100},{"t":"j","w":776,"h":1100},{"t":"j","w":776,"h":1100},{"t":"j","w":776,"h":1100},{"t":"j","w":776,"h":1100},{"t":"j","w":776,"h":1100},{"t":"j","w":776,"h":1100},{"t":"j","w":776,"h":1100},{"t":"j","w":776,"h":1100},{"t":"j","w":776,"h":1100},{"t":"j","w":776,"h":1100},{"t":"j","w":776,"h":1100},{"t":"j","w":776,"h":1100},{"t":"j","w":776,"h":1100},{"t":"j","w":776,"h":1100},{"t":"j","w":776,"h":1100},{"t":"j","w":776,"h":1100},{"t":"j","w":776,"h":1100},{"t":"j","w":776,"h":1100},{"t":"j","w":776,"h":1100},{"t":"j","w":776,"h":1100},{"t":"j","w":776,"h":1100},{"t":"j","w":776,"h":1100},{"t":"j","w":776,"h":1100},{"t":"j","w":776,"h":1100},{"t":"j","w":776,"h":1100},{"t":"j","w":776,"h":1103}],"cover":{"t":"j","w":350,"h":496},"thumbnail":{"t":"j","w":250,"h":354}},"scanlator":"","upload_date":1403964983,"tags":[{"id":3163,"type":"parody","name":"king of fighters","url":"/parody/king-of-fighters/","count":1049},{"id":5710,"type":"character","name":"may lee","url":"/character/may-lee/","count":5},{"id":8010,"type":"tag","name":"group","url":"/tag/group/","count":72150},{"id":12227,"type":"language","name":"english","url":"/language/english/","count":69378},{"id":16647,"type":"character","name":"angel","url":"/character/angel/","count":49},{"id":17249,"type":"language","name":"translated","url":"/language/translated/","count":109734},{"id":18743,"type":"character","name":"karin","url":"/character/karin/","count":29},{"id":23718,"type":"group","name":"saigado","url":"/group/saigado/","count":243},{"id":24962,"type":"artist","name":"saigado","url":"/artist/saigado/","count":553},{"id":25601,"type":"tag","name":"small breasts","url":"/tag/small-breasts/","count":6915},{"id":26105,"type":"character","name":"kula diamond","url":"/character/kula-diamond/","count":26},{"id":33172,"type":"category","name":"doujinshi","url":"/category/doujinshi/","count":228729},{"id":15348,"type":"tag","name":"ffm threesome","url":"/tag/ffm-threesome/","count":17957},{"id":13720,"type":"tag","name":"nakadashi","url":"/tag/nakadashi/","count":42357},{"id":9162,"type":"tag","name":"masturbation","url":"/tag/masturbation/","count":9228}],"num_pages":43,"num_favorites":288}