{"id":232,"media_id":"210","title":{"english":"(Shikei wa Iyadakara na) [Kujira Logic, TOYBOX (Kujiran, Kurikara)] Gensou-kyou Chichi Zukan - Kurenai (Touhou Project)","japanese":"(\u6b7b\u5211\u306f\u3044\u3084\u3060\u304b\u3089\u306a) [\u304f\u3062\u3089\u308d\u3058\u3063\u304f, \u3068\u3044\u307c\u3063\u304f\u3059 (\u304f\u3062\u3089\u3093, \u304f\u308a\u304b\u3089)] \u5e7b\u60f3\u90f7\u4e73\u56f3\u9451 - \u7d05 (\u6771\u65b9Project)","pretty":"GensouKurenai"},"images":{"pages":[{"t":"j","w":701,"h":1000},{"t":"j","w":701,"h":1000},{"t":"j","w":701,"h":1000},{"t":"j","w":701,"h":1000},{"t":"j","w":701,"h":1000},{"t":"j","w":701,"h":1000},{"t":"j","w":701,"h":1000},{"t":"j","w":701,"h":1000},{"t":"j","w":701,"h":1000},{"t":"j","w":701,"h":1000},{"t":"j","w":701,"h":1000},{"t":"j","w":701,"h":1000},{"t":"j","w":696,"h":999},{"t":"j","w":696,"h":999},{"t":"j","w":696,"h":999},{"t":"j","w":696,"h":999},{"t":"j","w":696,"h":999},{"t":"j","w":696,"h":999},{"t":"j","w":696,"h":999},{"t":"j","w":696,"h":999},{"t":"j","w":696,"h":999},{"t":"j","w":696,"h":999},{"t":"j","w":701,"h":1000},{"t":"j","w":701,"h":1000},{"t":"j","w":701,"h":1000}],"cover":{"t":"j","w":350,"h":499},"thumbnail":{"t":"j","w":250,"h":356}},"scanlator":"","upload_date":1403964985,"tags":[{"id":190,"type":"tag","name":"maid","url":"/tag/maid/","count":10631},{"id":779,"type":"tag","name":"futanari","url":"/tag/futanari/","count":23336},{"id":2613,"type":"character","name":"hong meiling","url":"/character/hong-meiling/","count":485},{"id":2937,"type":"tag","name":"big breasts","url":"/tag/big-breasts/","count":104551},{"id":7954,"type":"group","name":"kujira logic","url":"/group/kujira-logic/","count":94},{"id":8105,"type":"group","name":"toybox","url":"/group/toybox/","count":114},{"id":9125,"type":"artist","name":"kurikara","url":"/artist/kurikara/","count":239},{"id":10496,"type":"character","name":"patchouli knowledge","url":"/character/patchouli-knowledge/","count":1299},{"id":17279,"type":"character","name":"sakuya izayoi","url":"/character/sakuya-izayoi/","count":1270},{"id":18024,"type":"parody","name":"touhou project","url":"/parody/touhou-project/","count":16279},{"id":19440,"type":"tag","name":"lolicon","url":"/tag/lolicon/","count":70096},{"id":20035,"type":"tag","name":"x-ray","url":"/tag/x-ray/","count":21189},{"id":20282,"type":"tag","name":"footjob","url":"/tag/footjob/","count":9366},{"id":20702,"type":"character","name":"koakuma","url":"/character/koakuma/","count":474},{"id":23902,"type":"character","name":"remilia scarlet","url":"/character/remilia-scarlet/","count":1008},{"id":25614,"type":"tag","name":"paizuri","url":"/tag/paizuri/","count":23124},{"id":30243,"type":"artist","name":"kujiran","url":"/artist/kujiran/","count":107},{"id":6346,"type":"language","name":"japanese","url":"/language/japanese/","count":193003},{"id":33172,"type":"category","name":"doujinshi","url":"/category/doujinshi/","count":231184}],"num_pages":25,"num_favorites":85}