{"id":"233","media_id":"216","title":{"english":"(C56) [...Mou Ii Desu (Jinmu Hirohito)] Monkore Neta De Mon Toiu Ateji o Tsukau you na Anisadake wa Iya (Rokumon Tengai Monkore Knight)","japanese":"(C56) [\u2026\u3082\u3046\u3044\u3044\u3067\u3059\u3002(\u795e\u6b66\u88d5\u4ec1)] \u30e2\u30f3\u30b3\u30ec\u30cd\u30bf\u3067\u60b6\u3068\u3044\u3046\u5f53\u3066\u5b57\u3092\u4f7f\u3046\u3088\u3046\u306a\u5b89\u6613\u3055\u3060\u3051\u306f\u30a4\u30e4\u3002 (\u516d\u9580\u5929\u5916\u30e2\u30f3\u30b3\u30ec\u30ca\u30a4\u30c8)","pretty":"Monkore Neta De Mon Toiu Ateji o Tsukau you na Anisadake wa Iya"},"images":{"pages":[{"t":"j","w":550,"h":783},{"t":"j","w":612,"h":900},{"t":"j","w":615,"h":900},{"t":"j","w":615,"h":900},{"t":"j","w":615,"h":900},{"t":"j","w":615,"h":900},{"t":"j","w":615,"h":900},{"t":"j","w":615,"h":900},{"t":"j","w":615,"h":900},{"t":"j","w":615,"h":900},{"t":"j","w":615,"h":900},{"t":"j","w":615,"h":900},{"t":"j","w":615,"h":900},{"t":"j","w":615,"h":900},{"t":"j","w":615,"h":900},{"t":"j","w":615,"h":900},{"t":"j","w":615,"h":900},{"t":"j","w":615,"h":900},{"t":"j","w":615,"h":900},{"t":"j","w":615,"h":900},{"t":"j","w":615,"h":900},{"t":"j","w":615,"h":900},{"t":"j","w":615,"h":900},{"t":"j","w":615,"h":900},{"t":"j","w":615,"h":900},{"t":"j","w":633,"h":900}],"cover":{"t":"j","w":350,"h":498},"thumbnail":{"t":"j","w":250,"h":356}},"scanlator":"","upload_date":1403964986,"tags":[{"id":948,"type":"character","name":"gluko","url":"/character/gluko/","count":20},{"id":1759,"type":"group","name":"... mou ii desu.","url":"/group/mou-ii-desu/","count":56},{"id":2937,"type":"tag","name":"big breasts","url":"/tag/big-breasts/","count":103273},{"id":4443,"type":"character","name":"batch","url":"/character/batch/","count":19},{"id":8010,"type":"tag","name":"group","url":"/tag/group/","count":72150},{"id":9453,"type":"character","name":"rockna hiiragi","url":"/character/rockna-hiiragi/","count":32},{"id":10381,"type":"parody","name":"mon colle knights","url":"/parody/mon-colle-knights/","count":40},{"id":12285,"type":"parody","name":"ranma 12","url":"/parody/ranma-12/","count":529},{"id":14283,"type":"tag","name":"anal","url":"/tag/anal/","count":64587},{"id":19440,"type":"tag","name":"lolicon","url":"/tag/lolicon/","count":69490},{"id":19954,"type":"tag","name":"yuri","url":"/tag/yuri/","count":20241},{"id":23895,"type":"tag","name":"yaoi","url":"/tag/yaoi/","count":28480},{"id":24430,"type":"artist","name":"jinmu hirohito","url":"/artist/jinmu-hirohito/","count":66},{"id":26261,"type":"character","name":"ranma saotome","url":"/character/ranma-saotome/","count":393},{"id":30035,"type":"tag","name":"gender bender","url":"/tag/gender-bender/","count":7497},{"id":32341,"type":"tag","name":"shotacon","url":"/tag/shotacon/","count":39737},{"id":33080,"type":"parody","name":"bikkuriman","url":"/parody/bikkuriman/","count":13},{"id":6346,"type":"language","name":"japanese","url":"/language/japanese/","count":191613},{"id":33172,"type":"category","name":"doujinshi","url":"/category/doujinshi/","count":228729}],"num_pages":26,"num_favorites":53}