{"id":234,"media_id":"225","title":{"english":"[Yasyokutei (Akazaki Yasuma)] Lulu Kare Donburi. (Code Geass: Lelouch of the Rebellion)","japanese":"[\u591c\u98df\u4ead (\u8d64\u5d0e\u3084\u3059\u307e)] \u30eb\u30eb\u30ab\u30ec\u30fc\u4e3c\u3002 (\u30b3\u30fc\u30c9\u30ae\u30a2\u30b9 \u53cd\u9006\u306e\u30eb\u30eb\u30fc\u30b7\u30e5)","pretty":"Lulu Kare Donburi."},"images":{"pages":[{"t":"j","w":1121,"h":1600},{"t":"j","w":1117,"h":1600},{"t":"j","w":1200,"h":859},{"t":"j","w":1117,"h":1600},{"t":"j","w":1112,"h":1600},{"t":"j","w":1112,"h":1600},{"t":"j","w":1112,"h":1600},{"t":"j","w":1112,"h":1600},{"t":"j","w":1112,"h":1600},{"t":"j","w":1112,"h":1600},{"t":"j","w":1112,"h":1600},{"t":"j","w":1112,"h":1600},{"t":"j","w":1112,"h":1600},{"t":"j","w":1112,"h":1600},{"t":"j","w":1112,"h":1600},{"t":"j","w":1112,"h":1600},{"t":"j","w":1112,"h":1600},{"t":"j","w":1112,"h":1600},{"t":"j","w":1112,"h":1600},{"t":"j","w":1112,"h":1600},{"t":"j","w":1121,"h":1600}],"cover":{"t":"j","w":350,"h":500},"thumbnail":{"t":"j","w":250,"h":357}},"scanlator":"","upload_date":1403964987,"tags":[{"id":259,"type":"artist","name":"akazaki yasuma","url":"/artist/akazaki-yasuma/","count":29},{"id":2937,"type":"tag","name":"big breasts","url":"/tag/big-breasts/","count":103273},{"id":7451,"type":"character","name":"lelouch vi britannia","url":"/character/lelouch-vi-britannia/","count":429},{"id":19080,"type":"parody","name":"code geass","url":"/parody/code-geass/","count":1008},{"id":21468,"type":"group","name":"yasyokutei","url":"/group/yasyokutei/","count":29},{"id":24201,"type":"tag","name":"stockings","url":"/tag/stockings/","count":64784},{"id":25614,"type":"tag","name":"paizuri","url":"/tag/paizuri/","count":22785},{"id":29190,"type":"character","name":"kallen stadtfeld","url":"/character/kallen-stadtfeld/","count":407},{"id":6346,"type":"language","name":"japanese","url":"/language/japanese/","count":191613},{"id":33172,"type":"category","name":"doujinshi","url":"/category/doujinshi/","count":228729},{"id":10314,"type":"tag","name":"schoolgirl uniform","url":"/tag/schoolgirl-uniform/","count":56168}],"num_pages":21,"num_favorites":133}