{"id":235,"media_id":"229","title":{"english":"(C67) [SEITOKAISHITSU (Akimoto Dai)] Piece the Heart! (Fate/Stay Night)","japanese":"(C67) [\u751f\u5f92\u4f1a\u5ba4 (\u3042\u304d\u3082\u3068\u5927)] Piece the Heart! (Fate/stay night)","pretty":"Piece the Heart!"},"images":{"pages":[{"t":"j","w":994,"h":1400},{"t":"j","w":982,"h":1400},{"t":"j","w":978,"h":1400},{"t":"j","w":980,"h":1400},{"t":"j","w":982,"h":1400},{"t":"j","w":982,"h":1400},{"t":"j","w":982,"h":1400},{"t":"j","w":983,"h":1400},{"t":"j","w":983,"h":1400},{"t":"j","w":985,"h":1400},{"t":"j","w":985,"h":1400},{"t":"j","w":985,"h":1400},{"t":"j","w":986,"h":1400},{"t":"j","w":984,"h":1400},{"t":"j","w":984,"h":1400},{"t":"j","w":984,"h":1400},{"t":"j","w":982,"h":1400},{"t":"j","w":983,"h":1400},{"t":"j","w":984,"h":1400},{"t":"j","w":983,"h":1400},{"t":"j","w":984,"h":1400},{"t":"j","w":982,"h":1400},{"t":"j","w":978,"h":1400},{"t":"j","w":981,"h":1400},{"t":"j","w":981,"h":1400},{"t":"j","w":981,"h":1400},{"t":"j","w":981,"h":1400},{"t":"j","w":978,"h":1400},{"t":"j","w":977,"h":1400},{"t":"j","w":989,"h":1400}],"cover":{"t":"j","w":350,"h":493},"thumbnail":{"t":"j","w":250,"h":352}},"scanlator":"","upload_date":1403964987,"tags":[{"id":190,"type":"tag","name":"maid","url":"/tag/maid/","count":10631},{"id":10222,"type":"parody","name":"fate stay night","url":"/parody/fate-stay-night/","count":1681},{"id":12103,"type":"artist","name":"akimoto dai","url":"/artist/akimoto-dai/","count":67},{"id":16555,"type":"character","name":"rin tosaka","url":"/character/rin-tosaka/","count":810},{"id":18896,"type":"character","name":"shirou emiya","url":"/character/shirou-emiya/","count":735},{"id":22795,"type":"group","name":"seitokaishitsu","url":"/group/seitokaishitsu/","count":63},{"id":24201,"type":"tag","name":"stockings","url":"/tag/stockings/","count":64784},{"id":29859,"type":"tag","name":"blowjob","url":"/tag/blowjob/","count":37321},{"id":6346,"type":"language","name":"japanese","url":"/language/japanese/","count":191613},{"id":33172,"type":"category","name":"doujinshi","url":"/category/doujinshi/","count":228729},{"id":11941,"type":"tag","name":"replaced","url":"/tag/replaced/","count":3725}],"num_pages":30,"num_favorites":50}