{"id":236,"media_id":"238","title":{"english":"(C61) [73feti (Hinoe Nami)] Very Very Pretty Good Face Love Boy (NARUTO)","japanese":"(C61) [73\u30d5\u30a7\u30c1 (\u30d2\u30ce\u30a8\u30ca\u30df)] \u30d9\u30ea\u30d9\u30ea\u30d7\u30ea\u30c6\u30a3\u30b0\u30c3\u30c8\u30d5\u30a7\u30a4\u30b9\u30e9\u30d6\u30dc\u30a6\u30a4 (NARUTO -\u30ca\u30eb\u30c8-)","pretty":"Very Very Pretty Good Face Love Boy"},"images":{"pages":[{"t":"j","w":702,"h":964},{"t":"j","w":680,"h":962},{"t":"j","w":670,"h":962},{"t":"j","w":668,"h":964},{"t":"j","w":668,"h":964},{"t":"j","w":672,"h":962},{"t":"j","w":670,"h":960},{"t":"j","w":670,"h":964},{"t":"j","w":670,"h":962},{"t":"j","w":664,"h":967},{"t":"j","w":660,"h":960},{"t":"j","w":655,"h":968},{"t":"j","w":648,"h":956},{"t":"j","w":655,"h":964},{"t":"j","w":655,"h":958},{"t":"j","w":668,"h":960},{"t":"j","w":661,"h":960},{"t":"j","w":666,"h":960},{"t":"j","w":660,"h":962},{"t":"j","w":666,"h":962},{"t":"j","w":664,"h":960},{"t":"j","w":664,"h":960},{"t":"j","w":664,"h":958},{"t":"j","w":672,"h":960},{"t":"j","w":661,"h":956},{"t":"j","w":668,"h":954},{"t":"j","w":670,"h":960},{"t":"j","w":670,"h":962},{"t":"j","w":676,"h":960},{"t":"j","w":674,"h":962}],"cover":{"t":"j","w":350,"h":481},"thumbnail":{"t":"j","w":250,"h":343}},"scanlator":"","upload_date":1403964988,"tags":[{"id":345,"type":"group","name":"73feti","url":"/group/73feti/","count":14},{"id":9639,"type":"artist","name":"hinoe nami","url":"/artist/hinoe-nami/","count":15},{"id":11920,"type":"character","name":"sakura haruno","url":"/character/sakura-haruno/","count":482},{"id":13159,"type":"parody","name":"naruto","url":"/parody/naruto/","count":1288},{"id":15914,"type":"character","name":"sasuke uchiha","url":"/character/sasuke-uchiha/","count":290},{"id":19440,"type":"tag","name":"lolicon","url":"/tag/lolicon/","count":69490},{"id":20035,"type":"tag","name":"x-ray","url":"/tag/x-ray/","count":20947},{"id":32341,"type":"tag","name":"shotacon","url":"/tag/shotacon/","count":39737},{"id":6346,"type":"language","name":"japanese","url":"/language/japanese/","count":191613},{"id":33172,"type":"category","name":"doujinshi","url":"/category/doujinshi/","count":228729},{"id":29859,"type":"tag","name":"blowjob","url":"/tag/blowjob/","count":37321}],"num_pages":30,"num_favorites":76}