{"id":237,"media_id":"239","title":{"english":"(C67) [73feti (Hinoe Nami)] Caramel Dog (Naruto)","japanese":"(C67) [73\u30d5\u30a7\u30c1 (\u30d2\u30ce\u30a8\u30ca\u30df)] \u30ad\u30e3\u30e9\u30e1\u30eb\u30fb\u30c9\u30c3\u30af (NARUTO -\u30ca\u30eb\u30c8-)","pretty":"Caramel Dog"},"images":{"pages":[{"t":"j","w":689,"h":956},{"t":"j","w":672,"h":958},{"t":"j","w":676,"h":956},{"t":"j","w":674,"h":958},{"t":"j","w":666,"h":958},{"t":"j","w":668,"h":956},{"t":"j","w":666,"h":958},{"t":"j","w":668,"h":956},{"t":"j","w":661,"h":956},{"t":"j","w":664,"h":945},{"t":"j","w":666,"h":952},{"t":"j","w":664,"h":954},{"t":"j","w":661,"h":956},{"t":"j","w":660,"h":956},{"t":"j","w":661,"h":956},{"t":"j","w":660,"h":954},{"t":"j","w":657,"h":956},{"t":"j","w":660,"h":956},{"t":"j","w":653,"h":956},{"t":"j","w":647,"h":956},{"t":"j","w":651,"h":956},{"t":"j","w":651,"h":956},{"t":"j","w":638,"h":954},{"t":"j","w":640,"h":952},{"t":"j","w":651,"h":954},{"t":"j","w":648,"h":952},{"t":"j","w":648,"h":956},{"t":"j","w":651,"h":956},{"t":"j","w":655,"h":956},{"t":"j","w":647,"h":954},{"t":"j","w":651,"h":954},{"t":"j","w":657,"h":956},{"t":"j","w":664,"h":956},{"t":"j","w":680,"h":956}],"cover":{"t":"j","w":350,"h":486},"thumbnail":{"t":"j","w":250,"h":347}},"scanlator":"","upload_date":1403964989,"tags":[{"id":345,"type":"group","name":"73feti","url":"/group/73feti/","count":14},{"id":9639,"type":"artist","name":"hinoe nami","url":"/artist/hinoe-nami/","count":15},{"id":13159,"type":"parody","name":"naruto","url":"/parody/naruto/","count":1288},{"id":19440,"type":"tag","name":"lolicon","url":"/tag/lolicon/","count":70096},{"id":25439,"type":"character","name":"hinata hyuga","url":"/character/hinata-hyuga/","count":441},{"id":28753,"type":"character","name":"kiba inuzuka","url":"/character/kiba-inuzuka/","count":6},{"id":6346,"type":"language","name":"japanese","url":"/language/japanese/","count":193003},{"id":33172,"type":"category","name":"doujinshi","url":"/category/doujinshi/","count":231184}],"num_pages":34,"num_favorites":33}