{"id":238,"media_id":"240","title":{"english":"(C59) [Kanzen Hanzai (Izanagi Akihito, Yukawa Asami)] Kure no Ai (Naruto)","japanese":"(C59) [\u5b8c\u5168\u72af\u7f6a (\u8a98\u7957\u30a2\u30ad\u30d2\u30c8\u3001\u7531\u6cb3\u671d\u5df3)] \u5449\u306e\u85cd (\u30ca\u30eb\u30c8)","pretty":"Kure no Ai"},"images":{"pages":[{"t":"j","w":782,"h":1122},{"t":"j","w":784,"h":1129},{"t":"j","w":784,"h":1129},{"t":"j","w":784,"h":1129},{"t":"j","w":784,"h":1129},{"t":"j","w":784,"h":1129},{"t":"j","w":784,"h":1129},{"t":"j","w":784,"h":1129},{"t":"j","w":784,"h":1129},{"t":"j","w":784,"h":1129},{"t":"j","w":784,"h":1129},{"t":"j","w":784,"h":1129},{"t":"j","w":784,"h":1129},{"t":"j","w":784,"h":1129},{"t":"j","w":784,"h":1129},{"t":"j","w":784,"h":1129},{"t":"j","w":784,"h":1129},{"t":"j","w":784,"h":1129},{"t":"j","w":784,"h":1129},{"t":"j","w":784,"h":1129},{"t":"j","w":784,"h":1129},{"t":"j","w":784,"h":1129},{"t":"j","w":784,"h":1129},{"t":"j","w":784,"h":1129},{"t":"j","w":784,"h":1129},{"t":"j","w":784,"h":1129},{"t":"j","w":784,"h":1129},{"t":"j","w":784,"h":1129},{"t":"j","w":784,"h":1129},{"t":"j","w":784,"h":1129},{"t":"j","w":784,"h":1129},{"t":"j","w":784,"h":1129},{"t":"j","w":784,"h":1129},{"t":"j","w":784,"h":1129},{"t":"j","w":784,"h":1129},{"t":"j","w":784,"h":1129},{"t":"j","w":784,"h":1122}],"cover":{"t":"j","w":350,"h":502},"thumbnail":{"t":"j","w":250,"h":359}},"scanlator":"","upload_date":1403964990,"tags":[{"id":2937,"type":"tag","name":"big breasts","url":"/tag/big-breasts/","count":103273},{"id":3304,"type":"character","name":"kurenai yuhi","url":"/character/kurenai-yuhi/","count":34},{"id":4925,"type":"artist","name":"yukawa asami","url":"/artist/yukawa-asami/","count":42},{"id":13159,"type":"parody","name":"naruto","url":"/parody/naruto/","count":1288},{"id":28153,"type":"group","name":"kanzen hanzai","url":"/group/kanzen-hanzai/","count":1},{"id":32425,"type":"artist","name":"izanagi akihito","url":"/artist/izanagi-akihito/","count":1},{"id":6346,"type":"language","name":"japanese","url":"/language/japanese/","count":191613},{"id":33172,"type":"category","name":"doujinshi","url":"/category/doujinshi/","count":228729},{"id":25046,"type":"character","name":"kakashi hatake","url":"/character/kakashi-hatake/","count":72},{"id":29859,"type":"tag","name":"blowjob","url":"/tag/blowjob/","count":37321}],"num_pages":37,"num_favorites":46}