{"id":239,"media_id":"241","title":{"english":"[Akutagawa Yoshizumi] Caramel Color (Naruto)","japanese":"[\u82a5\u5ddd\u7fa9\u6f84] CARAMEL COLOR (\u30ca\u30eb\u30c8)","pretty":"Caramel Color"},"images":{"pages":[{"t":"j","w":707,"h":1020},{"t":"j","w":688,"h":1017},{"t":"j","w":693,"h":1020},{"t":"j","w":693,"h":1020},{"t":"j","w":693,"h":1020},{"t":"j","w":693,"h":1020},{"t":"j","w":693,"h":1020},{"t":"j","w":693,"h":1020},{"t":"j","w":693,"h":1020},{"t":"j","w":693,"h":1020},{"t":"j","w":693,"h":1020},{"t":"j","w":693,"h":1020},{"t":"j","w":693,"h":1020},{"t":"j","w":693,"h":1020},{"t":"j","w":693,"h":1020},{"t":"j","w":693,"h":1020},{"t":"j","w":693,"h":1020},{"t":"j","w":693,"h":1020},{"t":"j","w":693,"h":1020},{"t":"j","w":693,"h":1020},{"t":"j","w":693,"h":1020},{"t":"j","w":693,"h":1020},{"t":"j","w":693,"h":1020},{"t":"j","w":693,"h":1020},{"t":"j","w":693,"h":1020},{"t":"j","w":693,"h":1020},{"t":"j","w":693,"h":1020},{"t":"j","w":693,"h":1020},{"t":"j","w":693,"h":1020},{"t":"j","w":693,"h":1020},{"t":"j","w":693,"h":1020},{"t":"j","w":693,"h":1020},{"t":"j","w":693,"h":1020},{"t":"j","w":707,"h":1020}],"cover":{"t":"j","w":350,"h":505},"thumbnail":{"t":"j","w":250,"h":361}},"scanlator":"","upload_date":1403964991,"tags":[{"id":11920,"type":"character","name":"sakura haruno","url":"/character/sakura-haruno/","count":482},{"id":13159,"type":"parody","name":"naruto","url":"/parody/naruto/","count":1288},{"id":19440,"type":"tag","name":"lolicon","url":"/tag/lolicon/","count":69490},{"id":31406,"type":"artist","name":"akutagawa yoshizumi","url":"/artist/akutagawa-yoshizumi/","count":18},{"id":32341,"type":"tag","name":"shotacon","url":"/tag/shotacon/","count":39737},{"id":6346,"type":"language","name":"japanese","url":"/language/japanese/","count":191613},{"id":33172,"type":"category","name":"doujinshi","url":"/category/doujinshi/","count":228729},{"id":13720,"type":"tag","name":"nakadashi","url":"/tag/nakadashi/","count":42357}],"num_pages":34,"num_favorites":30}