{"id":240,"media_id":"242","title":{"english":"[Ringokan (Akutagawa Yoshimizu)] Milk Machine (Naruto, Tenchu)","japanese":"[\u6797\u6a8e\u9928 (\u82a5\u5ddd\u7fa9\u6f84)] MILK MACHINE (\u30ca\u30eb\u30c8, \u5929\u8a85)","pretty":"Milk Machine"},"images":{"pages":[{"t":"j","w":779,"h":1126},{"t":"j","w":779,"h":1134},{"t":"j","w":779,"h":1134},{"t":"j","w":779,"h":1134},{"t":"j","w":779,"h":1134},{"t":"j","w":779,"h":1134},{"t":"j","w":779,"h":1134},{"t":"j","w":779,"h":1134},{"t":"j","w":779,"h":1134},{"t":"j","w":779,"h":1134},{"t":"j","w":779,"h":1134},{"t":"j","w":779,"h":1134},{"t":"j","w":779,"h":1134},{"t":"j","w":779,"h":1134},{"t":"j","w":779,"h":1134},{"t":"j","w":779,"h":1134},{"t":"j","w":779,"h":1134},{"t":"j","w":779,"h":1134},{"t":"j","w":779,"h":1134},{"t":"j","w":779,"h":1134},{"t":"j","w":779,"h":1134},{"t":"j","w":779,"h":1134},{"t":"j","w":779,"h":1134},{"t":"j","w":779,"h":1134},{"t":"j","w":779,"h":1134},{"t":"j","w":779,"h":1134},{"t":"j","w":779,"h":1134},{"t":"j","w":779,"h":1134},{"t":"j","w":779,"h":1134},{"t":"j","w":779,"h":1134},{"t":"j","w":779,"h":1134},{"t":"j","w":779,"h":1134},{"t":"j","w":779,"h":1134},{"t":"j","w":779,"h":1134},{"t":"j","w":779,"h":1134},{"t":"j","w":779,"h":1134},{"t":"j","w":779,"h":1111}],"cover":{"t":"j","w":350,"h":506},"thumbnail":{"t":"j","w":250,"h":361}},"scanlator":"","upload_date":1403964992,"tags":[{"id":8762,"type":"parody","name":"tenchu","url":"/parody/tenchu/","count":8},{"id":11920,"type":"character","name":"sakura haruno","url":"/character/sakura-haruno/","count":482},{"id":13159,"type":"parody","name":"naruto","url":"/parody/naruto/","count":1288},{"id":19440,"type":"tag","name":"lolicon","url":"/tag/lolicon/","count":69490},{"id":20035,"type":"tag","name":"x-ray","url":"/tag/x-ray/","count":20947},{"id":31406,"type":"artist","name":"akutagawa yoshizumi","url":"/artist/akutagawa-yoshizumi/","count":18},{"id":6346,"type":"language","name":"japanese","url":"/language/japanese/","count":191613},{"id":33172,"type":"category","name":"doujinshi","url":"/category/doujinshi/","count":228729}],"num_pages":37,"num_favorites":20}