{"id":33,"media_id":"892","title":{"english":"[Anthology] Kazoku Koukan!","japanese":"[\u30a2\u30f3\u30bd\u30ed\u30b8\u30fc] \u5bb6\u65cf\u4ea4\u59e6\uff01","pretty":"Kazoku Koukan!"},"images":{"pages":[{"t":"j","w":1200,"h":949},{"t":"j","w":1100,"h":1401},{"t":"j","w":976,"h":1400},{"t":"j","w":976,"h":1400},{"t":"j","w":976,"h":1400},{"t":"j","w":976,"h":1400},{"t":"j","w":976,"h":1400},{"t":"j","w":976,"h":1400},{"t":"j","w":976,"h":1400},{"t":"j","w":976,"h":1400},{"t":"j","w":976,"h":1400},{"t":"j","w":976,"h":1400},{"t":"j","w":976,"h":1400},{"t":"j","w":976,"h":1400},{"t":"j","w":978,"h":1400},{"t":"j","w":978,"h":1400},{"t":"j","w":978,"h":1400},{"t":"j","w":978,"h":1400},{"t":"j","w":978,"h":1400},{"t":"j","w":978,"h":1400},{"t":"j","w":978,"h":1400},{"t":"j","w":978,"h":1400},{"t":"j","w":978,"h":1400},{"t":"j","w":978,"h":1400},{"t":"j","w":978,"h":1400},{"t":"j","w":978,"h":1400},{"t":"j","w":978,"h":1400},{"t":"j","w":978,"h":1400},{"t":"j","w":978,"h":1400},{"t":"j","w":978,"h":1400},{"t":"j","w":978,"h":1400},{"t":"j","w":978,"h":1400},{"t":"j","w":978,"h":1400},{"t":"j","w":978,"h":1400},{"t":"j","w":978,"h":1400},{"t":"j","w":978,"h":1400},{"t":"j","w":978,"h":1400},{"t":"j","w":978,"h":1400},{"t":"j","w":976,"h":1400},{"t":"j","w":976,"h":1400},{"t":"j","w":976,"h":1400},{"t":"j","w":976,"h":1400},{"t":"j","w":976,"h":1400},{"t":"j","w":976,"h":1400},{"t":"j","w":976,"h":1400},{"t":"j","w":976,"h":1400},{"t":"j","w":976,"h":1400},{"t":"j","w":976,"h":1400},{"t":"j","w":976,"h":1400},{"t":"j","w":974,"h":1400},{"t":"j","w":976,"h":1400},{"t":"j","w":976,"h":1400},{"t":"j","w":976,"h":1400},{"t":"j","w":976,"h":1400},{"t":"j","w":976,"h":1400},{"t":"j","w":976,"h":1400},{"t":"j","w":976,"h":1400},{"t":"j","w":976,"h":1400},{"t":"j","w":976,"h":1400},{"t":"j","w":976,"h":1400},{"t":"j","w":976,"h":1400},{"t":"j","w":976,"h":1400},{"t":"j","w":976,"h":1400},{"t":"j","w":976,"h":1400},{"t":"j","w":976,"h":1400},{"t":"j","w":976,"h":1400},{"t":"j","w":978,"h":1400},{"t":"j","w":978,"h":1400},{"t":"j","w":978,"h":1400},{"t":"j","w":978,"h":1400},{"t":"j","w":978,"h":1400},{"t":"j","w":978,"h":1400},{"t":"j","w":978,"h":1400},{"t":"j","w":978,"h":1400},{"t":"j","w":978,"h":1400},{"t":"j","w":978,"h":1400},{"t":"j","w":978,"h":1400},{"t":"j","w":978,"h":1405},{"t":"j","w":978,"h":1400},{"t":"j","w":978,"h":1400},{"t":"j","w":978,"h":1400},{"t":"j","w":978,"h":1400},{"t":"j","w":978,"h":1400},{"t":"j","w":978,"h":1400},{"t":"j","w":978,"h":1400},{"t":"j","w":978,"h":1400},{"t":"j","w":976,"h":1400},{"t":"j","w":976,"h":1400},{"t":"j","w":976,"h":1400},{"t":"j","w":976,"h":1400},{"t":"j","w":976,"h":1400},{"t":"j","w":976,"h":1400},{"t":"j","w":976,"h":1400},{"t":"j","w":976,"h":1400},{"t":"j","w":976,"h":1400},{"t":"j","w":976,"h":1400},{"t":"j","w":976,"h":1400},{"t":"j","w":976,"h":1400},{"t":"j","w":976,"h":1400},{"t":"j","w":976,"h":1400},{"t":"j","w":976,"h":1400},{"t":"j","w":976,"h":1400},{"t":"j","w":978,"h":1400},{"t":"j","w":978,"h":1400},{"t":"j","w":978,"h":1400},{"t":"j","w":978,"h":1400},{"t":"j","w":978,"h":1400},{"t":"j","w":978,"h":1400},{"t":"j","w":978,"h":1400},{"t":"j","w":978,"h":1400},{"t":"j","w":978,"h":1400},{"t":"j","w":978,"h":1400},{"t":"j","w":978,"h":1400},{"t":"j","w":978,"h":1400},{"t":"j","w":978,"h":1400},{"t":"j","w":978,"h":1400},{"t":"j","w":978,"h":1400},{"t":"j","w":978,"h":1400},{"t":"j","w":976,"h":1400},{"t":"j","w":976,"h":1400},{"t":"j","w":976,"h":1400},{"t":"j","w":976,"h":1400},{"t":"j","w":976,"h":1400},{"t":"j","w":976,"h":1400},{"t":"j","w":976,"h":1400},{"t":"j","w":976,"h":1400},{"t":"j","w":976,"h":1400},{"t":"j","w":976,"h":1400},{"t":"j","w":976,"h":1400},{"t":"j","w":976,"h":1400},{"t":"j","w":976,"h":1400},{"t":"j","w":976,"h":1400},{"t":"j","w":976,"h":1400},{"t":"j","w":976,"h":1400},{"t":"j","w":976,"h":1400},{"t":"j","w":976,"h":1400},{"t":"j","w":976,"h":1400},{"t":"j","w":976,"h":1400},{"t":"j","w":976,"h":1400},{"t":"j","w":976,"h":1400},{"t":"j","w":976,"h":1400},{"t":"j","w":976,"h":1400},{"t":"j","w":976,"h":1400},{"t":"j","w":976,"h":1400},{"t":"j","w":976,"h":1400},{"t":"j","w":976,"h":1400},{"t":"j","w":976,"h":1400},{"t":"j","w":976,"h":1400},{"t":"j","w":976,"h":1400},{"t":"j","w":976,"h":1400},{"t":"j","w":978,"h":1400},{"t":"j","w":978,"h":1400},{"t":"j","w":978,"h":1400},{"t":"j","w":978,"h":1400},{"t":"j","w":978,"h":1400},{"t":"j","w":978,"h":1400},{"t":"j","w":978,"h":1400},{"t":"j","w":978,"h":1400},{"t":"j","w":978,"h":1400},{"t":"j","w":978,"h":1400},{"t":"j","w":978,"h":1400},{"t":"j","w":978,"h":1400},{"t":"j","w":978,"h":1400},{"t":"j","w":978,"h":1400},{"t":"j","w":978,"h":1400},{"t":"j","w":978,"h":1400},{"t":"j","w":978,"h":1400},{"t":"j","w":978,"h":1400},{"t":"j","w":978,"h":1400},{"t":"j","w":978,"h":1400},{"t":"j","w":976,"h":1400},{"t":"j","w":976,"h":1400},{"t":"j","w":976,"h":1400},{"t":"j","w":976,"h":1400},{"t":"j","w":976,"h":1400},{"t":"j","w":976,"h":1400},{"t":"j","w":976,"h":1400},{"t":"j","w":976,"h":1400},{"t":"j","w":1095,"h":1400},{"t":"j","w":1200,"h":949}],"cover":{"t":"j","w":350,"h":277},"thumbnail":{"t":"j","w":250,"h":198}},"scanlator":"","upload_date":1403964750,"tags":[{"id":1586,"type":"artist","name":"okawari","url":"/artist/okawari/","count":214},{"id":1896,"type":"artist","name":"kirara moe","url":"/artist/kirara-moe/","count":144},{"id":2937,"type":"tag","name":"big breasts","url":"/tag/big-breasts/","count":103273},{"id":6343,"type":"tag","name":"pregnant","url":"/tag/pregnant/","count":9150},{"id":7368,"type":"artist","name":"kageno illyss","url":"/artist/kageno-illyss/","count":94},{"id":8010,"type":"tag","name":"group","url":"/tag/group/","count":72150},{"id":8378,"type":"tag","name":"glasses","url":"/tag/glasses/","count":48279},{"id":8496,"type":"artist","name":"taira hajime","url":"/artist/taira-hajime/","count":312},{"id":10988,"type":"tag","name":"anthology","url":"/tag/anthology/","count":10365},{"id":11659,"type":"artist","name":"aura seiji","url":"/artist/aura-seiji/","count":91},{"id":11938,"type":"artist","name":"takamatsu makoto","url":"/artist/takamatsu-makoto/","count":32},{"id":14283,"type":"tag","name":"anal","url":"/tag/anal/","count":64587},{"id":15658,"type":"tag","name":"bondage","url":"/tag/bondage/","count":34540},{"id":15853,"type":"tag","name":"mother","url":"/tag/mother/","count":7877},{"id":16292,"type":"artist","name":"oonami youko","url":"/artist/oonami-youko/","count":71},{"id":18971,"type":"artist","name":"hino toshiyuki","url":"/artist/hino-toshiyuki/","count":153},{"id":19863,"type":"artist","name":"ryuuki yumi","url":"/artist/ryuuki-yumi/","count":172},{"id":20758,"type":"artist","name":"keno yantarou","url":"/artist/keno-yantarou/","count":50},{"id":21481,"type":"artist","name":"sada ko-ji","url":"/artist/sada-ko-ji/","count":115},{"id":22942,"type":"tag","name":"incest","url":"/tag/incest/","count":28107},{"id":24102,"type":"tag","name":"lactation","url":"/tag/lactation/","count":11870},{"id":25614,"type":"tag","name":"paizuri","url":"/tag/paizuri/","count":22785},{"id":26898,"type":"tag","name":"age progression","url":"/tag/age-progression/","count":794},{"id":27553,"type":"tag","name":"rape","url":"/tag/rape/","count":34191},{"id":28031,"type":"tag","name":"sister","url":"/tag/sister/","count":14429},{"id":29399,"type":"tag","name":"daughter","url":"/tag/daughter/","count":2824},{"id":6346,"type":"language","name":"japanese","url":"/language/japanese/","count":191613},{"id":33173,"type":"category","name":"manga","url":"/category/manga/","count":77142},{"id":10314,"type":"tag","name":"schoolgirl uniform","url":"/tag/schoolgirl-uniform/","count":56168},{"id":15348,"type":"tag","name":"ffm threesome","url":"/tag/ffm-threesome/","count":17957},{"id":50505,"type":"tag","name":"oyakodon","url":"/tag/oyakodon/","count":1166},{"id":14971,"type":"tag","name":"sex toys","url":"/tag/sex-toys/","count":20823},{"id":24989,"type":"artist","name":"kouno yukiyo","url":"/artist/kouno-yukiyo/","count":67},{"id":3203,"type":"artist","name":"kamisato takeharu","url":"/artist/kamisato-takeharu/","count":13}],"num_pages":180,"num_favorites":300}