{"id":35,"media_id":"809","title":{"english":"(COMIC1) [Studio Wallaby (Kura Oh)] Ayanami Kuro (Neon Genesis Evangelion)","japanese":"(COMIC1) [\u30b9\u30bf\u30b8\u30aa\u30fb\u30ef\u30e9\u30d3\u30fc (\u8535\u738b)] \u7dbe\u6ce2\u30fb\u9ed2 (\u65b0\u4e16\u7d00\u30a8\u30f4\u30a1\u30f3\u30b2\u30ea\u30aa\u30f3)","pretty":"Ayanami Kuro"},"images":{"pages":[{"t":"j","w":1050,"h":1500},{"t":"j","w":1050,"h":1500},{"t":"j","w":1050,"h":1500},{"t":"j","w":1050,"h":1500},{"t":"j","w":1050,"h":1500},{"t":"j","w":1050,"h":1500},{"t":"j","w":1050,"h":1500},{"t":"j","w":1050,"h":1500},{"t":"j","w":1050,"h":1500},{"t":"j","w":1050,"h":1500},{"t":"j","w":1050,"h":1500},{"t":"j","w":1050,"h":1500},{"t":"j","w":1050,"h":1500},{"t":"j","w":1050,"h":1500},{"t":"j","w":1050,"h":1500},{"t":"j","w":1050,"h":1500},{"t":"j","w":1050,"h":1500},{"t":"j","w":1050,"h":1500},{"t":"j","w":1050,"h":1500},{"t":"j","w":1050,"h":1500},{"t":"j","w":1050,"h":1500},{"t":"j","w":1050,"h":1500},{"t":"j","w":1050,"h":1500},{"t":"j","w":1050,"h":1500},{"t":"j","w":1050,"h":1500},{"t":"j","w":1050,"h":1500},{"t":"j","w":1050,"h":1500},{"t":"j","w":1050,"h":1500},{"t":"j","w":1050,"h":1500},{"t":"j","w":1050,"h":1500},{"t":"j","w":1050,"h":1500},{"t":"j","w":1050,"h":1500},{"t":"j","w":1050,"h":1500},{"t":"j","w":1050,"h":1500}],"cover":{"t":"j","w":350,"h":500},"thumbnail":{"t":"j","w":250,"h":357}},"scanlator":"","upload_date":1403964751,"tags":[{"id":8010,"type":"tag","name":"group","url":"/tag/group/","count":72839},{"id":15438,"type":"group","name":"studio wallaby","url":"/group/studio-wallaby/","count":471},{"id":17137,"type":"parody","name":"neon genesis evangelion","url":"/parody/neon-genesis-evangelion/","count":2492},{"id":21779,"type":"character","name":"rei ayanami","url":"/character/rei-ayanami/","count":1196},{"id":22945,"type":"tag","name":"double penetration","url":"/tag/double-penetration/","count":24673},{"id":22958,"type":"artist","name":"kura oh","url":"/artist/kura-oh/","count":75},{"id":27553,"type":"tag","name":"rape","url":"/tag/rape/","count":34545},{"id":29565,"type":"tag","name":"school swimsuit","url":"/tag/school-swimsuit/","count":3954},{"id":6346,"type":"language","name":"japanese","url":"/language/japanese/","count":193003},{"id":33172,"type":"category","name":"doujinshi","url":"/category/doujinshi/","count":231184},{"id":10314,"type":"tag","name":"schoolgirl uniform","url":"/tag/schoolgirl-uniform/","count":56614},{"id":13720,"type":"tag","name":"nakadashi","url":"/tag/nakadashi/","count":43099},{"id":35762,"type":"tag","name":"sole female","url":"/tag/sole-female/","count":67502},{"id":20035,"type":"tag","name":"x-ray","url":"/tag/x-ray/","count":21189}],"num_pages":34,"num_favorites":111}