{"id":37,"media_id":"811","title":{"english":"[Urawa Anime Festa (Minazuki Ayu)] Ayanami Zero Shiki (Neon Genesis Evangelion)","japanese":"[\u6d66\u548c\u30a2\u30cb\u30e1\u30d5\u30a7\u30b9\u30bf ( \u6c34\u7121\u6708\u3042\u3086)] \u7dbe\u6ce2\u96f6\u5f0f Ayanami Zero Spec (\u65b0\u4e16\u7d00\u30a8\u30f4\u30a1\u30f3\u30b2\u30ea\u30aa\u30f3)","pretty":"Ayanami Zero Shiki"},"images":{"pages":[{"t":"j","w":1200,"h":1721},{"t":"j","w":1037,"h":1505},{"t":"j","w":1037,"h":1505},{"t":"j","w":1037,"h":1505},{"t":"j","w":1037,"h":1505},{"t":"j","w":1037,"h":1505},{"t":"j","w":1037,"h":1505},{"t":"j","w":1037,"h":1505},{"t":"j","w":1060,"h":1509},{"t":"j","w":1060,"h":1509},{"t":"j","w":1060,"h":1509},{"t":"j","w":1060,"h":1509},{"t":"j","w":1060,"h":1509},{"t":"j","w":1060,"h":1509},{"t":"j","w":1060,"h":1509},{"t":"j","w":1060,"h":1509},{"t":"j","w":1060,"h":1509},{"t":"j","w":1060,"h":1509},{"t":"j","w":1060,"h":1509},{"t":"j","w":1060,"h":1509},{"t":"j","w":1060,"h":1509},{"t":"j","w":1060,"h":1509},{"t":"j","w":1060,"h":1509},{"t":"j","w":1060,"h":1509},{"t":"j","w":1060,"h":1509},{"t":"j","w":1060,"h":1509},{"t":"j","w":1060,"h":1509},{"t":"j","w":1060,"h":1509},{"t":"j","w":1060,"h":1509},{"t":"j","w":1060,"h":1509},{"t":"j","w":1060,"h":1509},{"t":"j","w":1060,"h":1509},{"t":"j","w":1060,"h":1509},{"t":"j","w":1060,"h":1509},{"t":"j","w":1060,"h":1509},{"t":"j","w":1060,"h":1509},{"t":"j","w":1060,"h":1509},{"t":"j","w":1060,"h":1509},{"t":"j","w":1058,"h":1509},{"t":"j","w":1060,"h":1509},{"t":"j","w":1058,"h":1509},{"t":"j","w":1060,"h":1509},{"t":"j","w":1060,"h":1509},{"t":"j","w":1060,"h":1509},{"t":"j","w":1060,"h":1509},{"t":"j","w":1060,"h":1509},{"t":"j","w":1060,"h":1509},{"t":"j","w":1060,"h":1509},{"t":"j","w":1060,"h":1509},{"t":"j","w":1060,"h":1509},{"t":"j","w":1060,"h":1509},{"t":"j","w":1060,"h":1509},{"t":"j","w":1060,"h":1509},{"t":"j","w":1060,"h":1509},{"t":"j","w":1060,"h":1509},{"t":"j","w":1060,"h":1509},{"t":"j","w":1060,"h":1509},{"t":"j","w":1200,"h":1713}],"cover":{"t":"j","w":350,"h":502},"thumbnail":{"t":"j","w":250,"h":359}},"scanlator":"","upload_date":1403964751,"tags":[{"id":3206,"type":"character","name":"shinji ikari","url":"/character/shinji-ikari/","count":1231},{"id":6056,"type":"artist","name":"minazuki ayu","url":"/artist/minazuki-ayu/","count":27},{"id":15658,"type":"tag","name":"bondage","url":"/tag/bondage/","count":34540},{"id":17137,"type":"parody","name":"neon genesis evangelion","url":"/parody/neon-genesis-evangelion/","count":2492},{"id":21779,"type":"character","name":"rei ayanami","url":"/character/rei-ayanami/","count":1196},{"id":24412,"type":"tag","name":"bodysuit","url":"/tag/bodysuit/","count":3164},{"id":26321,"type":"group","name":"urawa anime festa","url":"/group/urawa-anime-festa/","count":6},{"id":6346,"type":"language","name":"japanese","url":"/language/japanese/","count":191613},{"id":33172,"type":"category","name":"doujinshi","url":"/category/doujinshi/","count":228729},{"id":35763,"type":"tag","name":"sole male","url":"/tag/sole-male/","count":60070},{"id":5801,"type":"artist","name":"kazuma g-version","url":"/artist/kazuma-g-version/","count":88}],"num_pages":58,"num_favorites":44}