{"id":38,"media_id":"812","title":{"english":"(CR21) [Imakaya (Imaka Hideki)] Ayanamicchi (Neon Genesis Evangelion)","japanese":"(C\u30ec\u30f4\u30a921) [\u3044\u307e\u304b\u5c4b (\u3044\u307e\u304b\u3072\u3067\u304d)] \u7dbe\u6ce2\u3063\u3061 (\u65b0\u4e16\u7d00\u30a8\u30f4\u30a1\u30f3\u30b2\u30ea\u30aa\u30f3)","pretty":"Ayanamicchi"},"images":{"pages":[{"t":"j","w":500,"h":707},{"t":"j","w":500,"h":704},{"t":"j","w":500,"h":709},{"t":"j","w":500,"h":710},{"t":"j","w":500,"h":712},{"t":"j","w":500,"h":711},{"t":"j","w":500,"h":712},{"t":"j","w":500,"h":712},{"t":"j","w":500,"h":712},{"t":"j","w":500,"h":712},{"t":"j","w":500,"h":715},{"t":"j","w":500,"h":715},{"t":"j","w":500,"h":715},{"t":"j","w":500,"h":711},{"t":"j","w":500,"h":715},{"t":"j","w":500,"h":710},{"t":"j","w":500,"h":715},{"t":"j","w":500,"h":711},{"t":"j","w":500,"h":718},{"t":"j","w":500,"h":708},{"t":"j","w":500,"h":713},{"t":"j","w":500,"h":706},{"t":"j","w":500,"h":712},{"t":"j","w":500,"h":708},{"t":"j","w":500,"h":706},{"t":"j","w":500,"h":695}],"cover":{"t":"j","w":350,"h":495},"thumbnail":{"t":"j","w":250,"h":354}},"scanlator":"","upload_date":1403964751,"tags":[{"id":3735,"type":"tag","name":"swimsuit","url":"/tag/swimsuit/","count":19363},{"id":9069,"type":"artist","name":"imaka hideki","url":"/artist/imaka-hideki/","count":37},{"id":17137,"type":"parody","name":"neon genesis evangelion","url":"/parody/neon-genesis-evangelion/","count":2492},{"id":19440,"type":"tag","name":"lolicon","url":"/tag/lolicon/","count":69490},{"id":20905,"type":"tag","name":"full color","url":"/tag/full-color/","count":33404},{"id":21779,"type":"character","name":"rei ayanami","url":"/character/rei-ayanami/","count":1196},{"id":28800,"type":"tag","name":"bloomers","url":"/tag/bloomers/","count":5672},{"id":29859,"type":"tag","name":"blowjob","url":"/tag/blowjob/","count":37321},{"id":32118,"type":"group","name":"imakaya","url":"/group/imakaya/","count":36},{"id":6346,"type":"language","name":"japanese","url":"/language/japanese/","count":191613},{"id":33172,"type":"category","name":"doujinshi","url":"/category/doujinshi/","count":228729},{"id":10314,"type":"tag","name":"schoolgirl uniform","url":"/tag/schoolgirl-uniform/","count":56168}],"num_pages":26,"num_favorites":31}