{"id":40,"media_id":"815","title":{"english":"(C50) [KAD strips (Various)] KAD ANAL DE EVANGELION (Neon Genesis Evangelion)","japanese":"(C50) [KAD strips (\u3088\u308d\u305a)] KAD ANAL DE EVANGELION (\u65b0\u4e16\u7d00\u30a8\u30f4\u30a1\u30f3\u30b2\u30ea\u30aa\u30f3)","pretty":"KAD ANAL DE EVANGELION"},"images":{"pages":[{"t":"j","w":1064,"h":1512},{"t":"j","w":1004,"h":1508},{"t":"j","w":1000,"h":1508},{"t":"j","w":1020,"h":1516},{"t":"j","w":1012,"h":1508},{"t":"j","w":1012,"h":1512},{"t":"j","w":996,"h":1504},{"t":"j","w":1024,"h":1512},{"t":"j","w":1004,"h":1508},{"t":"j","w":1012,"h":1504},{"t":"j","w":1200,"h":890},{"t":"j","w":996,"h":1508},{"t":"j","w":1020,"h":1508},{"t":"j","w":1004,"h":1508},{"t":"j","w":1020,"h":1508},{"t":"j","w":1200,"h":897},{"t":"j","w":1000,"h":1508},{"t":"j","w":1005,"h":1504},{"t":"j","w":1006,"h":1506},{"t":"j","w":1014,"h":1511},{"t":"j","w":1005,"h":1507},{"t":"j","w":1023,"h":1514},{"t":"j","w":1000,"h":1508},{"t":"j","w":1020,"h":1504},{"t":"j","w":1000,"h":1508},{"t":"j","w":1020,"h":1508},{"t":"j","w":992,"h":1508},{"t":"j","w":1016,"h":1508},{"t":"j","w":1000,"h":1504},{"t":"j","w":1020,"h":1512},{"t":"j","w":1008,"h":1508},{"t":"j","w":1028,"h":1504},{"t":"j","w":1012,"h":1508},{"t":"j","w":1020,"h":1508},{"t":"j","w":1004,"h":1508},{"t":"j","w":1020,"h":1500},{"t":"j","w":992,"h":1504},{"t":"j","w":1012,"h":1504},{"t":"j","w":1012,"h":1504},{"t":"j","w":1016,"h":1508},{"t":"j","w":1004,"h":1512},{"t":"j","w":1020,"h":1508},{"t":"j","w":1004,"h":1508},{"t":"j","w":1056,"h":1504}],"cover":{"t":"j","w":350,"h":497},"thumbnail":{"t":"j","w":250,"h":355}},"scanlator":"","upload_date":1403964752,"tags":[{"id":5820,"type":"tag","name":"piercing","url":"/tag/piercing/","count":5567},{"id":7372,"type":"tag","name":"corset","url":"/tag/corset/","count":1018},{"id":9406,"type":"tag","name":"enema","url":"/tag/enema/","count":3420},{"id":12273,"type":"group","name":"k.a.d","url":"/group/k-a-d/","count":29},{"id":14283,"type":"tag","name":"anal","url":"/tag/anal/","count":64587},{"id":14971,"type":"tag","name":"sex toys","url":"/tag/sex-toys/","count":20823},{"id":15658,"type":"tag","name":"bondage","url":"/tag/bondage/","count":34540},{"id":16651,"type":"character","name":"ritsuko akagi","url":"/character/ritsuko-akagi/","count":209},{"id":17137,"type":"parody","name":"neon genesis evangelion","url":"/parody/neon-genesis-evangelion/","count":2492},{"id":21779,"type":"character","name":"rei ayanami","url":"/character/rei-ayanami/","count":1196},{"id":24201,"type":"tag","name":"stockings","url":"/tag/stockings/","count":64784},{"id":24832,"type":"character","name":"misato katsuragi","url":"/character/misato-katsuragi/","count":339},{"id":6346,"type":"language","name":"japanese","url":"/language/japanese/","count":191613},{"id":33172,"type":"category","name":"doujinshi","url":"/category/doujinshi/","count":228729},{"id":32602,"type":"tag","name":"fisting","url":"/tag/fisting/","count":2230},{"id":24873,"type":"artist","name":"rocket okaboshi","url":"/artist/rocket-okaboshi/","count":29}],"num_pages":44,"num_favorites":71}