[{"id":32,"title":"Sore wa Sore wa Amai Koe","tags":["milf","big breasts","group","glasses","cheating","nakadashi","anal","ffm threesome","bondage","chrono mail","double penetration","tankoubon","stockings","pantyhose","apron","paizuri","mind break","rape","blowjob","shotacon","tokie hirohito","japanese","manga","schoolgirl uniform","garter belt","teacher"],"page":163},{"id":31,"title":"Hishin Zeme","tags":["maid","milf","big breasts","swimsuit","gag","group","glasses","public use","kurikara","huge breasts","sex toys","bondage","mother","yuri","incest","tankoubon","pantyhose","paizuri","rape","bloomers","blowjob","shotacon","japanese","manga"],"page":174},{"id":36,"title":"Ayanami Shiro","tags":["shinji ikari","studio wallaby","neon genesis evangelion","rei ayanami","kura oh","japanese","doujinshi","schoolboy uniform","nakadashi","blowjob","schoolgirl uniform","x-ray","sole male"],"page":34},{"id":34,"title":"Ayanami Fanatics","tags":["shinji ikari","fujiya yoshiko","takara no suzunari","neon genesis evangelion","rei ayanami","lactation","kouno yukiyo","hanaya kenzan","bloomers","japanese","doujinshi","schoolgirl uniform","sole female"],"page":24},{"id":33,"title":"Kazoku Koukan!","tags":["okawari","kirara moe","big breasts","pregnant","kageno illyss","group","glasses","taira hajime","anthology","aura seiji","takamatsu makoto","anal","bondage","mother","oonami youko","hino toshiyuki","ryuuki yumi","keno yantarou","sada ko-ji","incest","lactation","paizuri","age progression","rape","sister","daughter","japanese","manga","schoolgirl uniform","ffm threesome","oyakodon","sex toys","kouno yukiyo","kamisato takeharu"],"page":180},{"id":35,"title":"Ayanami Kuro","tags":["group","studio wallaby","neon genesis evangelion","rei ayanami","double penetration","kura oh","rape","school swimsuit","japanese","doujinshi","schoolgirl uniform","nakadashi","sole female","x-ray"],"page":34},{"id":37,"title":"Ayanami Zero Shiki","tags":["shinji ikari","minazuki ayu","bondage","neon genesis evangelion","rei ayanami","bodysuit","urawa anime festa","japanese","doujinshi","sole male","kazuma g-version"],"page":58},{"id":38,"title":"Ayanamicchi","tags":["swimsuit","imaka hideki","neon genesis evangelion","lolicon","full color","rei ayanami","bloomers","blowjob","imakaya","japanese","doujinshi","schoolgirl uniform"],"page":26},{"id":39,"title":"Akuma no Batsu","tags":["group","english","yuuki alice","neon genesis evangelion","translated","lolicon","rei ayanami","asuka langley soryu","doujinshi","gendo ikari","dilf","ffm threesome","rape"],"page":20},{"id":40,"title":"KAD ANAL DE EVANGELION","tags":["piercing","corset","enema","k.a.d","anal","sex toys","bondage","ritsuko akagi","neon genesis evangelion","rei ayanami","stockings","misato katsuragi","japanese","doujinshi","fisting","rocket okaboshi"],"page":44}]