{"id":151,"media_id":"549","title":{"english":"[Maniac Street (E.C.H)] ebuange 5 (Neon Genesis Evangelion)","japanese":"[Maniac Street (E.C.H)] \u3048\u3076\u3041\u3093\u30525 (\u65b0\u4e16\u7d00\u30a8\u30f4\u30a1\u30f3\u30b2\u30ea\u30aa\u30f3)","pretty":"ebuange 5"},"images":{"pages":[{"t":"j","w":723,"h":1024},{"t":"j","w":723,"h":1024},{"t":"j","w":723,"h":1024},{"t":"j","w":723,"h":1024},{"t":"j","w":723,"h":1024},{"t":"j","w":723,"h":1024},{"t":"j","w":723,"h":1024},{"t":"j","w":723,"h":1024},{"t":"j","w":723,"h":1024},{"t":"j","w":723,"h":1024},{"t":"j","w":723,"h":1024},{"t":"j","w":723,"h":1024},{"t":"j","w":723,"h":1024},{"t":"j","w":723,"h":1024},{"t":"j","w":723,"h":1024},{"t":"j","w":723,"h":1024},{"t":"j","w":723,"h":1024},{"t":"j","w":723,"h":1024},{"t":"j","w":723,"h":1024},{"t":"j","w":723,"h":1024},{"t":"j","w":723,"h":1024},{"t":"j","w":450,"h":321}],"cover":{"t":"j","w":350,"h":496},"thumbnail":{"t":"j","w":250,"h":354}},"scanlator":"","upload_date":1403964877,"tags":[{"id":3206,"type":"character","name":"shinji ikari","url":"/character/shinji-ikari/","count":1231},{"id":16458,"type":"group","name":"maniac street","url":"/group/maniac-street/","count":105},{"id":17137,"type":"parody","name":"neon genesis evangelion","url":"/parody/neon-genesis-evangelion/","count":2492},{"id":19440,"type":"tag","name":"lolicon","url":"/tag/lolicon/","count":69490},{"id":25125,"type":"character","name":"asuka langley soryu","url":"/character/asuka-langley-soryu/","count":1515},{"id":25601,"type":"tag","name":"small breasts","url":"/tag/small-breasts/","count":7002},{"id":29212,"type":"artist","name":"e.c.h","url":"/artist/e-c-h/","count":7},{"id":6346,"type":"language","name":"japanese","url":"/language/japanese/","count":191613},{"id":33172,"type":"category","name":"doujinshi","url":"/category/doujinshi/","count":228729},{"id":10314,"type":"tag","name":"schoolgirl uniform","url":"/tag/schoolgirl-uniform/","count":56614},{"id":35762,"type":"tag","name":"sole female","url":"/tag/sole-female/","count":66202},{"id":35763,"type":"tag","name":"sole male","url":"/tag/sole-male/","count":60070}],"num_pages":22,"num_favorites":125}