{"id":154,"media_id":"469","title":{"english":"[Henreikai (Shirayone Gen)] EVANGELION (Shin Seiki Evangelion / Neon Genesis Evangelion)","japanese":"[\u7247\u52b1\u4f1a (\u767d\u7c73\u7384)] EVANGELION (\u65b0\u4e16\u7d00\u30a8\u30f4\u30a1\u30f3\u30b2\u30ea\u30aa\u30f3)","pretty":"EVANGELION"},"images":{"pages":[{"t":"j","w":547,"h":797},{"t":"j","w":547,"h":797},{"t":"j","w":547,"h":797},{"t":"j","w":547,"h":797},{"t":"j","w":547,"h":797},{"t":"j","w":547,"h":797},{"t":"j","w":547,"h":797},{"t":"j","w":547,"h":797},{"t":"j","w":547,"h":797},{"t":"j","w":547,"h":797},{"t":"j","w":547,"h":797},{"t":"j","w":547,"h":797},{"t":"j","w":547,"h":797}],"cover":{"t":"j","w":350,"h":510},"thumbnail":{"t":"j","w":250,"h":364}},"scanlator":"","upload_date":1403964881,"tags":[{"id":2937,"type":"tag","name":"big breasts","url":"/tag/big-breasts/","count":104551},{"id":3206,"type":"character","name":"shinji ikari","url":"/character/shinji-ikari/","count":1231},{"id":8010,"type":"tag","name":"group","url":"/tag/group/","count":72839},{"id":16651,"type":"character","name":"ritsuko akagi","url":"/character/ritsuko-akagi/","count":209},{"id":17137,"type":"parody","name":"neon genesis evangelion","url":"/parody/neon-genesis-evangelion/","count":2492},{"id":17749,"type":"group","name":"henreikai","url":"/group/henreikai/","count":104},{"id":21779,"type":"character","name":"rei ayanami","url":"/character/rei-ayanami/","count":1196},{"id":24832,"type":"character","name":"misato katsuragi","url":"/character/misato-katsuragi/","count":339},{"id":25125,"type":"character","name":"asuka langley soryu","url":"/character/asuka-langley-soryu/","count":1515},{"id":32341,"type":"tag","name":"shotacon","url":"/tag/shotacon/","count":40094},{"id":6346,"type":"language","name":"japanese","url":"/language/japanese/","count":193003},{"id":33172,"type":"category","name":"doujinshi","url":"/category/doujinshi/","count":231184},{"id":10314,"type":"tag","name":"schoolgirl uniform","url":"/tag/schoolgirl-uniform/","count":56614},{"id":35763,"type":"tag","name":"sole male","url":"/tag/sole-male/","count":61245}],"num_pages":13,"num_favorites":54}