{"id":155,"media_id":"471","title":{"english":"(C56)[Henrei-kai (Kawarajima Koh)] Koh Kawarajima Works 1997-1999","japanese":"(C56)[\u7247\u52b1\u4f1a (\u304b\u308f\u3089\u3058\u307e\u6643)] \u304b\u308f\u3089\u3058\u307e\u6643\u30ef\u30fc\u30af\u30b9\uff11\uff19\uff19\uff17\uff5e\uff11\uff19\uff19\uff19","pretty":"Koh Kawarajima Works 1997-1999"},"images":{"pages":[{"t":"j","w":915,"h":1300},{"t":"j","w":889,"h":1300},{"t":"j","w":891,"h":1300},{"t":"j","w":872,"h":1300},{"t":"j","w":886,"h":1300},{"t":"j","w":872,"h":1300},{"t":"j","w":879,"h":1300},{"t":"j","w":880,"h":1300},{"t":"j","w":1200,"h":884},{"t":"j","w":883,"h":1300},{"t":"j","w":869,"h":1300},{"t":"j","w":889,"h":1300},{"t":"j","w":864,"h":1300},{"t":"j","w":885,"h":1300},{"t":"j","w":869,"h":1300},{"t":"j","w":885,"h":1300},{"t":"j","w":869,"h":1300},{"t":"j","w":882,"h":1300},{"t":"j","w":867,"h":1300},{"t":"j","w":877,"h":1300},{"t":"j","w":871,"h":1300},{"t":"j","w":878,"h":1300},{"t":"j","w":869,"h":1300},{"t":"j","w":880,"h":1300},{"t":"j","w":871,"h":1300},{"t":"j","w":882,"h":1300},{"t":"j","w":868,"h":1300},{"t":"j","w":885,"h":1300},{"t":"j","w":860,"h":1300},{"t":"j","w":868,"h":1300},{"t":"j","w":862,"h":1300},{"t":"j","w":1200,"h":885},{"t":"j","w":894,"h":1300},{"t":"j","w":863,"h":1300},{"t":"j","w":879,"h":1300},{"t":"j","w":866,"h":1300},{"t":"j","w":879,"h":1300},{"t":"j","w":872,"h":1300},{"t":"j","w":882,"h":1300},{"t":"j","w":883,"h":1300},{"t":"j","w":893,"h":1300},{"t":"j","w":871,"h":1300},{"t":"j","w":892,"h":1300},{"t":"j","w":872,"h":1300},{"t":"j","w":897,"h":1300},{"t":"j","w":878,"h":1300},{"t":"j","w":895,"h":1300},{"t":"j","w":872,"h":1300},{"t":"j","w":893,"h":1300},{"t":"j","w":872,"h":1300},{"t":"j","w":894,"h":1300},{"t":"j","w":875,"h":1300},{"t":"j","w":893,"h":1300},{"t":"j","w":882,"h":1300},{"t":"j","w":893,"h":1300},{"t":"j","w":869,"h":1300},{"t":"j","w":883,"h":1300},{"t":"j","w":876,"h":1300},{"t":"j","w":890,"h":1300},{"t":"j","w":878,"h":1300},{"t":"j","w":886,"h":1300},{"t":"j","w":882,"h":1300},{"t":"j","w":894,"h":1300},{"t":"j","w":880,"h":1300},{"t":"j","w":883,"h":1300},{"t":"j","w":882,"h":1300},{"t":"j","w":890,"h":1300},{"t":"j","w":877,"h":1300},{"t":"j","w":893,"h":1300},{"t":"j","w":872,"h":1300},{"t":"j","w":892,"h":1300},{"t":"j","w":886,"h":1300},{"t":"j","w":1200,"h":880},{"t":"j","w":903,"h":1300},{"t":"j","w":890,"h":1300},{"t":"j","w":903,"h":1300},{"t":"j","w":883,"h":1300},{"t":"j","w":898,"h":1300},{"t":"j","w":892,"h":1300},{"t":"j","w":900,"h":1300},{"t":"j","w":890,"h":1300},{"t":"j","w":909,"h":1300},{"t":"j","w":895,"h":1300},{"t":"j","w":909,"h":1300},{"t":"j","w":869,"h":1300},{"t":"j","w":909,"h":1300}],"cover":{"t":"j","w":350,"h":497},"thumbnail":{"t":"j","w":250,"h":355}},"scanlator":"","upload_date":1403964882,"tags":[{"id":4502,"type":"parody","name":"mazinger z","url":"/parody/mazinger-z/","count":28},{"id":6525,"type":"tag","name":"nurse","url":"/tag/nurse/","count":3653},{"id":11219,"type":"parody","name":"pokemon","url":"/parody/pokemon/","count":1444},{"id":11248,"type":"artist","name":"kawarajima koh","url":"/artist/kawarajima-koh/","count":119},{"id":12466,"type":"parody","name":"zambot 3","url":"/parody/zambot-3/","count":6},{"id":15328,"type":"parody","name":"pretty sammy","url":"/parody/pretty-sammy/","count":166},{"id":17749,"type":"group","name":"henreikai","url":"/group/henreikai/","count":104},{"id":27378,"type":"tag","name":"artbook","url":"/tag/artbook/","count":1831},{"id":6346,"type":"language","name":"japanese","url":"/language/japanese/","count":193003},{"id":33172,"type":"category","name":"doujinshi","url":"/category/doujinshi/","count":231184}],"num_pages":86,"num_favorites":46}