{"id":159,"media_id":"476","title":{"english":"[HGH (HG Chagawa)] Pz. II (Shin Seiki Evangelion / Neon Genesis Evangelion)","japanese":"[HGH (HG\u8336\u5ddd)] Pz. \u2161 (\u65b0\u4e16\u7d00\u30a8\u30f4\u30a1\u30f3\u30b2\u30ea\u30aa\u30f3)","pretty":"Pz. II"},"images":{"pages":[{"t":"j","w":700,"h":1000},{"t":"j","w":700,"h":1000},{"t":"j","w":700,"h":1000},{"t":"j","w":700,"h":1000},{"t":"j","w":700,"h":1000},{"t":"j","w":700,"h":1000},{"t":"j","w":700,"h":1000},{"t":"j","w":1059,"h":1500},{"t":"j","w":1059,"h":1500},{"t":"j","w":1059,"h":1500},{"t":"j","w":1059,"h":1500},{"t":"j","w":1059,"h":1500},{"t":"j","w":1059,"h":1500},{"t":"j","w":1059,"h":1500},{"t":"j","w":1059,"h":1500}],"cover":{"t":"j","w":350,"h":500},"thumbnail":{"t":"j","w":250,"h":357}},"scanlator":"","upload_date":1403964886,"tags":[{"id":2937,"type":"tag","name":"big breasts","url":"/tag/big-breasts/","count":103273},{"id":8010,"type":"tag","name":"group","url":"/tag/group/","count":72150},{"id":9725,"type":"group","name":"hgh","url":"/group/hgh/","count":104},{"id":14072,"type":"tag","name":"huge breasts","url":"/tag/huge-breasts/","count":7103},{"id":17137,"type":"parody","name":"neon genesis evangelion","url":"/parody/neon-genesis-evangelion/","count":2489},{"id":18996,"type":"artist","name":"hg chagawa","url":"/artist/hg-chagawa/","count":172},{"id":24102,"type":"tag","name":"lactation","url":"/tag/lactation/","count":11870},{"id":25125,"type":"character","name":"asuka langley soryu","url":"/character/asuka-langley-soryu/","count":1513},{"id":32341,"type":"tag","name":"shotacon","url":"/tag/shotacon/","count":39737},{"id":6346,"type":"language","name":"japanese","url":"/language/japanese/","count":191613},{"id":33172,"type":"category","name":"doujinshi","url":"/category/doujinshi/","count":228729},{"id":3206,"type":"character","name":"shinji ikari","url":"/character/shinji-ikari/","count":1229},{"id":2820,"type":"tag","name":"scat","url":"/tag/scat/","count":5915}],"num_pages":15,"num_favorites":38}