[{"id":156,"title":"Ayanami Club Prelude Ver","tags":["kawarajima koh","neon genesis evangelion","henreikai","yuri","rei ayanami","asuka langley soryu","japanese","doujinshi","nakadashi"],"page":37},{"id":155,"title":"Koh Kawarajima Works 1997-1999","tags":["mazinger z","nurse","pokemon","kawarajima koh","zambot 3","pretty sammy","henreikai","artbook","japanese","doujinshi"],"page":86},{"id":154,"title":"EVANGELION","tags":["big breasts","shinji ikari","group","ritsuko akagi","neon genesis evangelion","henreikai","rei ayanami","misato katsuragi","asuka langley soryu","shotacon","japanese","doujinshi","schoolgirl uniform","sole male"],"page":13},{"id":153,"title":"Ayanami Club 05","tags":["glasses","kawarajima koh","hikari horaki","neon genesis evangelion","henreikai","defloration","misato katsuragi","rape","dilf","japanese","doujinshi","anal","kyuubi108"],"page":75},{"id":152,"title":"Ayanami Club 4","tags":["kawarajima koh","hikari horaki","neon genesis evangelion","henreikai","lolicon","rei ayanami","asuka langley soryu","rape","el cazador de la bruja","japanese","doujinshi","schoolgirl uniform","keroro gunsou"],"page":74},{"id":151,"title":"ebuange 5","tags":["shinji ikari","maniac street","neon genesis evangelion","lolicon","asuka langley soryu","small breasts","e.c.h","japanese","doujinshi","schoolgirl uniform","sole female","sole male"],"page":22},{"id":160,"title":"Shinu no wa Yatsura da! - Live and Let Die","tags":["glasses","oofuji reiichirou","furaipan daimaou","neon genesis evangelion","hispano-suiza","asuka langley soryu","rape","dilf","japanese","doujinshi","schoolgirl uniform"],"page":25},{"id":159,"title":"Pz. II","tags":["big breasts","group","hgh","huge breasts","neon genesis evangelion","hg chagawa","lactation","asuka langley soryu","shotacon","japanese","doujinshi","shinji ikari","scat"],"page":15},{"id":158,"title":"PZ.II Shinji de Shinji Hatsudou-hen","tags":["futanari","big breasts","shinji ikari","japanese","hgh","shemale","neon genesis evangelion","hg chagawa","bridget","asuka langley soryu","gender bender","doujinshi"],"page":8},{"id":157,"title":"PLEATED GUNNER #10 BLACK AND WHITE Futasuka","tags":["futanari","scat","big breasts","gag","group","hgh","huge breasts","sex toys","bondage","hikari horaki","neon genesis evangelion","hg chagawa","nipple fuck","rei ayanami","big areolae","lactation","asuka langley soryu","big penis","blindfold","dicknipples","japanese","doujinshi","huge penis"],"page":34}]