{"id":121,"media_id":"628","title":{"english":"(C65) [Studio Kimigabuchi (Kimimaru)] Negimaru! (Mahou Sensei Negima!) [English]","japanese":"(C65) [\u30b9\u30bf\u30b8\u30aaKIMIGABUCHI (\u304d\u307f\u307e\u308b)] \u30cd\u30ae\u307e\u308b\uff01 (\u9b54\u6cd5\u5148\u751f\u30cd\u30ae\u307e\uff01) [\u82f1\u8a33]","pretty":"Negimaru!"},"images":{"pages":[{"t":"j","w":1024,"h":1446},{"t":"j","w":1024,"h":1444},{"t":"j","w":1024,"h":1417},{"t":"j","w":1024,"h":1423},{"t":"j","w":1024,"h":1428},{"t":"j","w":1024,"h":1431},{"t":"j","w":1024,"h":1424},{"t":"j","w":1024,"h":1411},{"t":"j","w":1024,"h":1431},{"t":"j","w":1024,"h":1415},{"t":"j","w":1024,"h":1424},{"t":"j","w":1024,"h":1416},{"t":"j","w":1024,"h":1423},{"t":"j","w":1024,"h":1402},{"t":"j","w":1024,"h":1423},{"t":"j","w":1024,"h":1414},{"t":"j","w":1024,"h":1417},{"t":"j","w":1024,"h":1425},{"t":"j","w":1024,"h":1431},{"t":"j","w":1024,"h":1409},{"t":"j","w":1024,"h":1415},{"t":"j","w":1024,"h":1416},{"t":"j","w":1024,"h":1423},{"t":"j","w":1024,"h":1438},{"t":"j","w":1024,"h":1428},{"t":"j","w":1024,"h":1401},{"t":"j","w":1024,"h":1422},{"t":"j","w":1024,"h":1429},{"t":"j","w":1024,"h":1419},{"t":"j","w":1024,"h":1376},{"t":"j","w":1024,"h":1417},{"t":"j","w":1024,"h":1413},{"t":"j","w":1024,"h":1430},{"t":"j","w":1024,"h":1423},{"t":"j","w":1024,"h":1409},{"t":"j","w":1024,"h":1423},{"t":"j","w":1024,"h":1458},{"t":"j","w":1024,"h":1450}],"cover":{"t":"j","w":350,"h":494},"thumbnail":{"t":"j","w":250,"h":353}},"scanlator":"","upload_date":1403964852,"tags":[{"id":8010,"type":"tag","name":"group","url":"/tag/group/","count":72150},{"id":12227,"type":"language","name":"english","url":"/language/english/","count":69378},{"id":13536,"type":"character","name":"chisame hasegawa","url":"/character/chisame-hasegawa/","count":52},{"id":16166,"type":"parody","name":"mahou sensei negima","url":"/parody/mahou-sensei-negima/","count":588},{"id":17249,"type":"language","name":"translated","url":"/language/translated/","count":109734},{"id":28736,"type":"group","name":"studio kimigabuchi","url":"/group/studio-kimigabuchi/","count":158},{"id":30733,"type":"character","name":"asuna kagurazaka","url":"/character/asuna-kagurazaka/","count":216},{"id":33172,"type":"category","name":"doujinshi","url":"/category/doujinshi/","count":228729},{"id":10314,"type":"tag","name":"schoolgirl uniform","url":"/tag/schoolgirl-uniform/","count":56168},{"id":14283,"type":"tag","name":"anal","url":"/tag/anal/","count":64587}],"num_pages":38,"num_favorites":199}