{"id":122,"media_id":"632","title":{"english":"[Gambler Club (Kousaka Jun)] Rinon-chan Daikatsuyaku (Zoids)","japanese":"[\u30ae\u30e3\u30f3\u30d6\u30e9\u30fc\u5036\u697d\u90e8 (\u9999\u5742\u7d14)] \u30ea\u30ce\u30f3\u3061\u3083\u3093\u5927\u6d3b\u8e8d (\u30be\u30a4\u30c9)","pretty":"Rinon-chan Daikatsuyaku"},"images":{"pages":[{"t":"j","w":704,"h":1004},{"t":"j","w":702,"h":1002},{"t":"j","w":702,"h":1002},{"t":"j","w":702,"h":1002},{"t":"j","w":702,"h":1002},{"t":"j","w":702,"h":1002},{"t":"j","w":702,"h":1002},{"t":"j","w":702,"h":1002},{"t":"j","w":702,"h":1002},{"t":"j","w":702,"h":1002},{"t":"j","w":702,"h":1002},{"t":"j","w":702,"h":1002},{"t":"j","w":702,"h":1002},{"t":"j","w":702,"h":1002},{"t":"j","w":702,"h":1002},{"t":"j","w":702,"h":1002},{"t":"j","w":702,"h":1002},{"t":"j","w":702,"h":1002},{"t":"j","w":702,"h":1002},{"t":"j","w":702,"h":1002},{"t":"j","w":702,"h":1002},{"t":"j","w":702,"h":1002},{"t":"j","w":702,"h":1002},{"t":"j","w":702,"h":1002},{"t":"j","w":702,"h":1002},{"t":"j","w":703,"h":1001}],"cover":{"t":"j","w":350,"h":499},"thumbnail":{"t":"j","w":250,"h":357}},"scanlator":"","upload_date":1403964854,"tags":[{"id":2590,"type":"parody","name":"zoids","url":"/parody/zoids/","count":58},{"id":2937,"type":"tag","name":"big breasts","url":"/tag/big-breasts/","count":103273},{"id":8010,"type":"tag","name":"group","url":"/tag/group/","count":72150},{"id":14971,"type":"tag","name":"sex toys","url":"/tag/sex-toys/","count":20823},{"id":15658,"type":"tag","name":"bondage","url":"/tag/bondage/","count":34540},{"id":16226,"type":"parody","name":"zoids new century","url":"/parody/zoids-new-century/","count":7},{"id":19018,"type":"tag","name":"dark skin","url":"/tag/dark-skin/","count":21056},{"id":19440,"type":"tag","name":"lolicon","url":"/tag/lolicon/","count":69490},{"id":19954,"type":"tag","name":"yuri","url":"/tag/yuri/","count":20241},{"id":25227,"type":"artist","name":"kousaka jun","url":"/artist/kousaka-jun/","count":283},{"id":27332,"type":"group","name":"gambler club","url":"/group/gambler-club/","count":283},{"id":31164,"type":"character","name":"leena toros","url":"/character/leena-toros/","count":18},{"id":6346,"type":"language","name":"japanese","url":"/language/japanese/","count":191613},{"id":33172,"type":"category","name":"doujinshi","url":"/category/doujinshi/","count":228729}],"num_pages":26,"num_favorites":81}