{"id":123,"media_id":"635","title":{"english":"(C69) [Nakayohi Mogudan (Mogudan)] Omakehon 2005 (Neon Genesis Evangelion)","japanese":"(C69) [\u306a\u304b\u3088\u3072\u30e2\u30b0\u30c0\u30f3 (\u30e2\u30b0\u30c0\u30f3)] \u304a\u307e\u3051\u672c 2005 (\u65b0\u4e16\u7d00\u30a8\u30f4\u30a1\u30f3\u30b2\u30ea\u30aa\u30f3)","pretty":"Omakehon 2005"},"images":{"pages":[{"t":"j","w":1133,"h":1595},{"t":"j","w":1133,"h":1595},{"t":"j","w":1133,"h":1597},{"t":"j","w":1133,"h":1597},{"t":"j","w":1133,"h":1595},{"t":"j","w":1133,"h":1595},{"t":"j","w":1133,"h":1597},{"t":"j","w":1133,"h":1597},{"t":"j","w":1133,"h":1595},{"t":"j","w":1133,"h":1595},{"t":"j","w":1133,"h":1597},{"t":"j","w":1133,"h":1597},{"t":"j","w":1133,"h":1597},{"t":"j","w":1133,"h":1597},{"t":"j","w":1133,"h":1597},{"t":"j","w":1133,"h":1597}],"cover":{"t":"j","w":350,"h":493},"thumbnail":{"t":"j","w":250,"h":352}},"scanlator":"","upload_date":1403964855,"tags":[{"id":2937,"type":"tag","name":"big breasts","url":"/tag/big-breasts/","count":103273},{"id":13432,"type":"group","name":"nakayohi mogudan","url":"/group/nakayohi-mogudan/","count":157},{"id":17137,"type":"parody","name":"neon genesis evangelion","url":"/parody/neon-genesis-evangelion/","count":2489},{"id":17202,"type":"artist","name":"mogudan","url":"/artist/mogudan/","count":213},{"id":21779,"type":"character","name":"rei ayanami","url":"/character/rei-ayanami/","count":1195},{"id":28800,"type":"tag","name":"bloomers","url":"/tag/bloomers/","count":5648},{"id":6346,"type":"language","name":"japanese","url":"/language/japanese/","count":191613},{"id":33172,"type":"category","name":"doujinshi","url":"/category/doujinshi/","count":228729},{"id":10314,"type":"tag","name":"schoolgirl uniform","url":"/tag/schoolgirl-uniform/","count":56168},{"id":5452,"type":"tag","name":"gymshorts","url":"/tag/gymshorts/","count":309},{"id":35762,"type":"tag","name":"sole female","url":"/tag/sole-female/","count":66202}],"num_pages":16,"num_favorites":121}