{"id":124,"media_id":"637","title":{"english":"(C65) [Nakayohi Mogudan (Mogudan)] Omakehon 2003 (Neon Genesis Evangelion)","japanese":"(C65) [\u306a\u304b\u3088\u3072\u30e2\u30b0\u30c0\u30f3 (\u30e2\u30b0\u30c0\u30f3)] \u304a\u307e\u3051\u672c 2003 (\u65b0\u4e16\u7d00\u30a8\u30f4\u30a1\u30f3\u30b2\u30ea\u30aa\u30f3)","pretty":"Omakehon 2003"},"images":{"pages":[{"t":"j","w":1081,"h":1506},{"t":"j","w":1068,"h":1512},{"t":"j","w":1074,"h":1510},{"t":"j","w":1056,"h":1510},{"t":"j","w":1071,"h":1503},{"t":"j","w":1064,"h":1513},{"t":"j","w":1071,"h":1507},{"t":"j","w":1064,"h":1507},{"t":"j","w":1068,"h":1513},{"t":"j","w":1068,"h":1503},{"t":"j","w":1068,"h":1504},{"t":"j","w":1064,"h":1506},{"t":"j","w":1057,"h":1506},{"t":"j","w":1061,"h":1503},{"t":"j","w":1057,"h":1509},{"t":"j","w":1064,"h":1509},{"t":"j","w":1061,"h":1507},{"t":"j","w":1064,"h":1503},{"t":"j","w":1064,"h":1501},{"t":"j","w":1055,"h":1507},{"t":"j","w":1064,"h":1516},{"t":"j","w":1059,"h":1506},{"t":"j","w":1068,"h":1509},{"t":"j","w":1059,"h":1509}],"cover":{"t":"j","w":350,"h":488},"thumbnail":{"t":"j","w":250,"h":348}},"scanlator":"","upload_date":1403964855,"tags":[{"id":2937,"type":"tag","name":"big breasts","url":"/tag/big-breasts/","count":103273},{"id":8010,"type":"tag","name":"group","url":"/tag/group/","count":72150},{"id":13432,"type":"group","name":"nakayohi mogudan","url":"/group/nakayohi-mogudan/","count":157},{"id":17137,"type":"parody","name":"neon genesis evangelion","url":"/parody/neon-genesis-evangelion/","count":2492},{"id":17202,"type":"artist","name":"mogudan","url":"/artist/mogudan/","count":213},{"id":21779,"type":"character","name":"rei ayanami","url":"/character/rei-ayanami/","count":1196},{"id":6346,"type":"language","name":"japanese","url":"/language/japanese/","count":191613},{"id":33172,"type":"category","name":"doujinshi","url":"/category/doujinshi/","count":228729},{"id":10314,"type":"tag","name":"schoolgirl uniform","url":"/tag/schoolgirl-uniform/","count":56168},{"id":5452,"type":"tag","name":"gymshorts","url":"/tag/gymshorts/","count":316},{"id":35762,"type":"tag","name":"sole female","url":"/tag/sole-female/","count":66202}],"num_pages":24,"num_favorites":119}