{"id":125,"media_id":"638","title":{"english":"(C70) [Nakayohi Mogudan (Mogudan)] Omakehon 2006 Natsu (Neon Genesis Evangelion)","japanese":"(C70) [\u306a\u304b\u3088\u3072\u30e2\u30b0\u30c0\u30f3 (\u30e2\u30b0\u30c0\u30f3)] \u304a\u307e\u3051\u672c 2006 \u590f (\u65b0\u4e16\u7d00\u30a8\u30f4\u30a1\u30f3\u30b2\u30ea\u30aa\u30f3)","pretty":"Omakehon 2006 Natsu"},"images":{"pages":[{"t":"j","w":735,"h":1050},{"t":"j","w":733,"h":1050},{"t":"j","w":731,"h":1050},{"t":"j","w":733,"h":1050},{"t":"j","w":731,"h":1050},{"t":"j","w":733,"h":1050},{"t":"j","w":731,"h":1050},{"t":"j","w":733,"h":1050},{"t":"j","w":731,"h":1050},{"t":"j","w":733,"h":1050},{"t":"j","w":731,"h":1050},{"t":"j","w":733,"h":1050},{"t":"j","w":731,"h":1050},{"t":"j","w":733,"h":1050},{"t":"j","w":731,"h":1050},{"t":"j","w":734,"h":1050}],"cover":{"t":"j","w":350,"h":500},"thumbnail":{"t":"j","w":250,"h":357}},"scanlator":"","upload_date":1403964856,"tags":[{"id":2937,"type":"tag","name":"big breasts","url":"/tag/big-breasts/","count":103273},{"id":13432,"type":"group","name":"nakayohi mogudan","url":"/group/nakayohi-mogudan/","count":157},{"id":17137,"type":"parody","name":"neon genesis evangelion","url":"/parody/neon-genesis-evangelion/","count":2489},{"id":17202,"type":"artist","name":"mogudan","url":"/artist/mogudan/","count":213},{"id":21779,"type":"character","name":"rei ayanami","url":"/character/rei-ayanami/","count":1195},{"id":6346,"type":"language","name":"japanese","url":"/language/japanese/","count":191613},{"id":33172,"type":"category","name":"doujinshi","url":"/category/doujinshi/","count":228729},{"id":10314,"type":"tag","name":"schoolgirl uniform","url":"/tag/schoolgirl-uniform/","count":56168},{"id":11941,"type":"tag","name":"replaced","url":"/tag/replaced/","count":3716}],"num_pages":16,"num_favorites":99}