{"id":127,"media_id":"650","title":{"english":"(C60) [Peppy Angel (GRAN, Sakuratsuki Rin)] Air (Evangelion)","japanese":"(C60) [\u30da\u30d4\u30fc\u30c1\u30a7 (GRAN, \u685c\u6708\u308a\u3093)] Air (\u65b0\u4e16\u7d00\u30a8\u30f4\u30a1\u30f3\u30b2\u30ea\u30aa\u30f3)","pretty":"Air"},"images":{"pages":[{"t":"j","w":773,"h":1083},{"t":"j","w":773,"h":1083},{"t":"j","w":773,"h":1083},{"t":"j","w":773,"h":1083},{"t":"j","w":773,"h":1083},{"t":"j","w":773,"h":1083},{"t":"j","w":773,"h":1083},{"t":"j","w":773,"h":1083},{"t":"j","w":773,"h":1083},{"t":"j","w":773,"h":1083},{"t":"j","w":771,"h":1077},{"t":"j","w":773,"h":1083},{"t":"j","w":773,"h":1083},{"t":"j","w":773,"h":1083},{"t":"j","w":773,"h":1083},{"t":"j","w":773,"h":1083},{"t":"j","w":773,"h":1083},{"t":"j","w":773,"h":1083},{"t":"j","w":700,"h":1000},{"t":"j","w":700,"h":1000},{"t":"j","w":700,"h":1000},{"t":"j","w":773,"h":1083},{"t":"j","w":773,"h":1083},{"t":"j","w":773,"h":1083},{"t":"j","w":773,"h":1083},{"t":"j","w":777,"h":1083}],"cover":{"t":"j","w":350,"h":490},"thumbnail":{"t":"j","w":250,"h":350}},"scanlator":"","upload_date":1403964857,"tags":[{"id":3206,"type":"character","name":"shinji ikari","url":"/character/shinji-ikari/","count":1231},{"id":17137,"type":"parody","name":"neon genesis evangelion","url":"/parody/neon-genesis-evangelion/","count":2489},{"id":18065,"type":"artist","name":"gran","url":"/artist/gran/","count":9},{"id":25125,"type":"character","name":"asuka langley soryu","url":"/character/asuka-langley-soryu/","count":1513},{"id":27007,"type":"artist","name":"sakuratsuki rin","url":"/artist/sakuratsuki-rin/","count":14},{"id":6346,"type":"language","name":"japanese","url":"/language/japanese/","count":191613},{"id":33172,"type":"category","name":"doujinshi","url":"/category/doujinshi/","count":228729},{"id":10314,"type":"tag","name":"schoolgirl uniform","url":"/tag/schoolgirl-uniform/","count":56168}],"num_pages":26,"num_favorites":22}