{"id":130,"media_id":"516","title":{"english":"[Nakayohi (Izurumi)] Eve (Irochigai Yuu) (Neon Genesis Evangelion)","japanese":"[\u306a\u304b\u3088\u3072 (\u3044\u3065\u308b\u307f)] Eve(\u8272\u9055\u3044\u6709) (\u65b0\u4e16\u7d00\u30a8\u30f4\u30a1\u30f3\u30b2\u30ea\u30aa\u30f3)","pretty":"Eve"},"images":{"pages":[{"t":"j","w":784,"h":1126},{"t":"j","w":784,"h":1126},{"t":"j","w":784,"h":1126},{"t":"j","w":784,"h":1126},{"t":"j","w":784,"h":1126},{"t":"j","w":784,"h":1126},{"t":"j","w":784,"h":1126},{"t":"j","w":784,"h":1126},{"t":"j","w":784,"h":1126},{"t":"j","w":784,"h":1126},{"t":"j","w":784,"h":1126},{"t":"j","w":784,"h":1126},{"t":"j","w":784,"h":1126},{"t":"j","w":784,"h":1126},{"t":"j","w":784,"h":1126},{"t":"j","w":784,"h":1126}],"cover":{"t":"j","w":350,"h":503},"thumbnail":{"t":"j","w":250,"h":359}},"scanlator":"","upload_date":1403964861,"tags":[{"id":16710,"type":"group","name":"nakayohi","url":"/group/nakayohi/","count":95},{"id":17137,"type":"parody","name":"neon genesis evangelion","url":"/parody/neon-genesis-evangelion/","count":2492},{"id":19954,"type":"tag","name":"yuri","url":"/tag/yuri/","count":20411},{"id":21779,"type":"character","name":"rei ayanami","url":"/character/rei-ayanami/","count":1196},{"id":21875,"type":"artist","name":"izurumi","url":"/artist/izurumi/","count":95},{"id":25125,"type":"character","name":"asuka langley soryu","url":"/character/asuka-langley-soryu/","count":1515},{"id":6346,"type":"language","name":"japanese","url":"/language/japanese/","count":193003},{"id":33172,"type":"category","name":"doujinshi","url":"/category/doujinshi/","count":231184},{"id":8050,"type":"tag","name":"females only","url":"/tag/females-only/","count":8765}],"num_pages":16,"num_favorites":63}