{"id":182,"media_id":"315","title":{"english":"[Little Shiryou Hozon Inkai (Urushihara Satoshi)] Plastic Little Shuusei Gengashuu","japanese":"[\u30ea\u30c8\u30eb\u8cc7\u6599\u4fdd\u5b58\u59d4\u54e1\u4f1a (\u3046\u308b\u3057\u539f\u667a\u5fd7)] \u30d7\u30e9\u30b9\u30c1\u30c3\u30af\u30ea\u30c8\u30eb\u4fee\u6b63\u539f\u753b\u96c6","pretty":"Plastic Little Shuusei Gengashuu"},"images":{"pages":[{"t":"j","w":538,"h":768},{"t":"j","w":538,"h":768},{"t":"j","w":538,"h":768},{"t":"j","w":538,"h":768},{"t":"j","w":538,"h":768},{"t":"j","w":538,"h":768},{"t":"j","w":538,"h":768},{"t":"j","w":538,"h":768},{"t":"j","w":538,"h":768},{"t":"j","w":538,"h":768},{"t":"j","w":538,"h":768},{"t":"j","w":538,"h":768},{"t":"j","w":538,"h":768},{"t":"j","w":538,"h":768},{"t":"j","w":538,"h":768},{"t":"j","w":538,"h":768},{"t":"j","w":538,"h":768},{"t":"j","w":538,"h":768},{"t":"j","w":538,"h":768},{"t":"j","w":538,"h":768},{"t":"j","w":538,"h":768},{"t":"j","w":538,"h":768},{"t":"j","w":538,"h":768},{"t":"j","w":538,"h":768},{"t":"j","w":538,"h":768},{"t":"j","w":538,"h":768},{"t":"j","w":538,"h":768},{"t":"j","w":538,"h":768},{"t":"j","w":538,"h":768},{"t":"j","w":538,"h":768},{"t":"j","w":538,"h":768},{"t":"j","w":538,"h":768},{"t":"j","w":538,"h":768},{"t":"j","w":538,"h":768},{"t":"j","w":538,"h":768},{"t":"j","w":538,"h":768},{"t":"j","w":538,"h":768},{"t":"j","w":538,"h":768},{"t":"j","w":538,"h":768},{"t":"j","w":538,"h":768},{"t":"j","w":538,"h":768},{"t":"j","w":538,"h":768},{"t":"j","w":538,"h":768},{"t":"j","w":538,"h":768},{"t":"j","w":538,"h":768},{"t":"j","w":538,"h":768},{"t":"j","w":538,"h":768},{"t":"j","w":538,"h":768},{"t":"j","w":538,"h":768},{"t":"j","w":538,"h":768},{"t":"j","w":538,"h":768},{"t":"j","w":538,"h":768},{"t":"j","w":538,"h":768},{"t":"j","w":538,"h":768},{"t":"j","w":538,"h":768},{"t":"j","w":538,"h":768},{"t":"j","w":538,"h":768},{"t":"j","w":538,"h":768},{"t":"j","w":538,"h":768},{"t":"j","w":538,"h":768},{"t":"j","w":538,"h":768},{"t":"j","w":538,"h":768},{"t":"j","w":538,"h":768},{"t":"j","w":538,"h":768},{"t":"j","w":538,"h":768},{"t":"j","w":538,"h":768},{"t":"j","w":538,"h":768},{"t":"j","w":538,"h":768},{"t":"j","w":538,"h":768},{"t":"j","w":538,"h":768},{"t":"j","w":538,"h":768},{"t":"j","w":538,"h":768},{"t":"j","w":538,"h":768},{"t":"j","w":538,"h":768},{"t":"j","w":538,"h":768},{"t":"j","w":538,"h":768},{"t":"j","w":538,"h":768},{"t":"j","w":538,"h":768},{"t":"j","w":538,"h":768},{"t":"j","w":538,"h":768},{"t":"j","w":538,"h":768},{"t":"j","w":538,"h":768},{"t":"j","w":538,"h":768},{"t":"j","w":538,"h":768},{"t":"j","w":538,"h":768},{"t":"j","w":538,"h":768},{"t":"j","w":538,"h":768},{"t":"j","w":538,"h":768},{"t":"j","w":538,"h":768},{"t":"j","w":538,"h":768},{"t":"j","w":538,"h":768},{"t":"j","w":538,"h":768},{"t":"j","w":538,"h":768},{"t":"j","w":538,"h":768},{"t":"j","w":538,"h":768},{"t":"j","w":538,"h":768},{"t":"j","w":538,"h":768},{"t":"j","w":538,"h":768},{"t":"j","w":538,"h":768},{"t":"j","w":538,"h":768},{"t":"j","w":538,"h":768},{"t":"j","w":538,"h":768},{"t":"j","w":538,"h":768},{"t":"j","w":538,"h":768},{"t":"j","w":538,"h":768},{"t":"j","w":538,"h":768},{"t":"j","w":538,"h":768},{"t":"j","w":538,"h":768},{"t":"j","w":538,"h":768},{"t":"j","w":538,"h":768},{"t":"j","w":538,"h":768},{"t":"j","w":538,"h":768},{"t":"j","w":538,"h":768},{"t":"j","w":538,"h":768},{"t":"j","w":538,"h":768},{"t":"j","w":538,"h":768},{"t":"j","w":538,"h":768},{"t":"j","w":538,"h":768}],"cover":{"t":"j","w":350,"h":500},"thumbnail":{"t":"j","w":250,"h":357}},"scanlator":"","upload_date":1403964911,"tags":[{"id":2937,"type":"tag","name":"big breasts","url":"/tag/big-breasts/","count":104551},{"id":19440,"type":"tag","name":"lolicon","url":"/tag/lolicon/","count":70096},{"id":27378,"type":"tag","name":"artbook","url":"/tag/artbook/","count":1831},{"id":6346,"type":"language","name":"japanese","url":"/language/japanese/","count":193003},{"id":33172,"type":"category","name":"doujinshi","url":"/category/doujinshi/","count":231184},{"id":66282,"type":"group","name":"little shiryou hozon inkai","url":"/group/little-shiryou-hozon-inkai/","count":1},{"id":50834,"type":"artist","name":"urushihara satoshi","url":"/artist/urushihara-satoshi/","count":137}],"num_pages":118,"num_favorites":49}