{"id":185,"media_id":"379","title":{"english":"[Blue Syndrome (Yuasa)] Ninja Izonshou Vol. 1 (Naruto)","japanese":"[\u9752\u8272\u75c7\u5019\u7fa4 (\u30e6\u30a2\u30b5)] \u5fcd\u8005\u4f9d\u5b58\u75c7Vol.1 (\u30ca\u30eb\u30c8)","pretty":"Ninja Izonshou Vol. 1"},"images":{"pages":[{"t":"j","w":700,"h":700},{"t":"j","w":609,"h":860},{"t":"j","w":609,"h":860},{"t":"j","w":609,"h":860},{"t":"j","w":609,"h":860},{"t":"j","w":609,"h":860},{"t":"j","w":609,"h":860},{"t":"j","w":609,"h":860},{"t":"j","w":609,"h":860},{"t":"j","w":609,"h":860},{"t":"j","w":609,"h":860},{"t":"j","w":609,"h":860},{"t":"j","w":609,"h":860},{"t":"j","w":609,"h":860},{"t":"j","w":609,"h":860},{"t":"j","w":609,"h":860},{"t":"j","w":609,"h":860},{"t":"j","w":609,"h":860},{"t":"j","w":609,"h":860},{"t":"j","w":609,"h":860}],"cover":{"t":"j","w":350,"h":350},"thumbnail":{"t":"j","w":250,"h":250}},"scanlator":"","upload_date":1403964915,"tags":[{"id":1256,"type":"artist","name":"yuasa","url":"/artist/yuasa/","count":49},{"id":3744,"type":"group","name":"blue syndrome","url":"/group/blue-syndrome/","count":31},{"id":8010,"type":"tag","name":"group","url":"/tag/group/","count":72150},{"id":11920,"type":"character","name":"sakura haruno","url":"/character/sakura-haruno/","count":479},{"id":13159,"type":"parody","name":"naruto","url":"/parody/naruto/","count":1267},{"id":19440,"type":"tag","name":"lolicon","url":"/tag/lolicon/","count":69490},{"id":6346,"type":"language","name":"japanese","url":"/language/japanese/","count":191613},{"id":33172,"type":"category","name":"doujinshi","url":"/category/doujinshi/","count":228729},{"id":10542,"type":"tag","name":"snuff","url":"/tag/snuff/","count":2358},{"id":20035,"type":"tag","name":"x-ray","url":"/tag/x-ray/","count":20947},{"id":35762,"type":"tag","name":"sole female","url":"/tag/sole-female/","count":66202},{"id":27473,"type":"tag","name":"mosaic censorship","url":"/tag/mosaic-censorship/","count":23707},{"id":20525,"type":"tag","name":"defloration","url":"/tag/defloration/","count":23209},{"id":27553,"type":"tag","name":"rape","url":"/tag/rape/","count":34191}],"num_pages":20,"num_favorites":202}