{"id":187,"media_id":"381","title":{"english":"[Blue Syndrome (Yuasa)] Ninja Izonshou Vol.extra (NARUTO)","japanese":"[\u9752\u8272\u75c7\u5019\u7fa4 (\u30e6\u30a2\u30b5)] \u5fcd\u8005\u4f9d\u5b58\u75c7Vol.extra (NARUTO -\u30ca\u30eb\u30c8-)","pretty":"Ninja Izonshou Vol.extra"},"images":{"pages":[{"t":"j","w":700,"h":700},{"t":"j","w":860,"h":1214},{"t":"j","w":860,"h":1214},{"t":"j","w":860,"h":1214},{"t":"j","w":860,"h":1214},{"t":"j","w":860,"h":1214},{"t":"j","w":860,"h":1214},{"t":"j","w":860,"h":1214},{"t":"j","w":860,"h":1214},{"t":"j","w":860,"h":1214},{"t":"j","w":860,"h":1214},{"t":"j","w":860,"h":1214},{"t":"j","w":860,"h":1214},{"t":"j","w":860,"h":1214},{"t":"j","w":860,"h":1214},{"t":"j","w":860,"h":1214},{"t":"j","w":860,"h":1214},{"t":"j","w":860,"h":1214},{"t":"j","w":860,"h":1214},{"t":"j","w":860,"h":1214}],"cover":{"t":"j","w":350,"h":350},"thumbnail":{"t":"j","w":250,"h":250}},"scanlator":"","upload_date":1403964917,"tags":[{"id":1256,"type":"artist","name":"yuasa","url":"/artist/yuasa/","count":49},{"id":3744,"type":"group","name":"blue syndrome","url":"/group/blue-syndrome/","count":31},{"id":8010,"type":"tag","name":"group","url":"/tag/group/","count":72150},{"id":13159,"type":"parody","name":"naruto","url":"/parody/naruto/","count":1267},{"id":19440,"type":"tag","name":"lolicon","url":"/tag/lolicon/","count":69490},{"id":27553,"type":"tag","name":"rape","url":"/tag/rape/","count":34191},{"id":33011,"type":"character","name":"kin tsuchi","url":"/character/kin-tsuchi/","count":6},{"id":6346,"type":"language","name":"japanese","url":"/language/japanese/","count":191613},{"id":33172,"type":"category","name":"doujinshi","url":"/category/doujinshi/","count":228729},{"id":27473,"type":"tag","name":"mosaic censorship","url":"/tag/mosaic-censorship/","count":23707},{"id":35762,"type":"tag","name":"sole female","url":"/tag/sole-female/","count":66202}],"num_pages":20,"num_favorites":178}