{"id":190,"media_id":"440","title":{"english":"[Wanyanaguda] Round Shell [English]","japanese":"[\u5b8c\u9854\u963f\u9aa8\u6253] ROUND SHELL [\u82f1\u8a33]","pretty":"Round Shell"},"images":{"pages":[{"t":"j","w":1200,"h":1076},{"t":"j","w":1037,"h":1465},{"t":"j","w":1037,"h":1465},{"t":"j","w":1200,"h":1154},{"t":"j","w":1037,"h":1465},{"t":"j","w":1037,"h":1465},{"t":"j","w":1037,"h":1465},{"t":"j","w":1037,"h":1465},{"t":"j","w":1037,"h":1465},{"t":"j","w":1037,"h":1465},{"t":"j","w":1037,"h":1465},{"t":"j","w":1037,"h":1465},{"t":"j","w":1037,"h":1465},{"t":"j","w":1037,"h":1465},{"t":"j","w":1037,"h":1465},{"t":"j","w":1037,"h":1465},{"t":"j","w":1037,"h":1465},{"t":"j","w":1037,"h":1465},{"t":"j","w":1037,"h":1465},{"t":"j","w":1037,"h":1460},{"t":"j","w":1037,"h":1465},{"t":"j","w":1037,"h":1465},{"t":"j","w":1037,"h":1460},{"t":"j","w":1037,"h":1460},{"t":"j","w":1037,"h":1460},{"t":"j","w":1037,"h":1460},{"t":"j","w":1037,"h":1460},{"t":"j","w":1037,"h":1460},{"t":"j","w":1037,"h":1460},{"t":"j","w":1037,"h":1460},{"t":"j","w":1037,"h":1460},{"t":"j","w":1037,"h":1460},{"t":"j","w":1037,"h":1460},{"t":"j","w":1037,"h":1460},{"t":"j","w":1037,"h":1460},{"t":"j","w":1037,"h":1460},{"t":"j","w":1037,"h":1460},{"t":"j","w":1037,"h":1460},{"t":"j","w":1037,"h":1460},{"t":"j","w":1037,"h":1460},{"t":"j","w":1037,"h":1460},{"t":"j","w":1037,"h":1460},{"t":"j","w":1037,"h":1460},{"t":"j","w":1037,"h":1460},{"t":"j","w":1037,"h":1460},{"t":"j","w":1037,"h":1460},{"t":"j","w":1037,"h":1460},{"t":"j","w":1037,"h":1460},{"t":"j","w":1037,"h":1460},{"t":"j","w":1037,"h":1460},{"t":"j","w":1037,"h":1460},{"t":"j","w":1037,"h":1460},{"t":"j","w":1037,"h":1460},{"t":"j","w":1037,"h":1460},{"t":"j","w":1037,"h":1460},{"t":"j","w":1037,"h":1460},{"t":"j","w":1037,"h":1460},{"t":"j","w":1037,"h":1460},{"t":"j","w":1037,"h":1460},{"t":"j","w":1037,"h":1460},{"t":"j","w":1037,"h":1460},{"t":"j","w":1037,"h":1460},{"t":"j","w":1037,"h":1460},{"t":"j","w":1037,"h":1460},{"t":"j","w":1037,"h":1460},{"t":"j","w":1037,"h":1460},{"t":"j","w":1037,"h":1460},{"t":"j","w":1037,"h":1460},{"t":"j","w":1037,"h":1460},{"t":"j","w":1037,"h":1460},{"t":"j","w":1037,"h":1460},{"t":"j","w":1037,"h":1460},{"t":"j","w":1037,"h":1460},{"t":"j","w":1037,"h":1460},{"t":"j","w":1037,"h":1460},{"t":"j","w":1037,"h":1460},{"t":"j","w":1037,"h":1460},{"t":"j","w":1037,"h":1460},{"t":"j","w":1037,"h":1460},{"t":"j","w":1037,"h":1460},{"t":"j","w":1037,"h":1460},{"t":"j","w":1037,"h":1460},{"t":"j","w":1037,"h":1460},{"t":"j","w":1037,"h":1460},{"t":"j","w":1037,"h":1460},{"t":"j","w":1037,"h":1460},{"t":"j","w":1037,"h":1460},{"t":"j","w":1037,"h":1460},{"t":"j","w":1037,"h":1460},{"t":"j","w":1037,"h":1460},{"t":"j","w":1037,"h":1460},{"t":"j","w":1037,"h":1460},{"t":"j","w":1037,"h":1460},{"t":"j","w":1037,"h":1460},{"t":"j","w":1037,"h":1460},{"t":"j","w":1037,"h":1460},{"t":"j","w":1037,"h":1460},{"t":"j","w":1037,"h":1460},{"t":"j","w":1037,"h":1460},{"t":"j","w":1037,"h":1460},{"t":"j","w":1037,"h":1460},{"t":"j","w":1037,"h":1460},{"t":"j","w":1037,"h":1460},{"t":"j","w":1037,"h":1460},{"t":"j","w":1037,"h":1460},{"t":"j","w":1037,"h":1460},{"t":"j","w":1037,"h":1460},{"t":"j","w":1037,"h":1460},{"t":"j","w":1037,"h":1460},{"t":"j","w":1037,"h":1460},{"t":"j","w":1037,"h":1460},{"t":"j","w":1037,"h":1460},{"t":"j","w":1037,"h":1460},{"t":"j","w":1037,"h":1460},{"t":"j","w":1037,"h":1460},{"t":"j","w":1037,"h":1460},{"t":"j","w":1037,"h":1460},{"t":"j","w":1037,"h":1460},{"t":"j","w":1037,"h":1460},{"t":"j","w":1037,"h":1460},{"t":"j","w":1037,"h":1460},{"t":"j","w":1037,"h":1460},{"t":"j","w":1037,"h":1460},{"t":"j","w":1037,"h":1460},{"t":"j","w":1037,"h":1460},{"t":"j","w":1037,"h":1460},{"t":"j","w":1037,"h":1460},{"t":"j","w":1037,"h":1460},{"t":"j","w":1037,"h":1460},{"t":"j","w":1037,"h":1460},{"t":"j","w":1037,"h":1460},{"t":"j","w":1037,"h":1460},{"t":"j","w":1037,"h":1460},{"t":"j","w":1037,"h":1460},{"t":"j","w":1037,"h":1460},{"t":"j","w":1037,"h":1460},{"t":"j","w":1037,"h":1460},{"t":"j","w":1037,"h":1460},{"t":"j","w":1037,"h":1460},{"t":"j","w":1037,"h":1460},{"t":"j","w":1037,"h":1460},{"t":"j","w":1037,"h":1460},{"t":"j","w":1037,"h":1460},{"t":"j","w":1037,"h":1460},{"t":"j","w":1037,"h":1460},{"t":"j","w":1037,"h":1460}],"cover":{"t":"j","w":350,"h":314},"thumbnail":{"t":"j","w":250,"h":224}},"scanlator":"","upload_date":1403964918,"tags":[{"id":266,"type":"tag","name":"sundress","url":"/tag/sundress/","count":1065},{"id":560,"type":"tag","name":"twins","url":"/tag/twins/","count":1523},{"id":8010,"type":"tag","name":"group","url":"/tag/group/","count":72150},{"id":8378,"type":"tag","name":"glasses","url":"/tag/glasses/","count":48279},{"id":9162,"type":"tag","name":"masturbation","url":"/tag/masturbation/","count":9228},{"id":9310,"type":"artist","name":"wanyanaguda","url":"/artist/wanyanaguda/","count":167},{"id":10476,"type":"tag","name":"urination","url":"/tag/urination/","count":7051},{"id":12227,"type":"language","name":"english","url":"/language/english/","count":69378},{"id":13468,"type":"tag","name":"shimapan","url":"/tag/shimapan/","count":1253},{"id":15782,"type":"tag","name":"crossdressing","url":"/tag/crossdressing/","count":12931},{"id":17249,"type":"language","name":"translated","url":"/language/translated/","count":109734},{"id":19440,"type":"tag","name":"lolicon","url":"/tag/lolicon/","count":69490},{"id":19899,"type":"tag","name":"exhibitionism","url":"/tag/exhibitionism/","count":8575},{"id":19954,"type":"tag","name":"yuri","url":"/tag/yuri/","count":20241},{"id":20035,"type":"tag","name":"x-ray","url":"/tag/x-ray/","count":20947},{"id":21538,"type":"tag","name":"bike shorts","url":"/tag/bike-shorts/","count":2354},{"id":22942,"type":"tag","name":"incest","url":"/tag/incest/","count":28107},{"id":22945,"type":"tag","name":"double penetration","url":"/tag/double-penetration/","count":24472},{"id":23237,"type":"tag","name":"tankoubon","url":"/tag/tankoubon/","count":25051},{"id":24201,"type":"tag","name":"stockings","url":"/tag/stockings/","count":64784},{"id":24380,"type":"tag","name":"pantyhose","url":"/tag/pantyhose/","count":14713},{"id":24967,"type":"tag","name":"sumata","url":"/tag/sumata/","count":1056},{"id":25744,"type":"tag","name":"cheerleader","url":"/tag/cheerleader/","count":1188},{"id":26953,"type":"tag","name":"bukkake","url":"/tag/bukkake/","count":4717},{"id":28031,"type":"tag","name":"sister","url":"/tag/sister/","count":14429},{"id":28550,"type":"tag","name":"teacher","url":"/tag/teacher/","count":9616},{"id":28800,"type":"tag","name":"bloomers","url":"/tag/bloomers/","count":5648},{"id":29859,"type":"tag","name":"blowjob","url":"/tag/blowjob/","count":37321},{"id":30555,"type":"tag","name":"big penis","url":"/tag/big-penis/","count":9176},{"id":32341,"type":"tag","name":"shotacon","url":"/tag/shotacon/","count":39737},{"id":33173,"type":"category","name":"manga","url":"/category/manga/","count":77142},{"id":10314,"type":"tag","name":"schoolgirl uniform","url":"/tag/schoolgirl-uniform/","count":56168},{"id":7942,"type":"tag","name":"pantyjob","url":"/tag/pantyjob/","count":220},{"id":5810,"type":"tag","name":"strap-on","url":"/tag/strap-on/","count":4031},{"id":29023,"type":"tag","name":"tomgirl","url":"/tag/tomgirl/","count":9618}],"num_pages":146,"num_favorites":1883}