[{"id":186,"title":"Ninja Izonshou Vol. 2","tags":["yuasa","blue syndrome","group","naruto","tayuya","defloration","rape","japanese","doujinshi","small breasts","mosaic censorship","x-ray","sole female","mind break"],"page":30},{"id":184,"title":"Red Ache","tags":["futanari","shinji ikari","group","kyouken diners","english","neon genesis evangelion","translated","lolicon","yuri","rei ayanami","yonekura kengo","bodysuit","asuka langley soryu","doujinshi","low lolicon","male on dickgirl","rape"],"page":26},{"id":181,"title":"Lady Innocent","tags":["maid","group","bondage","full color","artbook","kimura yoshihiro","shotacon","japanese","manga","stockings","garter belt","bbm","blowjob","nakadashi","urushihara satoshi"],"page":26},{"id":183,"title":"Red Ache","tags":["futanari","shinji ikari","group","kyouken diners","neon genesis evangelion","lolicon","yuri","rei ayanami","yonekura kengo","asuka langley soryu","rape","japanese","doujinshi","male on dickgirl","bodysuit"],"page":26},{"id":182,"title":"Plastic Little Shuusei Gengashuu","tags":["big breasts","lolicon","artbook","japanese","doujinshi","little shiryou hozon inkai","urushihara satoshi"],"page":118},{"id":187,"title":"Ninja Izonshou Vol.extra","tags":["yuasa","blue syndrome","group","naruto","lolicon","rape","kin tsuchi","japanese","doujinshi","mosaic censorship","sole female"],"page":20},{"id":190,"title":"Round Shell","tags":["sundress","twins","group","glasses","masturbation","wanyanaguda","urination","english","shimapan","crossdressing","translated","lolicon","exhibitionism","yuri","x-ray","bike shorts","incest","double penetration","tankoubon","stockings","pantyhose","sumata","cheerleader","bukkake","sister","teacher","bloomers","blowjob","big penis","shotacon","manga","schoolgirl uniform","pantyjob","strap-on","tomgirl"],"page":146},{"id":189,"title":"Shimai Gokko","tags":["lee","rico","english","translated","henrietta","gunslinger girl","lolicon","yuri","doujinshi","females only","pa-pu-"],"page":10},{"id":188,"title":"Angel Sweet petit","tags":["sundress","chaho","neon genesis evangelion","natsuki kotoe","asuka langley soryu","collar","japanese","doujinshi","nakadashi","sole female"],"page":24},{"id":185,"title":"Ninja Izonshou Vol. 1","tags":["yuasa","blue syndrome","group","sakura haruno","naruto","lolicon","japanese","doujinshi","snuff","x-ray","sole female","mosaic censorship","defloration","rape"],"page":20}]