{"id":100,"media_id":"722","title":{"english":"(C70) [St. Rio (Kitty)] HI Enagy 08 (Neon Genesis Evangelion, Fushigi no Umi no Nadia)","japanese":"(C70) [\u8056\u30ea\u30aa (\u30ad\u5e1d\u30a3)] HI Enagy 08 (\u65b0\u4e16\u7d00\u30a8\u30f4\u30a1\u30f3\u30b2\u30ea\u30aa\u30f3\u3001\u3075\u3057\u304e\u306e\u6d77\u306e\u30ca\u30c7\u30a3\u30a2)","pretty":"HI Enagy 08"},"images":{"pages":[{"t":"j","w":907,"h":1280},{"t":"j","w":883,"h":1265},{"t":"j","w":907,"h":1280},{"t":"j","w":907,"h":1280},{"t":"j","w":907,"h":1280},{"t":"j","w":861,"h":1256},{"t":"j","w":907,"h":1280},{"t":"j","w":907,"h":1280},{"t":"j","w":907,"h":1280},{"t":"j","w":907,"h":1280},{"t":"j","w":907,"h":1280},{"t":"j","w":907,"h":1280},{"t":"j","w":907,"h":1280},{"t":"j","w":907,"h":1280},{"t":"j","w":907,"h":1280},{"t":"j","w":907,"h":1280},{"t":"j","w":907,"h":1280},{"t":"j","w":907,"h":1280},{"t":"j","w":907,"h":1280},{"t":"j","w":907,"h":1280},{"t":"j","w":907,"h":1280},{"t":"j","w":907,"h":1280},{"t":"j","w":907,"h":1280},{"t":"j","w":907,"h":1280},{"t":"j","w":907,"h":1280},{"t":"j","w":906,"h":1280},{"t":"j","w":906,"h":1280},{"t":"j","w":906,"h":1280},{"t":"j","w":906,"h":1280},{"t":"j","w":906,"h":1280},{"t":"j","w":906,"h":1280},{"t":"j","w":906,"h":1280},{"t":"j","w":906,"h":1280},{"t":"j","w":906,"h":1280},{"t":"j","w":906,"h":1280},{"t":"j","w":906,"h":1280},{"t":"j","w":906,"h":1280},{"t":"j","w":906,"h":1280},{"t":"j","w":906,"h":1280},{"t":"j","w":906,"h":1280},{"t":"j","w":906,"h":1280},{"t":"j","w":906,"h":1280},{"t":"j","w":906,"h":1280},{"t":"j","w":906,"h":1280},{"t":"j","w":906,"h":1280},{"t":"j","w":906,"h":1280},{"t":"j","w":906,"h":1280},{"t":"j","w":906,"h":1280},{"t":"j","w":906,"h":1280},{"t":"j","w":906,"h":1280},{"t":"j","w":906,"h":1280},{"t":"j","w":906,"h":1280},{"t":"j","w":897,"h":1280},{"t":"j","w":897,"h":1280},{"t":"j","w":897,"h":1280},{"t":"j","w":896,"h":1280},{"t":"j","w":906,"h":1280},{"t":"j","w":906,"h":1280},{"t":"j","w":906,"h":1280},{"t":"j","w":906,"h":1280},{"t":"j","w":906,"h":1280},{"t":"j","w":899,"h":1280},{"t":"j","w":897,"h":1280},{"t":"j","w":906,"h":1280},{"t":"j","w":906,"h":1280},{"t":"j","w":907,"h":1280}],"cover":{"t":"j","w":350,"h":494},"thumbnail":{"t":"j","w":250,"h":353}},"scanlator":"","upload_date":1403964824,"tags":[{"id":8010,"type":"tag","name":"group","url":"/tag/group/","count":72150},{"id":11281,"type":"parody","name":"fushigi no umi no nadia","url":"/parody/fushigi-no-umi-no-nadia/","count":156},{"id":17137,"type":"parody","name":"neon genesis evangelion","url":"/parody/neon-genesis-evangelion/","count":2489},{"id":17996,"type":"artist","name":"kitty","url":"/artist/kitty/","count":276},{"id":19018,"type":"tag","name":"dark skin","url":"/tag/dark-skin/","count":21056},{"id":21081,"type":"group","name":"st. rio","url":"/group/st-rio/","count":314},{"id":21779,"type":"character","name":"rei ayanami","url":"/character/rei-ayanami/","count":1195},{"id":25125,"type":"character","name":"asuka langley soryu","url":"/character/asuka-langley-soryu/","count":1513},{"id":27468,"type":"character","name":"nadia la arwall","url":"/character/nadia-la-arwall/","count":143},{"id":27553,"type":"tag","name":"rape","url":"/tag/rape/","count":34191},{"id":6346,"type":"language","name":"japanese","url":"/language/japanese/","count":191613},{"id":33172,"type":"category","name":"doujinshi","url":"/category/doujinshi/","count":228729},{"id":3206,"type":"character","name":"shinji ikari","url":"/character/shinji-ikari/","count":1229},{"id":10314,"type":"tag","name":"schoolgirl uniform","url":"/tag/schoolgirl-uniform/","count":56168},{"id":8340,"type":"artist","name":"ishikawa jippei","url":"/artist/ishikawa-jippei/","count":37},{"id":56894,"type":"artist","name":"itsuki","url":"/artist/itsuki/","count":12}],"num_pages":66,"num_favorites":88}