{"id":92,"media_id":"711","title":{"english":"[System Speculation (Imai Youki)] LITTLE ANGEL (Neon Genesis Evangelion)","japanese":"[SYSTEM SPECULATION (\u4eca\u4e95\u7950\u7d00)] LITTLE ANGEL (\u65b0\u4e16\u7d00\u30a8\u30f4\u30a1\u30f3\u30b2\u30ea\u30aa\u30f3)","pretty":"LITTLE ANGEL"},"images":{"pages":[{"t":"j","w":1071,"h":1507},{"t":"j","w":1043,"h":1512},{"t":"j","w":1018,"h":1512},{"t":"j","w":1038,"h":1505},{"t":"j","w":1027,"h":1506},{"t":"j","w":1038,"h":1511},{"t":"j","w":1031,"h":1511},{"t":"j","w":1039,"h":1512},{"t":"j","w":1028,"h":1510},{"t":"j","w":1037,"h":1506},{"t":"j","w":1014,"h":1506},{"t":"j","w":1032,"h":1513},{"t":"j","w":1025,"h":1511},{"t":"j","w":1033,"h":1507},{"t":"j","w":1028,"h":1511},{"t":"j","w":1027,"h":1510},{"t":"j","w":1015,"h":1510},{"t":"j","w":1034,"h":1506},{"t":"j","w":1020,"h":1505},{"t":"j","w":1032,"h":1511},{"t":"j","w":1015,"h":1511},{"t":"j","w":1018,"h":1504},{"t":"j","w":1029,"h":1507},{"t":"j","w":1037,"h":1506},{"t":"j","w":1024,"h":1508},{"t":"j","w":1043,"h":1513},{"t":"j","w":1020,"h":1512},{"t":"j","w":1036,"h":1510},{"t":"j","w":1023,"h":1511},{"t":"j","w":1032,"h":1513},{"t":"j","w":1019,"h":1510},{"t":"j","w":1032,"h":1511},{"t":"j","w":998,"h":1495},{"t":"j","w":1011,"h":1495},{"t":"j","w":1021,"h":1511},{"t":"j","w":1013,"h":1493},{"t":"j","w":1016,"h":1504},{"t":"j","w":1065,"h":1507}],"cover":{"t":"j","w":350,"h":492},"thumbnail":{"t":"j","w":250,"h":352}},"scanlator":"","upload_date":1403964815,"tags":[{"id":15782,"type":"tag","name":"crossdressing","url":"/tag/crossdressing/","count":13036},{"id":17137,"type":"parody","name":"neon genesis evangelion","url":"/parody/neon-genesis-evangelion/","count":2492},{"id":25125,"type":"character","name":"asuka langley soryu","url":"/character/asuka-langley-soryu/","count":1515},{"id":6346,"type":"language","name":"japanese","url":"/language/japanese/","count":193003},{"id":33172,"type":"category","name":"doujinshi","url":"/category/doujinshi/","count":231184},{"id":10314,"type":"tag","name":"schoolgirl uniform","url":"/tag/schoolgirl-uniform/","count":56614}],"num_pages":38,"num_favorites":17}