{"id":95,"media_id":"715","title":{"english":"(C65) [System Speculation (Imai Youki)] Seiya No Onegai (Neon Genesis Evangelion)","japanese":"(C65) [SYSTEM SPECULATION (\u4eca\u4e95\u7950\u7d00)] \u8056\u591c\u306e\u304a\u9858\u3044 (\u65b0\u4e16\u7d00\u30a8\u30f4\u30a1\u30f3\u30b2\u30ea\u30aa\u30f3)","pretty":"Seiya No Onegai"},"images":{"pages":[{"t":"j","w":910,"h":1300},{"t":"j","w":895,"h":1300},{"t":"j","w":884,"h":1300},{"t":"j","w":892,"h":1300},{"t":"j","w":893,"h":1300},{"t":"j","w":892,"h":1300},{"t":"j","w":892,"h":1300},{"t":"j","w":892,"h":1300},{"t":"j","w":890,"h":1300},{"t":"j","w":892,"h":1300},{"t":"j","w":888,"h":1300},{"t":"j","w":892,"h":1300},{"t":"j","w":885,"h":1300},{"t":"j","w":917,"h":1300}],"cover":{"t":"j","w":350,"h":500},"thumbnail":{"t":"j","w":250,"h":357}},"scanlator":"","upload_date":1403964819,"tags":[{"id":17137,"type":"parody","name":"neon genesis evangelion","url":"/parody/neon-genesis-evangelion/","count":2489},{"id":25125,"type":"character","name":"asuka langley soryu","url":"/character/asuka-langley-soryu/","count":1515},{"id":30811,"type":"tag","name":"christmas","url":"/tag/christmas/","count":892},{"id":6346,"type":"language","name":"japanese","url":"/language/japanese/","count":191613},{"id":33172,"type":"category","name":"doujinshi","url":"/category/doujinshi/","count":228729}],"num_pages":14,"num_favorites":9}