{"id":97,"media_id":"718","title":{"english":"(C52) [System Speculation (Imai Youki)] TECHNICAL S.S. 1 2nd Impression (Neon Genesis Evangelion)","japanese":"(C52) [SYSTEM SPECULATION (\u4eca\u4e95\u7950\u7d00)] TECHNICAL S.S. 1 2nd Impression (\u65b0\u4e16\u7d00\u30a8\u30f4\u30a1\u30f3\u30b2\u30ea\u30aa\u30f3)","pretty":"TECHNICAL S.S. 1 2nd Impression"},"images":{"pages":[{"t":"j","w":1200,"h":1705},{"t":"j","w":1200,"h":1733},{"t":"j","w":1200,"h":1720},{"t":"j","w":1200,"h":1723},{"t":"j","w":1200,"h":1709},{"t":"j","w":1200,"h":1715},{"t":"j","w":1200,"h":1718},{"t":"j","w":1200,"h":1709},{"t":"j","w":1200,"h":1729},{"t":"j","w":1200,"h":1720},{"t":"j","w":1200,"h":1724},{"t":"j","w":1200,"h":1714},{"t":"j","w":1200,"h":1727},{"t":"j","w":1200,"h":1724},{"t":"j","w":1200,"h":1732},{"t":"j","w":1200,"h":1735},{"t":"j","w":1200,"h":1729},{"t":"j","w":1200,"h":1722},{"t":"j","w":1200,"h":1728},{"t":"j","w":1200,"h":1722},{"t":"j","w":1200,"h":1738},{"t":"j","w":1200,"h":1721},{"t":"j","w":1200,"h":1731},{"t":"j","w":1200,"h":1725},{"t":"j","w":1200,"h":1728},{"t":"j","w":1200,"h":1726},{"t":"j","w":1200,"h":1725},{"t":"j","w":1200,"h":1745},{"t":"j","w":1200,"h":1736},{"t":"j","w":1200,"h":1714}],"cover":{"t":"j","w":350,"h":497},"thumbnail":{"t":"j","w":250,"h":355}},"scanlator":"","upload_date":1403964820,"tags":[{"id":3206,"type":"character","name":"shinji ikari","url":"/character/shinji-ikari/","count":1231},{"id":17137,"type":"parody","name":"neon genesis evangelion","url":"/parody/neon-genesis-evangelion/","count":2492},{"id":25125,"type":"character","name":"asuka langley soryu","url":"/character/asuka-langley-soryu/","count":1515},{"id":6346,"type":"language","name":"japanese","url":"/language/japanese/","count":193003},{"id":33172,"type":"category","name":"doujinshi","url":"/category/doujinshi/","count":231184},{"id":10314,"type":"tag","name":"schoolgirl uniform","url":"/tag/schoolgirl-uniform/","count":56614}],"num_pages":30,"num_favorites":29}