[{"id":96,"title":"Suku Mizu Asuka","tags":["swimsuit","neon genesis evangelion","rei ayanami","asuka langley soryu","japanese","doujinshi"],"page":12},{"id":93,"title":"Mezamereba Itsumo Hitori","tags":["neon genesis evangelion","asuka langley soryu","japanese","doujinshi","schoolgirl uniform"],"page":22},{"id":92,"title":"LITTLE ANGEL","tags":["crossdressing","neon genesis evangelion","asuka langley soryu","japanese","doujinshi","schoolgirl uniform"],"page":38},{"id":95,"title":"Seiya No Onegai","tags":["neon genesis evangelion","asuka langley soryu","christmas","japanese","doujinshi"],"page":14},{"id":94,"title":"PUSHY ANGEL","tags":["neon genesis evangelion","asuka langley soryu","japanese","doujinshi","schoolgirl uniform"],"page":62},{"id":91,"title":"LAST ANGEL","tags":["big breasts","neon genesis evangelion","rei ayanami","asuka langley soryu","japanese","doujinshi","schoolgirl uniform"],"page":62},{"id":97,"title":"TECHNICAL S.S. 1 2nd Impression","tags":["shinji ikari","neon genesis evangelion","asuka langley soryu","japanese","doujinshi","schoolgirl uniform"],"page":30},{"id":100,"title":"HI Enagy 08","tags":["group","fushigi no umi no nadia","neon genesis evangelion","kitty","dark skin","st. rio","rei ayanami","asuka langley soryu","nadia la arwall","rape","japanese","doujinshi","shinji ikari","schoolgirl uniform","ishikawa jippei","itsuki"],"page":66},{"id":99,"title":"Hi Energy 05","tags":["shinji ikari","group","fushigi no umi no nadia","neon genesis evangelion","kitty","dark skin","st. rio","rei ayanami","asuka langley soryu","nadia la arwall","rape","bloomers","japanese","doujinshi","bukkake"],"page":66},{"id":98,"title":"Hi Energy 04","tags":["group","fushigi no umi no nadia","neon genesis evangelion","kitty","dark skin","st. rio","rei ayanami","misato katsuragi","asuka langley soryu","nadia la arwall","rape","japanese","doujinshi","blowjob","gokkun","nakadashi","tima"],"page":69}]