{"id":126,"media_id":"649","title":{"english":"(CR31) [Nikomark (Minazuki Juuzou, TWILIGHT)] Sekai no Chuushin de Ai o Sakenda Nikomark (Neon Genesis Evangelion)","japanese":"(C\u30ec\u30f4\u30a931) [\u306b\u3053\u307e\u3042\u304f (\u6c34\u7121\u6708\u5341\u4e09, TWILIGHT)] \u4e16\u754c\u306e\u4e2d\u5fc3\u3067\u30a2\u30a4\u3092\u53eb\u3093\u3060\u306b\u3053\u307e\u3042\u304f (\u65b0\u4e16\u7d00\u30a8\u30f4\u30a1\u30f3\u30b2\u30ea\u30aa\u30f3)","pretty":"Sekai no Chuushin de Ai o Sakenda Nikomark"},"images":{"pages":[{"t":"j","w":544,"h":757},{"t":"j","w":1200,"h":1669},{"t":"j","w":1200,"h":1669},{"t":"j","w":1200,"h":1669},{"t":"j","w":1200,"h":1669},{"t":"j","w":1200,"h":1669},{"t":"j","w":1200,"h":1669},{"t":"j","w":1200,"h":1669},{"t":"j","w":1200,"h":1669},{"t":"j","w":1200,"h":1669},{"t":"j","w":1134,"h":1577},{"t":"j","w":1134,"h":1577},{"t":"j","w":1134,"h":1577},{"t":"j","w":1134,"h":1577},{"t":"j","w":1134,"h":1577},{"t":"j","w":1134,"h":1577},{"t":"j","w":1134,"h":1577},{"t":"j","w":1134,"h":1577},{"t":"j","w":1134,"h":1577},{"t":"j","w":1134,"h":1577}],"cover":{"t":"j","w":350,"h":487},"thumbnail":{"t":"j","w":250,"h":348}},"scanlator":"","upload_date":1403964857,"tags":[{"id":779,"type":"tag","name":"futanari","url":"/tag/futanari/","count":23173},{"id":2937,"type":"tag","name":"big breasts","url":"/tag/big-breasts/","count":103273},{"id":3206,"type":"character","name":"shinji ikari","url":"/character/shinji-ikari/","count":1231},{"id":8010,"type":"tag","name":"group","url":"/tag/group/","count":72150},{"id":10811,"type":"tag","name":"double vaginal","url":"/tag/double-vaginal/","count":1490},{"id":14971,"type":"tag","name":"sex toys","url":"/tag/sex-toys/","count":20823},{"id":15463,"type":"tag","name":"mtf threesome","url":"/tag/mtf-threesome/","count":382},{"id":15658,"type":"tag","name":"bondage","url":"/tag/bondage/","count":34540},{"id":17137,"type":"parody","name":"neon genesis evangelion","url":"/parody/neon-genesis-evangelion/","count":2492},{"id":19899,"type":"tag","name":"exhibitionism","url":"/tag/exhibitionism/","count":8575},{"id":19954,"type":"tag","name":"yuri","url":"/tag/yuri/","count":20241},{"id":21779,"type":"character","name":"rei ayanami","url":"/character/rei-ayanami/","count":1196},{"id":23788,"type":"group","name":"nikomark","url":"/group/nikomark/","count":28},{"id":25125,"type":"character","name":"asuka langley soryu","url":"/character/asuka-langley-soryu/","count":1515},{"id":26420,"type":"artist","name":"twilight","url":"/artist/twilight/","count":70},{"id":27593,"type":"artist","name":"minazuki juuzou","url":"/artist/minazuki-juuzou/","count":263},{"id":31044,"type":"tag","name":"collar","url":"/tag/collar/","count":13576},{"id":32341,"type":"tag","name":"shotacon","url":"/tag/shotacon/","count":39737},{"id":6346,"type":"language","name":"japanese","url":"/language/japanese/","count":191613},{"id":33172,"type":"category","name":"doujinshi","url":"/category/doujinshi/","count":228729}],"num_pages":20,"num_favorites":57}