{"id":128,"media_id":"514","title":{"english":"(C53) [Nakayohi (Izurumi)] EN (Evangelion, Nadia The Secret Of Blue Water)","japanese":"(C53) [\u306a\u304b\u3088\u3072 (\u3044\u3065\u308b\u307f)] EN (\u65b0\u4e16\u7d00\u30a8\u30f4\u30a1\u30f3\u30b2\u30ea\u30aa\u30f3, \u3075\u3057\u304e\u306e\u6d77\u306e\u30ca\u30c7\u30a3\u30a2)","pretty":"EN"},"images":{"pages":[{"t":"j","w":701,"h":1010},{"t":"j","w":701,"h":1010},{"t":"j","w":701,"h":1010},{"t":"j","w":701,"h":1010},{"t":"j","w":701,"h":1010},{"t":"j","w":701,"h":1010},{"t":"j","w":701,"h":1010},{"t":"j","w":701,"h":1010},{"t":"j","w":701,"h":1010},{"t":"j","w":701,"h":1010},{"t":"j","w":701,"h":1010},{"t":"j","w":701,"h":1010},{"t":"j","w":701,"h":1010},{"t":"j","w":701,"h":1010},{"t":"j","w":701,"h":1010},{"t":"j","w":701,"h":1010},{"t":"j","w":701,"h":1010},{"t":"j","w":701,"h":1010},{"t":"j","w":701,"h":1010},{"t":"j","w":701,"h":1010},{"t":"j","w":701,"h":1010},{"t":"j","w":701,"h":1010},{"t":"j","w":701,"h":1010},{"t":"j","w":701,"h":1010},{"t":"j","w":701,"h":1010},{"t":"j","w":701,"h":1010},{"t":"j","w":701,"h":1010},{"t":"j","w":701,"h":1010},{"t":"j","w":701,"h":1010},{"t":"j","w":701,"h":1010},{"t":"j","w":701,"h":1010},{"t":"j","w":701,"h":1010},{"t":"j","w":701,"h":1010},{"t":"j","w":701,"h":1010},{"t":"j","w":701,"h":1010},{"t":"j","w":701,"h":1010},{"t":"j","w":701,"h":1010},{"t":"j","w":701,"h":1010},{"t":"j","w":701,"h":1010},{"t":"j","w":701,"h":1010},{"t":"j","w":701,"h":1010},{"t":"j","w":701,"h":1010}],"cover":{"t":"j","w":350,"h":504},"thumbnail":{"t":"j","w":250,"h":360}},"scanlator":"","upload_date":1403964858,"tags":[{"id":3206,"type":"character","name":"shinji ikari","url":"/character/shinji-ikari/","count":1231},{"id":11281,"type":"parody","name":"fushigi no umi no nadia","url":"/parody/fushigi-no-umi-no-nadia/","count":156},{"id":16710,"type":"group","name":"nakayohi","url":"/group/nakayohi/","count":95},{"id":17137,"type":"parody","name":"neon genesis evangelion","url":"/parody/neon-genesis-evangelion/","count":2492},{"id":19018,"type":"tag","name":"dark skin","url":"/tag/dark-skin/","count":21056},{"id":21779,"type":"character","name":"rei ayanami","url":"/character/rei-ayanami/","count":1196},{"id":21875,"type":"artist","name":"izurumi","url":"/artist/izurumi/","count":95},{"id":24412,"type":"tag","name":"bodysuit","url":"/tag/bodysuit/","count":3164},{"id":25125,"type":"character","name":"asuka langley soryu","url":"/character/asuka-langley-soryu/","count":1515},{"id":27468,"type":"character","name":"nadia la arwall","url":"/character/nadia-la-arwall/","count":143},{"id":27553,"type":"tag","name":"rape","url":"/tag/rape/","count":34545},{"id":32341,"type":"tag","name":"shotacon","url":"/tag/shotacon/","count":39737},{"id":6346,"type":"language","name":"japanese","url":"/language/japanese/","count":191613},{"id":33172,"type":"category","name":"doujinshi","url":"/category/doujinshi/","count":228729},{"id":10314,"type":"tag","name":"schoolgirl uniform","url":"/tag/schoolgirl-uniform/","count":56168}],"num_pages":42,"num_favorites":40}