{"id":129,"media_id":"515","title":{"english":"(C53) [Nakayohi (Izurumi)] EN (Neon Genesis Evangelion) [English] [Incomplete]","japanese":"(C53) [\u306a\u304b\u3088\u3072 (\u3044\u3065\u308b\u307f)] EN (\u65b0\u4e16\u7d00\u30a8\u30f4\u30a1\u30f3\u30b2\u30ea\u30aa\u30f3) [\u82f1\u8a33] [\u30da\u30fc\u30b8\u6b20\u843d]","pretty":"EN"},"images":{"pages":[{"t":"j","w":701,"h":1010},{"t":"j","w":701,"h":1010},{"t":"j","w":701,"h":1010},{"t":"j","w":681,"h":1000},{"t":"j","w":681,"h":1000},{"t":"j","w":681,"h":1000},{"t":"j","w":681,"h":1000},{"t":"j","w":681,"h":1000},{"t":"j","w":681,"h":1000},{"t":"j","w":681,"h":1000},{"t":"j","w":681,"h":1000},{"t":"j","w":681,"h":1000},{"t":"j","w":681,"h":1000},{"t":"j","w":681,"h":1000},{"t":"j","w":681,"h":1000},{"t":"j","w":681,"h":1000},{"t":"j","w":681,"h":1000},{"t":"j","w":681,"h":1000},{"t":"j","w":681,"h":1000},{"t":"j","w":681,"h":1000},{"t":"j","w":681,"h":1000},{"t":"j","w":681,"h":1000},{"t":"j","w":681,"h":1000},{"t":"j","w":681,"h":1000},{"t":"j","w":681,"h":1000},{"t":"j","w":681,"h":1000},{"t":"j","w":681,"h":1000},{"t":"j","w":681,"h":1000},{"t":"j","w":681,"h":1000},{"t":"j","w":681,"h":1000},{"t":"j","w":681,"h":1000},{"t":"j","w":681,"h":1000},{"t":"j","w":681,"h":1000},{"t":"j","w":681,"h":1000},{"t":"j","w":681,"h":1000},{"t":"j","w":701,"h":1010},{"t":"j","w":701,"h":1010}],"cover":{"t":"j","w":350,"h":504},"thumbnail":{"t":"j","w":250,"h":360}},"scanlator":"","upload_date":1403964859,"tags":[{"id":3206,"type":"character","name":"shinji ikari","url":"/character/shinji-ikari/","count":1229},{"id":12227,"type":"language","name":"english","url":"/language/english/","count":69378},{"id":16710,"type":"group","name":"nakayohi","url":"/group/nakayohi/","count":95},{"id":17137,"type":"parody","name":"neon genesis evangelion","url":"/parody/neon-genesis-evangelion/","count":2489},{"id":17249,"type":"language","name":"translated","url":"/language/translated/","count":109734},{"id":21779,"type":"character","name":"rei ayanami","url":"/character/rei-ayanami/","count":1195},{"id":21875,"type":"artist","name":"izurumi","url":"/artist/izurumi/","count":95},{"id":24412,"type":"tag","name":"bodysuit","url":"/tag/bodysuit/","count":3135},{"id":25125,"type":"character","name":"asuka langley soryu","url":"/character/asuka-langley-soryu/","count":1513},{"id":27553,"type":"tag","name":"rape","url":"/tag/rape/","count":34191},{"id":31101,"type":"tag","name":"incomplete","url":"/tag/incomplete/","count":2141},{"id":32341,"type":"tag","name":"shotacon","url":"/tag/shotacon/","count":39737},{"id":33172,"type":"category","name":"doujinshi","url":"/category/doujinshi/","count":228729},{"id":10000,"type":"character","name":"gendo ikari","url":"/character/gendo-ikari/","count":57}],"num_pages":37,"num_favorites":211}