[{"id":121,"title":"Negimaru!","tags":["group","english","chisame hasegawa","mahou sensei negima","translated","studio kimigabuchi","asuna kagurazaka","doujinshi","schoolgirl uniform","anal"],"page":38},{"id":126,"title":"Sekai no Chuushin de Ai o Sakenda Nikomark","tags":["futanari","big breasts","shinji ikari","group","double vaginal","sex toys","mtf threesome","bondage","neon genesis evangelion","exhibitionism","yuri","rei ayanami","nikomark","asuka langley soryu","twilight","minazuki juuzou","collar","shotacon","japanese","doujinshi"],"page":20},{"id":125,"title":"Omakehon 2006 Natsu","tags":["big breasts","nakayohi mogudan","neon genesis evangelion","mogudan","rei ayanami","japanese","doujinshi","schoolgirl uniform","replaced"],"page":16},{"id":122,"title":"Rinon-chan Daikatsuyaku","tags":["zoids","big breasts","group","sex toys","bondage","zoids new century","dark skin","lolicon","yuri","kousaka jun","gambler club","leena toros","japanese","doujinshi"],"page":26},{"id":124,"title":"Omakehon 2003","tags":["big breasts","group","nakayohi mogudan","neon genesis evangelion","mogudan","rei ayanami","japanese","doujinshi","schoolgirl uniform","gymshorts","sole female"],"page":24},{"id":123,"title":"Omakehon 2005","tags":["big breasts","nakayohi mogudan","neon genesis evangelion","mogudan","rei ayanami","bloomers","japanese","doujinshi","schoolgirl uniform","gymshorts","sole female"],"page":16},{"id":130,"title":"Eve","tags":["nakayohi","neon genesis evangelion","yuri","rei ayanami","izurumi","asuka langley soryu","japanese","doujinshi","females only"],"page":16},{"id":129,"title":"EN","tags":["shinji ikari","english","nakayohi","neon genesis evangelion","translated","rei ayanami","izurumi","bodysuit","asuka langley soryu","rape","incomplete","shotacon","doujinshi","gendo ikari"],"page":37},{"id":128,"title":"EN","tags":["shinji ikari","fushigi no umi no nadia","nakayohi","neon genesis evangelion","dark skin","rei ayanami","izurumi","bodysuit","asuka langley soryu","nadia la arwall","rape","shotacon","japanese","doujinshi","schoolgirl uniform"],"page":42},{"id":127,"title":"Air","tags":["shinji ikari","neon genesis evangelion","gran","asuka langley soryu","sakuratsuki rin","japanese","doujinshi","schoolgirl uniform"],"page":26}]