{"id":71,"media_id":"751","title":{"english":"[Utamaru Press (Utamaru Mikio)] ASUKABON 2 (Neon Genesis Evangelion)","japanese":"[\u3046\u305f\u307e\u308bPress (\u3046\u305f\u307e\u308b\u307f\u304d\u304a)] ASUKABON 2 (\u65b0\u4e16\u7d00\u30a8\u30f4\u30a1\u30f3\u30b2\u30ea\u30aa\u30f3)","pretty":"ASUKABON 2"},"images":{"pages":[{"t":"j","w":1200,"h":1721},{"t":"j","w":1041,"h":1497},{"t":"j","w":1041,"h":1497},{"t":"j","w":1041,"h":1497},{"t":"j","w":1060,"h":1505},{"t":"j","w":1060,"h":1505},{"t":"j","w":1060,"h":1505},{"t":"j","w":1060,"h":1505},{"t":"j","w":1052,"h":1509},{"t":"j","w":1052,"h":1509},{"t":"j","w":1052,"h":1509},{"t":"j","w":1052,"h":1509},{"t":"j","w":1052,"h":1509},{"t":"j","w":1052,"h":1509},{"t":"j","w":1052,"h":1509},{"t":"j","w":1052,"h":1509},{"t":"j","w":1052,"h":1509},{"t":"j","w":1052,"h":1509},{"t":"j","w":1052,"h":1509},{"t":"j","w":1052,"h":1509},{"t":"j","w":1052,"h":1509},{"t":"j","w":1052,"h":1509},{"t":"j","w":1052,"h":1509},{"t":"j","w":1052,"h":1509},{"t":"j","w":1052,"h":1509},{"t":"j","w":1052,"h":1509},{"t":"j","w":1052,"h":1509},{"t":"j","w":1052,"h":1509},{"t":"j","w":1052,"h":1509},{"t":"j","w":1052,"h":1509},{"t":"j","w":1052,"h":1509},{"t":"j","w":1052,"h":1509},{"t":"j","w":1052,"h":1509},{"t":"j","w":1200,"h":1717}],"cover":{"t":"j","w":350,"h":502},"thumbnail":{"t":"j","w":250,"h":359}},"scanlator":"","upload_date":1403964791,"tags":[{"id":3206,"type":"character","name":"shinji ikari","url":"/character/shinji-ikari/","count":1231},{"id":7947,"type":"artist","name":"utamaru mikio","url":"/artist/utamaru-mikio/","count":19},{"id":10633,"type":"group","name":"utamaru press","url":"/group/utamaru-press/","count":19},{"id":17137,"type":"parody","name":"neon genesis evangelion","url":"/parody/neon-genesis-evangelion/","count":2492},{"id":21779,"type":"character","name":"rei ayanami","url":"/character/rei-ayanami/","count":1196},{"id":25125,"type":"character","name":"asuka langley soryu","url":"/character/asuka-langley-soryu/","count":1515},{"id":6346,"type":"language","name":"japanese","url":"/language/japanese/","count":193003},{"id":33172,"type":"category","name":"doujinshi","url":"/category/doujinshi/","count":231184},{"id":29859,"type":"tag","name":"blowjob","url":"/tag/blowjob/","count":37977}],"num_pages":34,"num_favorites":12}