{"id":73,"media_id":"753","title":{"english":"(CR33) [Utamaru Press (Utamaru Mikio)] Baka Shinji ni Present (Neon Genesis Evangelion)","japanese":"(C\u30ec\u30f4\u30a933) [\u3046\u305f\u307e\u308bPress (\u3046\u305f\u307e\u308b\u307f\u304d\u304a)] \u30d0\u30ab\u30b7\u30f3\u30b8\u306b\u30d7\u30ec\u30bc\u30f3\u30c8 (\u65b0\u4e16\u7d00\u30a8\u30f4\u30a1\u30f3\u30b2\u30ea\u30aa\u30f3)","pretty":"Baka Shinji ni Present"},"images":{"pages":[{"t":"j","w":650,"h":917},{"t":"j","w":650,"h":923},{"t":"j","w":650,"h":923},{"t":"j","w":650,"h":923},{"t":"j","w":650,"h":923},{"t":"j","w":650,"h":923},{"t":"j","w":650,"h":923},{"t":"j","w":650,"h":923},{"t":"j","w":650,"h":923},{"t":"j","w":650,"h":923},{"t":"j","w":650,"h":923},{"t":"j","w":650,"h":923},{"t":"j","w":650,"h":923},{"t":"j","w":650,"h":923},{"t":"j","w":650,"h":923},{"t":"j","w":650,"h":923},{"t":"j","w":650,"h":923},{"t":"j","w":650,"h":923},{"t":"j","w":650,"h":923},{"t":"j","w":650,"h":923},{"t":"j","w":650,"h":923},{"t":"j","w":650,"h":913}],"cover":{"t":"j","w":350,"h":494},"thumbnail":{"t":"j","w":250,"h":353}},"scanlator":"","upload_date":1403964793,"tags":[{"id":3206,"type":"character","name":"shinji ikari","url":"/character/shinji-ikari/","count":1231},{"id":10633,"type":"group","name":"utamaru press","url":"/group/utamaru-press/","count":19},{"id":17137,"type":"parody","name":"neon genesis evangelion","url":"/parody/neon-genesis-evangelion/","count":2492},{"id":25125,"type":"character","name":"asuka langley soryu","url":"/character/asuka-langley-soryu/","count":1515},{"id":30811,"type":"tag","name":"christmas","url":"/tag/christmas/","count":892},{"id":6346,"type":"language","name":"japanese","url":"/language/japanese/","count":193003},{"id":33172,"type":"category","name":"doujinshi","url":"/category/doujinshi/","count":231184},{"id":13720,"type":"tag","name":"nakadashi","url":"/tag/nakadashi/","count":43099},{"id":7947,"type":"artist","name":"utamaru mikio","url":"/artist/utamaru-mikio/","count":19}],"num_pages":22,"num_favorites":15}