{"id":74,"media_id":"779","title":{"english":"(C54) [UGO (Nibasha Yureru)] SAL (Neon Genesis Evangelion)","japanese":"(C54) [UGO (\u8377\u99ac\u8eca\u63fa)] SAL (\u65b0\u4e16\u7d00\u30a8\u30f4\u30a1\u30f3\u30b2\u30ea\u30aa\u30f3)","pretty":"SAL"},"images":{"pages":[{"t":"j","w":919,"h":1300},{"t":"j","w":905,"h":1300},{"t":"j","w":905,"h":1300},{"t":"j","w":902,"h":1300},{"t":"j","w":902,"h":1300},{"t":"j","w":900,"h":1300},{"t":"j","w":898,"h":1300},{"t":"j","w":908,"h":1300},{"t":"j","w":893,"h":1300},{"t":"j","w":896,"h":1300},{"t":"j","w":896,"h":1300},{"t":"j","w":900,"h":1300},{"t":"j","w":893,"h":1300},{"t":"j","w":894,"h":1300},{"t":"j","w":890,"h":1300},{"t":"j","w":895,"h":1300},{"t":"j","w":896,"h":1300},{"t":"j","w":896,"h":1300},{"t":"j","w":893,"h":1300},{"t":"j","w":896,"h":1300},{"t":"j","w":896,"h":1300},{"t":"j","w":896,"h":1300},{"t":"j","w":890,"h":1300},{"t":"j","w":893,"h":1300},{"t":"j","w":893,"h":1300},{"t":"j","w":889,"h":1300},{"t":"j","w":896,"h":1300},{"t":"j","w":893,"h":1300},{"t":"j","w":893,"h":1300},{"t":"j","w":903,"h":1300},{"t":"j","w":890,"h":1300},{"t":"j","w":896,"h":1300},{"t":"j","w":890,"h":1300},{"t":"j","w":899,"h":1300},{"t":"j","w":893,"h":1300},{"t":"j","w":904,"h":1300},{"t":"j","w":893,"h":1300},{"t":"j","w":909,"h":1300}],"cover":{"t":"j","w":350,"h":495},"thumbnail":{"t":"j","w":250,"h":354}},"scanlator":"","upload_date":1403964794,"tags":[{"id":1714,"type":"artist","name":"nibasha yureru","url":"/artist/nibasha-yureru/","count":1},{"id":3206,"type":"character","name":"shinji ikari","url":"/character/shinji-ikari/","count":1231},{"id":12278,"type":"group","name":"ugo","url":"/group/ugo/","count":3},{"id":17137,"type":"parody","name":"neon genesis evangelion","url":"/parody/neon-genesis-evangelion/","count":2492},{"id":19440,"type":"tag","name":"lolicon","url":"/tag/lolicon/","count":70096},{"id":21779,"type":"character","name":"rei ayanami","url":"/character/rei-ayanami/","count":1196},{"id":24832,"type":"character","name":"misato katsuragi","url":"/character/misato-katsuragi/","count":339},{"id":25125,"type":"character","name":"asuka langley soryu","url":"/character/asuka-langley-soryu/","count":1515},{"id":6346,"type":"language","name":"japanese","url":"/language/japanese/","count":193003},{"id":33172,"type":"category","name":"doujinshi","url":"/category/doujinshi/","count":231184}],"num_pages":38,"num_favorites":17}