{"id":78,"media_id":"803","title":{"english":"[Vachicalist (Okama)] 3\u2665 (Neon Genesis Evangelion)","japanese":"[Vachicalist (\u30aa\u30ab\u30de)] 3\u2665 (\u65b0\u4e16\u7d00\u30a8\u30f4\u30a1\u30f3\u30b2\u30ea\u30aa\u30f3)","pretty":"3\u2665"},"images":{"pages":[{"t":"j","w":1065,"h":1514},{"t":"j","w":1021,"h":1505},{"t":"j","w":1021,"h":1505},{"t":"j","w":1021,"h":1505},{"t":"j","w":1021,"h":1505},{"t":"j","w":1021,"h":1505},{"t":"j","w":1021,"h":1505},{"t":"j","w":1021,"h":1505},{"t":"j","w":1021,"h":1505},{"t":"j","w":1021,"h":1505},{"t":"j","w":1021,"h":1505},{"t":"j","w":1021,"h":1505},{"t":"j","w":1021,"h":1505},{"t":"j","w":1021,"h":1505},{"t":"j","w":1021,"h":1505},{"t":"j","w":1021,"h":1505},{"t":"j","w":1021,"h":1505},{"t":"j","w":1021,"h":1505},{"t":"j","w":1021,"h":1505},{"t":"j","w":1021,"h":1505},{"t":"j","w":1021,"h":1505},{"t":"j","w":1021,"h":1505},{"t":"j","w":1021,"h":1505},{"t":"j","w":1021,"h":1505},{"t":"j","w":1021,"h":1505},{"t":"j","w":1021,"h":1505},{"t":"j","w":1021,"h":1505},{"t":"j","w":1021,"h":1505},{"t":"j","w":1021,"h":1505},{"t":"j","w":1021,"h":1505},{"t":"j","w":1021,"h":1505},{"t":"j","w":1021,"h":1505},{"t":"j","w":1021,"h":1505},{"t":"j","w":1061,"h":1514}],"cover":{"t":"j","w":350,"h":498},"thumbnail":{"t":"j","w":250,"h":355}},"scanlator":"","upload_date":1403964799,"tags":[{"id":3206,"type":"character","name":"shinji ikari","url":"/character/shinji-ikari/","count":1231},{"id":8010,"type":"tag","name":"group","url":"/tag/group/","count":72839},{"id":10000,"type":"character","name":"gendo ikari","url":"/character/gendo-ikari/","count":57},{"id":16386,"type":"artist","name":"okama","url":"/artist/okama/","count":32},{"id":17137,"type":"parody","name":"neon genesis evangelion","url":"/parody/neon-genesis-evangelion/","count":2492},{"id":21779,"type":"character","name":"rei ayanami","url":"/character/rei-ayanami/","count":1196},{"id":25125,"type":"character","name":"asuka langley soryu","url":"/character/asuka-langley-soryu/","count":1515},{"id":28210,"type":"character","name":"yui ikari","url":"/character/yui-ikari/","count":25},{"id":28755,"type":"group","name":"vachicalist","url":"/group/vachicalist/","count":6},{"id":31386,"type":"tag","name":"catgirl","url":"/tag/catgirl/","count":8367},{"id":6346,"type":"language","name":"japanese","url":"/language/japanese/","count":193003},{"id":33172,"type":"category","name":"doujinshi","url":"/category/doujinshi/","count":231184}],"num_pages":34,"num_favorites":29}