[{"id":76,"title":"W R #3","tags":["shinji ikari","neon genesis evangelion","asuka langley soryu","japanese","doujinshi"],"page":47},{"id":75,"title":"Shin Seiki Nehangelion","tags":["naschbe","neon genesis evangelion","misato katsuragi","asuka langley soryu","japanese","doujinshi"],"page":80},{"id":74,"title":"SAL","tags":["nibasha yureru","shinji ikari","ugo","neon genesis evangelion","lolicon","rei ayanami","misato katsuragi","asuka langley soryu","japanese","doujinshi"],"page":38},{"id":73,"title":"Baka Shinji ni Present","tags":["shinji ikari","utamaru press","neon genesis evangelion","asuka langley soryu","christmas","japanese","doujinshi","nakadashi","utamaru mikio"],"page":22},{"id":72,"title":"Hikari to Asuka","tags":["utamaru mikio","utamaru press","hikari horaki","neon genesis evangelion","yuri","asuka langley soryu","japanese","doujinshi","schoolgirl uniform","ffm threesome","cunnilingus","group"],"page":26},{"id":71,"title":"ASUKABON 2","tags":["shinji ikari","utamaru mikio","utamaru press","neon genesis evangelion","rei ayanami","asuka langley soryu","japanese","doujinshi","blowjob"],"page":34},{"id":80,"title":"Ai to Iu Na no Aroma","tags":["shinji ikari","group","kagawa tomonobu","neon genesis evangelion","yuri","rei ayanami","yano takumi","sukapon-do","misato katsuragi","asuka langley soryu","japanese","doujinshi","schoolgirl uniform","dilf"],"page":78},{"id":79,"title":"AC","tags":["shinji ikari","smac","hikari horaki","neon genesis evangelion","rei ayanami","activa","asuka langley soryu","japanese","doujinshi","schoolgirl uniform","dilf"],"page":46},{"id":78,"title":"3♥","tags":["shinji ikari","group","gendo ikari","okama","neon genesis evangelion","rei ayanami","asuka langley soryu","yui ikari","vachicalist","catgirl","japanese","doujinshi"],"page":34},{"id":77,"title":"01 DIGITAL","tags":["shinji ikari","shimada kazuma","neon genesis evangelion","rei ayanami","v . heracles","japanese","doujinshi","sole male"],"page":49}]