{"id":44,"media_id":"820","title":{"english":"[Anthology] Angelic Impact NUMBER 02 - Ayanami Rei Hen (Neon Genesis Evangelion)","japanese":"[\u30a2\u30f3\u30bd\u30ed\u30b8\u30fc] \u30a8\u30f3\u30b8\u30a7\u30ea\u30c3\u30af\u30fb\u30a4\u30f3\u30d1\u30af\u30c8 NUMBER 02 \u7dbe\u6ce2\u30ec\u30a4\u7bc7 (\u65b0\u4e16\u7d00\u30a8\u30f4\u30a1\u30f3\u30b2\u30ea\u30aa\u30f3)","pretty":"Angelic Impact NUMBER 02 - Ayanami Rei Hen"},"images":{"pages":[{"t":"j","w":859,"h":1200},{"t":"j","w":831,"h":1238},{"t":"j","w":838,"h":1238},{"t":"j","w":833,"h":1242},{"t":"j","w":824,"h":1242},{"t":"j","w":836,"h":1242},{"t":"j","w":821,"h":1242},{"t":"j","w":819,"h":1238},{"t":"j","w":835,"h":1238},{"t":"j","w":821,"h":1238},{"t":"j","w":839,"h":1238},{"t":"j","w":822,"h":1234},{"t":"j","w":838,"h":1234},{"t":"j","w":830,"h":1234},{"t":"j","w":835,"h":1234},{"t":"j","w":822,"h":1234},{"t":"j","w":834,"h":1234},{"t":"j","w":833,"h":1234},{"t":"j","w":824,"h":1234},{"t":"j","w":822,"h":1234},{"t":"j","w":828,"h":1234},{"t":"j","w":819,"h":1234},{"t":"j","w":828,"h":1234},{"t":"j","w":819,"h":1234},{"t":"j","w":838,"h":1234},{"t":"j","w":813,"h":1234},{"t":"j","w":828,"h":1234},{"t":"j","w":819,"h":1234},{"t":"j","w":831,"h":1234},{"t":"j","w":825,"h":1234},{"t":"j","w":821,"h":1234},{"t":"j","w":816,"h":1234},{"t":"j","w":841,"h":1234},{"t":"j","w":825,"h":1234},{"t":"j","w":824,"h":1234},{"t":"j","w":833,"h":1234},{"t":"j","w":831,"h":1234},{"t":"j","w":824,"h":1234},{"t":"j","w":818,"h":1234},{"t":"j","w":827,"h":1234},{"t":"j","w":818,"h":1234},{"t":"j","w":1200,"h":897},{"t":"j","w":831,"h":1234},{"t":"j","w":828,"h":1234},{"t":"j","w":824,"h":1234},{"t":"j","w":828,"h":1234},{"t":"j","w":824,"h":1234},{"t":"j","w":821,"h":1234},{"t":"j","w":824,"h":1234},{"t":"j","w":821,"h":1234},{"t":"j","w":828,"h":1234},{"t":"j","w":821,"h":1234},{"t":"j","w":830,"h":1234},{"t":"j","w":822,"h":1225},{"t":"j","w":836,"h":1234},{"t":"j","w":818,"h":1234},{"t":"j","w":833,"h":1234},{"t":"j","w":814,"h":1234},{"t":"j","w":839,"h":1234},{"t":"j","w":814,"h":1234},{"t":"j","w":822,"h":1234},{"t":"j","w":802,"h":1234},{"t":"j","w":831,"h":1234},{"t":"j","w":805,"h":1234},{"t":"j","w":834,"h":1238},{"t":"j","w":821,"h":1238},{"t":"j","w":831,"h":1238},{"t":"j","w":838,"h":1238},{"t":"j","w":834,"h":1238},{"t":"j","w":831,"h":1238},{"t":"j","w":840,"h":1238},{"t":"j","w":820,"h":1238},{"t":"j","w":840,"h":1238},{"t":"j","w":827,"h":1238},{"t":"j","w":843,"h":1238},{"t":"j","w":827,"h":1238},{"t":"j","w":843,"h":1238},{"t":"j","w":818,"h":1238},{"t":"j","w":837,"h":1238},{"t":"j","w":818,"h":1238},{"t":"j","w":834,"h":1238},{"t":"j","w":834,"h":1238},{"t":"j","w":844,"h":1238},{"t":"j","w":772,"h":1238},{"t":"j","w":808,"h":1238},{"t":"j","w":819,"h":1238},{"t":"j","w":840,"h":1238},{"t":"j","w":781,"h":1238},{"t":"j","w":846,"h":1238},{"t":"j","w":822,"h":1238},{"t":"j","w":831,"h":1238},{"t":"j","w":777,"h":1238},{"t":"j","w":837,"h":1238},{"t":"j","w":793,"h":1238},{"t":"j","w":849,"h":1238},{"t":"j","w":816,"h":1238},{"t":"j","w":837,"h":1238},{"t":"j","w":821,"h":1238},{"t":"j","w":840,"h":1238},{"t":"j","w":822,"h":1238},{"t":"j","w":834,"h":1238},{"t":"j","w":831,"h":1238},{"t":"j","w":834,"h":1238},{"t":"j","w":824,"h":1238},{"t":"j","w":834,"h":1238},{"t":"j","w":818,"h":1238},{"t":"j","w":838,"h":1238},{"t":"j","w":824,"h":1238},{"t":"j","w":808,"h":1238},{"t":"j","w":831,"h":1238},{"t":"j","w":843,"h":1238},{"t":"j","w":805,"h":1238},{"t":"j","w":831,"h":1238},{"t":"j","w":827,"h":1238},{"t":"j","w":837,"h":1238},{"t":"j","w":814,"h":1238},{"t":"j","w":834,"h":1238},{"t":"j","w":821,"h":1238},{"t":"j","w":787,"h":1238},{"t":"j","w":831,"h":1202},{"t":"j","w":796,"h":1236},{"t":"j","w":820,"h":1238},{"t":"j","w":837,"h":1238},{"t":"j","w":824,"h":1238},{"t":"j","w":817,"h":1238},{"t":"j","w":814,"h":1238},{"t":"j","w":805,"h":1238},{"t":"j","w":818,"h":1238},{"t":"j","w":823,"h":1238},{"t":"j","w":834,"h":1238},{"t":"j","w":837,"h":1238},{"t":"j","w":818,"h":1238},{"t":"j","w":808,"h":1238},{"t":"j","w":827,"h":1238},{"t":"j","w":834,"h":1238},{"t":"j","w":827,"h":1238},{"t":"j","w":843,"h":1238},{"t":"j","w":824,"h":1238},{"t":"j","w":831,"h":1238},{"t":"j","w":813,"h":1238},{"t":"j","w":826,"h":1238},{"t":"j","w":804,"h":1236},{"t":"j","w":828,"h":1238},{"t":"j","w":793,"h":1238},{"t":"j","w":817,"h":1238},{"t":"j","w":828,"h":1238},{"t":"j","w":828,"h":1238},{"t":"j","w":831,"h":1238},{"t":"j","w":837,"h":1238},{"t":"j","w":823,"h":1238},{"t":"j","w":843,"h":1238},{"t":"j","w":824,"h":1238},{"t":"j","w":828,"h":1238},{"t":"j","w":814,"h":1238},{"t":"j","w":816,"h":1238},{"t":"j","w":824,"h":1238},{"t":"j","w":1200,"h":891},{"t":"j","w":828,"h":1238},{"t":"j","w":827,"h":1238},{"t":"j","w":840,"h":1238},{"t":"j","w":827,"h":1238},{"t":"j","w":843,"h":1238},{"t":"j","w":821,"h":1238},{"t":"j","w":841,"h":1238},{"t":"j","w":827,"h":1238},{"t":"j","w":847,"h":1238},{"t":"j","w":808,"h":1238},{"t":"j","w":844,"h":1238},{"t":"j","w":834,"h":1238},{"t":"j","w":1200,"h":891},{"t":"j","w":857,"h":1238},{"t":"j","w":818,"h":1238},{"t":"j","w":831,"h":1238},{"t":"j","w":821,"h":1238},{"t":"j","w":850,"h":1238},{"t":"j","w":827,"h":1238},{"t":"j","w":844,"h":1238},{"t":"j","w":814,"h":1238},{"t":"j","w":843,"h":1236},{"t":"j","w":824,"h":1238},{"t":"j","w":1200,"h":891},{"t":"j","w":1200,"h":891},{"t":"j","w":849,"h":1238},{"t":"j","w":831,"h":1238},{"t":"j","w":843,"h":1238},{"t":"j","w":822,"h":1238},{"t":"j","w":552,"h":1433},{"t":"j","w":1021,"h":1200}],"cover":{"t":"j","w":350,"h":489},"thumbnail":{"t":"j","w":250,"h":349}},"scanlator":"","upload_date":1403964755,"tags":[{"id":3206,"type":"character","name":"shinji ikari","url":"/character/shinji-ikari/","count":1229},{"id":6122,"type":"artist","name":"doudantsutsuji","url":"/artist/doudantsutsuji/","count":29},{"id":8010,"type":"tag","name":"group","url":"/tag/group/","count":72150},{"id":9720,"type":"artist","name":"son gohan","url":"/artist/son-gohan/","count":1},{"id":10988,"type":"tag","name":"anthology","url":"/tag/anthology/","count":10365},{"id":11639,"type":"artist","name":"fuyunagi reku","url":"/artist/fuyunagi-reku/","count":9},{"id":14175,"type":"artist","name":"ogataya haruka","url":"/artist/ogataya-haruka/","count":20},{"id":14534,"type":"artist","name":"nawoko","url":"/artist/nawoko/","count":17},{"id":15658,"type":"tag","name":"bondage","url":"/tag/bondage/","count":34540},{"id":17137,"type":"parody","name":"neon genesis evangelion","url":"/parody/neon-genesis-evangelion/","count":2489},{"id":18708,"type":"artist","name":"takekawa ao","url":"/artist/takekawa-ao/","count":3},{"id":18987,"type":"artist","name":"umegaoka chizuko","url":"/artist/umegaoka-chizuko/","count":5},{"id":19440,"type":"tag","name":"lolicon","url":"/tag/lolicon/","count":69490},{"id":19954,"type":"tag","name":"yuri","url":"/tag/yuri/","count":20241},{"id":21779,"type":"character","name":"rei ayanami","url":"/character/rei-ayanami/","count":1195},{"id":25125,"type":"character","name":"asuka langley soryu","url":"/character/asuka-langley-soryu/","count":1513},{"id":26078,"type":"artist","name":"kimuru","url":"/artist/kimuru/","count":2},{"id":26118,"type":"artist","name":"sakurai chada","url":"/artist/sakurai-chada/","count":1},{"id":26794,"type":"artist","name":"t.fumiya","url":"/artist/t-fumiya/","count":13},{"id":27371,"type":"artist","name":"miyashita miki","url":"/artist/miyashita-miki/","count":126},{"id":30661,"type":"artist","name":"tamahara takapon","url":"/artist/tamahara-takapon/","count":5},{"id":31066,"type":"artist","name":"choco","url":"/artist/choco/","count":25},{"id":31386,"type":"tag","name":"catgirl","url":"/tag/catgirl/","count":8286},{"id":32909,"type":"artist","name":"tohno maki","url":"/artist/tohno-maki/","count":2},{"id":6346,"type":"language","name":"japanese","url":"/language/japanese/","count":191613},{"id":33173,"type":"category","name":"manga","url":"/category/manga/","count":77142},{"id":10314,"type":"tag","name":"schoolgirl uniform","url":"/tag/schoolgirl-uniform/","count":56168},{"id":7752,"type":"tag","name":"schoolboy uniform","url":"/tag/schoolboy-uniform/","count":12311}],"num_pages":188,"num_favorites":44}