[{"id":41,"title":"Koujoku no Refrain","tags":["scat","enema","anal","sex toys","neon genesis evangelion","rei ayanami","inflation","bodysuit","bbsacon","asuka langley soryu","yomothuhirasaka","japanese","doujinshi","yappari suki","koyobi"],"page":26},{"id":42,"title":"Angelic Impact NUMBER 01","tags":["shinji ikari","gag","morinaga milk","group","shibaura yuu","anthology","nawoko","yamino yomiko","bondage","neon genesis evangelion","gran","rei ayanami","amoi jun","asuka langley soryu","sakuratsuki rin","miyashita miki","toono gurita","maya kaoruko","zaou taishi","tohno maki","yuuki setsuna","japanese","manga","schoolgirl uniform","schoolboy uniform"],"page":183},{"id":44,"title":"Angelic Impact NUMBER 02 - Ayanami Rei Hen","tags":["shinji ikari","doudantsutsuji","group","son gohan","anthology","fuyunagi reku","ogataya haruka","nawoko","bondage","neon genesis evangelion","takekawa ao","umegaoka chizuko","lolicon","yuri","rei ayanami","asuka langley soryu","kimuru","sakurai chada","t.fumiya","miyashita miki","tamahara takapon","choco","catgirl","tohno maki","japanese","manga","schoolgirl uniform","schoolboy uniform"],"page":188},{"id":43,"title":"Hinakan Hi! Vol. 03","tags":["futanari","bdsm","teruki kuma","spanking","pregnant","group","anthology","kasaki04","benjamin","r-koga","mizui kaou","araki akira","makita yoshiharu","bondage","yasui hirosato","kyouichirou","mutou tetsu","lolicon","yuri","gorgeous takarada","incest","t.k-1","meramera jealousy","sasakura ayato","rape","nekogen","suiden moon","mugendai","bloomers","dick growth","shotacon","japanese","manga","schoolgirl uniform","crossdressing","blowjob","anal"],"page":300},{"id":46,"title":"ANGELic IMPACT NUMBER 05 - Shinji Jutai Kokuchi Hen","tags":["shinji ikari","group","anthology","hikari horaki","neon genesis evangelion","yuri","rei ayanami","misato katsuragi","asuka langley soryu","japanese","manga","schoolgirl uniform","schoolboy uniform","rocket kyoudai","takekawa ao","fujiya yoshiko","amou mari","gin kemeko","yamino yomiko","sakuratsuki rin","sawaki","zaou taishi"],"page":194},{"id":45,"title":"ANGELic IMPACT NUMBER 03 - Asuka VS Rei Hen","tags":["arou rei","shinji ikari","morinaga milk","group","anthology","kaworu nagisa","nawoko","neon genesis evangelion","gran","takekawa ao","rei ayanami","kouno yukiyo","asuka langley soryu","kimuru","lenalee lee","sakuratsuki rin","japanese","manga","schoolboy uniform","schoolgirl uniform"],"page":193},{"id":47,"title":"ANGELic IMPACT NUMBER 07 - Fukkatsu!! Asuka Hen","tags":["shinji ikari","japanese","group","schoolgirl uniform","anthology","neon genesis evangelion","gran","yuri","rei ayanami","peppy angel","misato katsuragi","asuka langley soryu","nago k","sakuratsuki rin","rape","studio boxer","manga"],"page":188},{"id":49,"title":"ANGELic IMPACT NUMBER 09 - Saisei Hen","tags":["shinji ikari","group","anthology","rapture","neon genesis evangelion","gran","yuri","rei ayanami","peppy angel","misato katsuragi","asuka langley soryu","sakuratsuki rin","japanese","manga","schoolgirl uniform"],"page":198},{"id":50,"title":"Getsurakuyou","tags":["carnelian","group","tomomi harukawa","moonlight lady","ffm threesome","yuri","carnelian","suzuna kuraki","japanese","doujinshi"],"page":18},{"id":48,"title":"ANGELic IMPACT NUMBER 08 - Shingen Hen","tags":["ys company","japanese","schoolboy uniform","group","schoolgirl uniform","anthology","kaworu nagisa","hikari horaki","ritsuko akagi","neon genesis evangelion","ehoba","rei ayanami","misato katsuragi","kouno yukiyo","asuka langley soryu","nago k","rape","tamahara takapon","toono gurita","zaou taishi","araki you","kawamoto takahiro","manga"],"page":192}]