{"id":24,"media_id":"874","title":{"english":"[Higashimidou Hisagi] Momozono Gakuensei Kagaku Jugyou Houkago Fuck - After School Fuck","japanese":"[\u6771\u5fa1\u5802\u3072\u3055\u304e] \u6843\u5712\u5b66\u5712\u6027\u5316\u5b66\u6388\u696d\u653e\u8ab2\u5f8c\u30d5\u30a1\u30c3\u30af","pretty":"Momozono Gakuensei Kagaku Jugyou Houkago Fuck - After School Fuck"},"images":{"pages":[{"t":"j","w":1200,"h":515},{"t":"j","w":1200,"h":812},{"t":"j","w":987,"h":1400},{"t":"j","w":987,"h":1400},{"t":"j","w":987,"h":1400},{"t":"j","w":987,"h":1400},{"t":"j","w":975,"h":1400},{"t":"j","w":975,"h":1400},{"t":"j","w":975,"h":1400},{"t":"j","w":975,"h":1400},{"t":"j","w":975,"h":1400},{"t":"j","w":975,"h":1400},{"t":"j","w":975,"h":1400},{"t":"j","w":975,"h":1400},{"t":"j","w":975,"h":1400},{"t":"j","w":975,"h":1400},{"t":"j","w":975,"h":1400},{"t":"j","w":975,"h":1400},{"t":"j","w":975,"h":1400},{"t":"j","w":975,"h":1400},{"t":"j","w":975,"h":1400},{"t":"j","w":975,"h":1400},{"t":"j","w":975,"h":1400},{"t":"j","w":975,"h":1400},{"t":"j","w":975,"h":1400},{"t":"j","w":975,"h":1400},{"t":"j","w":975,"h":1400},{"t":"j","w":975,"h":1400},{"t":"j","w":975,"h":1400},{"t":"j","w":975,"h":1400},{"t":"j","w":975,"h":1400},{"t":"j","w":975,"h":1400},{"t":"j","w":975,"h":1400},{"t":"j","w":975,"h":1400},{"t":"j","w":975,"h":1400},{"t":"j","w":975,"h":1400},{"t":"j","w":975,"h":1400},{"t":"j","w":975,"h":1400},{"t":"j","w":975,"h":1400},{"t":"j","w":975,"h":1400},{"t":"j","w":975,"h":1400},{"t":"j","w":975,"h":1400},{"t":"j","w":975,"h":1400},{"t":"j","w":975,"h":1400},{"t":"j","w":975,"h":1400},{"t":"j","w":975,"h":1400},{"t":"j","w":975,"h":1400},{"t":"j","w":975,"h":1400},{"t":"j","w":975,"h":1400},{"t":"j","w":975,"h":1400},{"t":"j","w":975,"h":1400},{"t":"j","w":975,"h":1400},{"t":"j","w":975,"h":1400},{"t":"j","w":975,"h":1400},{"t":"j","w":975,"h":1400},{"t":"j","w":975,"h":1400},{"t":"j","w":975,"h":1400},{"t":"j","w":975,"h":1400},{"t":"j","w":975,"h":1400},{"t":"j","w":975,"h":1400},{"t":"j","w":975,"h":1400},{"t":"j","w":975,"h":1400},{"t":"j","w":975,"h":1400},{"t":"j","w":975,"h":1400},{"t":"j","w":975,"h":1400},{"t":"j","w":975,"h":1400},{"t":"j","w":975,"h":1400},{"t":"j","w":975,"h":1400},{"t":"j","w":975,"h":1400},{"t":"j","w":975,"h":1400},{"t":"j","w":975,"h":1400},{"t":"j","w":975,"h":1400},{"t":"j","w":975,"h":1400},{"t":"j","w":975,"h":1400},{"t":"j","w":975,"h":1400},{"t":"j","w":975,"h":1400},{"t":"j","w":975,"h":1400},{"t":"j","w":975,"h":1400},{"t":"j","w":975,"h":1400},{"t":"j","w":975,"h":1400},{"t":"j","w":975,"h":1400},{"t":"j","w":975,"h":1400},{"t":"j","w":975,"h":1400},{"t":"j","w":975,"h":1400},{"t":"j","w":975,"h":1400},{"t":"j","w":975,"h":1400},{"t":"j","w":975,"h":1400},{"t":"j","w":975,"h":1400},{"t":"j","w":975,"h":1400},{"t":"j","w":975,"h":1400},{"t":"j","w":975,"h":1400},{"t":"j","w":975,"h":1400},{"t":"j","w":975,"h":1400},{"t":"j","w":975,"h":1400},{"t":"j","w":975,"h":1400},{"t":"j","w":975,"h":1400},{"t":"j","w":975,"h":1400},{"t":"j","w":975,"h":1400},{"t":"j","w":975,"h":1400},{"t":"j","w":1200,"h":864},{"t":"j","w":975,"h":1400},{"t":"j","w":975,"h":1400},{"t":"j","w":975,"h":1400},{"t":"j","w":975,"h":1400},{"t":"j","w":975,"h":1400},{"t":"j","w":975,"h":1400},{"t":"j","w":975,"h":1400},{"t":"j","w":975,"h":1400},{"t":"j","w":975,"h":1400},{"t":"j","w":975,"h":1400},{"t":"j","w":975,"h":1400},{"t":"j","w":975,"h":1400},{"t":"j","w":975,"h":1400},{"t":"j","w":975,"h":1400},{"t":"j","w":975,"h":1400},{"t":"j","w":975,"h":1400},{"t":"j","w":975,"h":1400},{"t":"j","w":975,"h":1400},{"t":"j","w":975,"h":1400},{"t":"j","w":975,"h":1400},{"t":"j","w":975,"h":1400},{"t":"j","w":975,"h":1400},{"t":"j","w":975,"h":1400},{"t":"j","w":975,"h":1400},{"t":"j","w":975,"h":1400},{"t":"j","w":975,"h":1400},{"t":"j","w":975,"h":1400},{"t":"j","w":975,"h":1400},{"t":"j","w":975,"h":1400},{"t":"j","w":975,"h":1400},{"t":"j","w":975,"h":1400},{"t":"j","w":975,"h":1400},{"t":"j","w":975,"h":1400},{"t":"j","w":975,"h":1400},{"t":"j","w":975,"h":1400},{"t":"j","w":975,"h":1400},{"t":"j","w":975,"h":1400},{"t":"j","w":975,"h":1400},{"t":"j","w":975,"h":1400},{"t":"j","w":975,"h":1400},{"t":"j","w":975,"h":1400},{"t":"j","w":975,"h":1400},{"t":"j","w":975,"h":1400},{"t":"j","w":975,"h":1400},{"t":"j","w":975,"h":1400},{"t":"j","w":975,"h":1400},{"t":"j","w":975,"h":1400},{"t":"j","w":975,"h":1400},{"t":"j","w":975,"h":1400},{"t":"j","w":975,"h":1400},{"t":"j","w":975,"h":1400},{"t":"j","w":975,"h":1400},{"t":"j","w":975,"h":1400},{"t":"j","w":975,"h":1400},{"t":"j","w":975,"h":1400},{"t":"j","w":975,"h":1400},{"t":"j","w":975,"h":1400},{"t":"j","w":975,"h":1400},{"t":"j","w":975,"h":1400},{"t":"j","w":975,"h":1400},{"t":"j","w":975,"h":1400},{"t":"j","w":975,"h":1400},{"t":"j","w":975,"h":1400},{"t":"j","w":975,"h":1400},{"t":"j","w":975,"h":1400},{"t":"j","w":975,"h":1400},{"t":"j","w":975,"h":1400},{"t":"j","w":975,"h":1400},{"t":"j","w":975,"h":1400},{"t":"j","w":975,"h":1400},{"t":"j","w":975,"h":1400},{"t":"j","w":975,"h":1400},{"t":"j","w":975,"h":1400},{"t":"j","w":975,"h":1400},{"t":"j","w":975,"h":1400},{"t":"j","w":975,"h":1400},{"t":"j","w":975,"h":1400},{"t":"j","w":975,"h":1400},{"t":"j","w":975,"h":1400},{"t":"j","w":987,"h":1400},{"t":"j","w":987,"h":1400}],"cover":{"t":"j","w":350,"h":150},"thumbnail":{"t":"j","w":250,"h":107}},"scanlator":"","upload_date":1403964745,"tags":[{"id":190,"type":"tag","name":"maid","url":"/tag/maid/","count":10550},{"id":779,"type":"tag","name":"futanari","url":"/tag/futanari/","count":23173},{"id":1207,"type":"tag","name":"milf","url":"/tag/milf/","count":22588},{"id":2937,"type":"tag","name":"big breasts","url":"/tag/big-breasts/","count":103273},{"id":3666,"type":"tag","name":"garter belt","url":"/tag/garter-belt/","count":7640},{"id":3735,"type":"tag","name":"swimsuit","url":"/tag/swimsuit/","count":19363},{"id":5357,"type":"tag","name":"humiliation","url":"/tag/humiliation/","count":1762},{"id":6146,"type":"artist","name":"higashimidou hisagi","url":"/artist/higashimidou-hisagi/","count":41},{"id":6525,"type":"tag","name":"nurse","url":"/tag/nurse/","count":3629},{"id":8010,"type":"tag","name":"group","url":"/tag/group/","count":72150},{"id":8378,"type":"tag","name":"glasses","url":"/tag/glasses/","count":48279},{"id":14283,"type":"tag","name":"anal","url":"/tag/anal/","count":64587},{"id":14971,"type":"tag","name":"sex toys","url":"/tag/sex-toys/","count":20823},{"id":15658,"type":"tag","name":"bondage","url":"/tag/bondage/","count":34540},{"id":15782,"type":"tag","name":"crossdressing","url":"/tag/crossdressing/","count":12931},{"id":19899,"type":"tag","name":"exhibitionism","url":"/tag/exhibitionism/","count":8575},{"id":19954,"type":"tag","name":"yuri","url":"/tag/yuri/","count":20241},{"id":23237,"type":"tag","name":"tankoubon","url":"/tag/tankoubon/","count":25051},{"id":24201,"type":"tag","name":"stockings","url":"/tag/stockings/","count":64784},{"id":25614,"type":"tag","name":"paizuri","url":"/tag/paizuri/","count":22785},{"id":27553,"type":"tag","name":"rape","url":"/tag/rape/","count":34191},{"id":28550,"type":"tag","name":"teacher","url":"/tag/teacher/","count":9616},{"id":32745,"type":"tag","name":"chikan","url":"/tag/chikan/","count":2032},{"id":6346,"type":"language","name":"japanese","url":"/language/japanese/","count":191613},{"id":33173,"type":"category","name":"manga","url":"/category/manga/","count":77142},{"id":10314,"type":"tag","name":"schoolgirl uniform","url":"/tag/schoolgirl-uniform/","count":56168},{"id":8739,"type":"tag","name":"story arc","url":"/tag/story-arc/","count":9145},{"id":29023,"type":"tag","name":"tomgirl","url":"/tag/tomgirl/","count":9618}],"num_pages":181,"num_favorites":278}