{"id":28,"media_id":"878","title":{"english":"[Fujii Akiko, Akiyama Michio] Hitozuma Moyou 4 Yogarizuma","japanese":"[\u3075\u3058\u3044\u3042\u304d\u3053\u3001\u79cb\u5c71\u9053\u592b] \u4eba\u59bb\u6a21\u69d84 \u60a6\u308a\u59bb","pretty":"Hitozuma Moyou 4 Yogarizuma"},"images":{"pages":[{"t":"j","w":965,"h":1220},{"t":"j","w":540,"h":1220},{"t":"j","w":950,"h":1220},{"t":"j","w":856,"h":1220},{"t":"j","w":850,"h":1220},{"t":"j","w":861,"h":1220},{"t":"j","w":861,"h":1220},{"t":"j","w":861,"h":1220},{"t":"j","w":861,"h":1220},{"t":"j","w":861,"h":1220},{"t":"j","w":861,"h":1220},{"t":"j","w":861,"h":1220},{"t":"j","w":861,"h":1220},{"t":"j","w":861,"h":1220},{"t":"j","w":861,"h":1220},{"t":"j","w":861,"h":1220},{"t":"j","w":861,"h":1220},{"t":"j","w":861,"h":1220},{"t":"j","w":861,"h":1220},{"t":"j","w":861,"h":1220},{"t":"j","w":861,"h":1220},{"t":"j","w":861,"h":1220},{"t":"j","w":861,"h":1220},{"t":"j","w":861,"h":1220},{"t":"j","w":861,"h":1220},{"t":"j","w":861,"h":1220},{"t":"j","w":861,"h":1220},{"t":"j","w":861,"h":1220},{"t":"j","w":861,"h":1220},{"t":"j","w":861,"h":1220},{"t":"j","w":861,"h":1220},{"t":"j","w":861,"h":1220},{"t":"j","w":861,"h":1220},{"t":"j","w":861,"h":1220},{"t":"j","w":861,"h":1220},{"t":"j","w":861,"h":1220},{"t":"j","w":861,"h":1220},{"t":"j","w":861,"h":1220},{"t":"j","w":861,"h":1220},{"t":"j","w":861,"h":1220},{"t":"j","w":861,"h":1220},{"t":"j","w":861,"h":1220},{"t":"j","w":861,"h":1220},{"t":"j","w":861,"h":1220},{"t":"j","w":861,"h":1220},{"t":"j","w":861,"h":1220},{"t":"j","w":861,"h":1220},{"t":"j","w":861,"h":1220},{"t":"j","w":861,"h":1220},{"t":"j","w":861,"h":1220},{"t":"j","w":861,"h":1220},{"t":"j","w":861,"h":1220},{"t":"j","w":861,"h":1220},{"t":"j","w":861,"h":1220},{"t":"j","w":861,"h":1220},{"t":"j","w":861,"h":1220},{"t":"j","w":861,"h":1220},{"t":"j","w":861,"h":1220},{"t":"j","w":861,"h":1220},{"t":"j","w":861,"h":1220},{"t":"j","w":861,"h":1220},{"t":"j","w":861,"h":1220},{"t":"j","w":861,"h":1220},{"t":"j","w":861,"h":1220},{"t":"j","w":861,"h":1220},{"t":"j","w":861,"h":1220},{"t":"j","w":1200,"h":855},{"t":"j","w":861,"h":1220},{"t":"j","w":861,"h":1220},{"t":"j","w":861,"h":1220},{"t":"j","w":861,"h":1220},{"t":"j","w":861,"h":1220},{"t":"j","w":861,"h":1220},{"t":"j","w":861,"h":1220},{"t":"j","w":861,"h":1220},{"t":"j","w":861,"h":1220},{"t":"j","w":861,"h":1220},{"t":"j","w":861,"h":1220},{"t":"j","w":861,"h":1220},{"t":"j","w":861,"h":1220},{"t":"j","w":861,"h":1220},{"t":"j","w":861,"h":1220},{"t":"j","w":861,"h":1220},{"t":"j","w":861,"h":1220},{"t":"j","w":861,"h":1220},{"t":"j","w":861,"h":1220},{"t":"j","w":861,"h":1220},{"t":"j","w":861,"h":1220},{"t":"j","w":861,"h":1220},{"t":"j","w":861,"h":1220},{"t":"j","w":861,"h":1220},{"t":"j","w":861,"h":1220},{"t":"j","w":861,"h":1220},{"t":"j","w":861,"h":1220},{"t":"j","w":861,"h":1220},{"t":"j","w":1200,"h":853},{"t":"j","w":861,"h":1220},{"t":"j","w":861,"h":1220},{"t":"j","w":861,"h":1220},{"t":"j","w":861,"h":1220},{"t":"j","w":861,"h":1220},{"t":"j","w":861,"h":1220},{"t":"j","w":861,"h":1220},{"t":"j","w":861,"h":1220},{"t":"j","w":861,"h":1220},{"t":"j","w":861,"h":1220},{"t":"j","w":861,"h":1220},{"t":"j","w":861,"h":1220},{"t":"j","w":861,"h":1220},{"t":"j","w":861,"h":1220},{"t":"j","w":861,"h":1220},{"t":"j","w":861,"h":1220},{"t":"j","w":861,"h":1220},{"t":"j","w":861,"h":1220},{"t":"j","w":861,"h":1220},{"t":"j","w":861,"h":1220},{"t":"j","w":861,"h":1220},{"t":"j","w":861,"h":1220},{"t":"j","w":861,"h":1220},{"t":"j","w":861,"h":1220},{"t":"j","w":861,"h":1220},{"t":"j","w":861,"h":1220},{"t":"j","w":861,"h":1220},{"t":"j","w":861,"h":1220},{"t":"j","w":861,"h":1220},{"t":"j","w":861,"h":1220},{"t":"j","w":861,"h":1220},{"t":"j","w":861,"h":1220},{"t":"j","w":861,"h":1220},{"t":"j","w":861,"h":1220},{"t":"j","w":861,"h":1220},{"t":"j","w":861,"h":1220},{"t":"j","w":861,"h":1220},{"t":"j","w":861,"h":1220},{"t":"j","w":861,"h":1220},{"t":"j","w":861,"h":1220},{"t":"j","w":861,"h":1220},{"t":"j","w":861,"h":1220},{"t":"j","w":861,"h":1220},{"t":"j","w":861,"h":1220},{"t":"j","w":861,"h":1220},{"t":"j","w":861,"h":1220},{"t":"j","w":861,"h":1220},{"t":"j","w":861,"h":1220},{"t":"j","w":861,"h":1220},{"t":"j","w":861,"h":1220},{"t":"j","w":861,"h":1220},{"t":"j","w":861,"h":1220},{"t":"j","w":861,"h":1220},{"t":"j","w":861,"h":1220},{"t":"j","w":861,"h":1220},{"t":"j","w":861,"h":1220},{"t":"j","w":861,"h":1220},{"t":"j","w":861,"h":1220},{"t":"j","w":861,"h":1220},{"t":"j","w":861,"h":1220},{"t":"j","w":861,"h":1220},{"t":"j","w":861,"h":1220},{"t":"j","w":861,"h":1220},{"t":"j","w":861,"h":1220},{"t":"j","w":861,"h":1220},{"t":"j","w":861,"h":1220},{"t":"j","w":861,"h":1220},{"t":"j","w":861,"h":1220},{"t":"j","w":1200,"h":856},{"t":"j","w":861,"h":1220},{"t":"j","w":861,"h":1220},{"t":"j","w":861,"h":1220},{"t":"j","w":861,"h":1220},{"t":"j","w":861,"h":1220},{"t":"j","w":950,"h":1220},{"t":"j","w":536,"h":1220},{"t":"j","w":969,"h":1220}],"cover":{"t":"j","w":350,"h":442},"thumbnail":{"t":"j","w":250,"h":316}},"scanlator":"","upload_date":1403964747,"tags":[{"id":1207,"type":"tag","name":"milf","url":"/tag/milf/","count":22588},{"id":2937,"type":"tag","name":"big breasts","url":"/tag/big-breasts/","count":103273},{"id":8010,"type":"tag","name":"group","url":"/tag/group/","count":72150},{"id":9162,"type":"tag","name":"masturbation","url":"/tag/masturbation/","count":9228},{"id":15853,"type":"tag","name":"mother","url":"/tag/mother/","count":7877},{"id":19954,"type":"tag","name":"yuri","url":"/tag/yuri/","count":20241},{"id":23237,"type":"tag","name":"tankoubon","url":"/tag/tankoubon/","count":25051},{"id":24529,"type":"tag","name":"bride","url":"/tag/bride/","count":1023},{"id":24726,"type":"tag","name":"apron","url":"/tag/apron/","count":2921},{"id":26466,"type":"artist","name":"fujii akiko","url":"/artist/fujii-akiko/","count":59},{"id":27553,"type":"tag","name":"rape","url":"/tag/rape/","count":34191},{"id":28800,"type":"tag","name":"bloomers","url":"/tag/bloomers/","count":5648},{"id":29399,"type":"tag","name":"daughter","url":"/tag/daughter/","count":2824},{"id":30811,"type":"tag","name":"christmas","url":"/tag/christmas/","count":886},{"id":31386,"type":"tag","name":"catgirl","url":"/tag/catgirl/","count":8286},{"id":6346,"type":"language","name":"japanese","url":"/language/japanese/","count":191613},{"id":33173,"type":"category","name":"manga","url":"/category/manga/","count":77142},{"id":54487,"type":"artist","name":"akiyama michio","url":"/artist/akiyama-michio/","count":13}],"num_pages":173,"num_favorites":125}