{"id":29,"media_id":"879","title":{"english":"[Kurikara] Kamatte Kamatte!","japanese":"[\u5036\u68a8\u4f3d\u7f85] \u304b\u307e\u3063\u3066\u304b\u307e\u3063\u3066\uff01","pretty":"Kamatte Kamatte!"},"images":{"pages":[{"t":"j","w":1200,"h":988},{"t":"j","w":1200,"h":1059},{"t":"j","w":975,"h":1400},{"t":"j","w":975,"h":1400},{"t":"j","w":975,"h":1400},{"t":"j","w":975,"h":1400},{"t":"j","w":975,"h":1400},{"t":"j","w":975,"h":1400},{"t":"j","w":975,"h":1400},{"t":"j","w":975,"h":1400},{"t":"j","w":975,"h":1400},{"t":"j","w":975,"h":1400},{"t":"j","w":975,"h":1400},{"t":"j","w":975,"h":1400},{"t":"j","w":975,"h":1400},{"t":"j","w":975,"h":1400},{"t":"j","w":975,"h":1400},{"t":"j","w":975,"h":1400},{"t":"j","w":975,"h":1400},{"t":"j","w":975,"h":1400},{"t":"j","w":975,"h":1400},{"t":"j","w":975,"h":1400},{"t":"j","w":975,"h":1400},{"t":"j","w":975,"h":1400},{"t":"j","w":975,"h":1400},{"t":"j","w":975,"h":1400},{"t":"j","w":975,"h":1400},{"t":"j","w":975,"h":1400},{"t":"j","w":975,"h":1400},{"t":"j","w":975,"h":1400},{"t":"j","w":975,"h":1400},{"t":"j","w":975,"h":1400},{"t":"j","w":975,"h":1400},{"t":"j","w":975,"h":1400},{"t":"j","w":975,"h":1400},{"t":"j","w":975,"h":1400},{"t":"j","w":975,"h":1400},{"t":"j","w":975,"h":1400},{"t":"j","w":975,"h":1400},{"t":"j","w":975,"h":1400},{"t":"j","w":975,"h":1400},{"t":"j","w":975,"h":1400},{"t":"j","w":975,"h":1400},{"t":"j","w":975,"h":1400},{"t":"j","w":975,"h":1400},{"t":"j","w":975,"h":1400},{"t":"j","w":975,"h":1400},{"t":"j","w":975,"h":1400},{"t":"j","w":975,"h":1400},{"t":"j","w":975,"h":1400},{"t":"j","w":975,"h":1400},{"t":"j","w":975,"h":1400},{"t":"j","w":975,"h":1400},{"t":"j","w":975,"h":1400},{"t":"j","w":975,"h":1400},{"t":"j","w":975,"h":1400},{"t":"j","w":975,"h":1400},{"t":"j","w":975,"h":1400},{"t":"j","w":975,"h":1400},{"t":"j","w":975,"h":1400},{"t":"j","w":975,"h":1400},{"t":"j","w":975,"h":1400},{"t":"j","w":975,"h":1400},{"t":"j","w":975,"h":1400},{"t":"j","w":975,"h":1400},{"t":"j","w":975,"h":1400},{"t":"j","w":975,"h":1400},{"t":"j","w":975,"h":1400},{"t":"j","w":975,"h":1400},{"t":"j","w":975,"h":1400},{"t":"j","w":975,"h":1400},{"t":"j","w":975,"h":1400},{"t":"j","w":975,"h":1400},{"t":"j","w":975,"h":1400},{"t":"j","w":975,"h":1400},{"t":"j","w":975,"h":1400},{"t":"j","w":975,"h":1400},{"t":"j","w":975,"h":1400},{"t":"j","w":975,"h":1400},{"t":"j","w":975,"h":1400},{"t":"j","w":975,"h":1400},{"t":"j","w":975,"h":1400},{"t":"j","w":975,"h":1400},{"t":"j","w":975,"h":1400},{"t":"j","w":975,"h":1400},{"t":"j","w":975,"h":1400},{"t":"j","w":975,"h":1400},{"t":"j","w":975,"h":1400},{"t":"j","w":975,"h":1400},{"t":"j","w":975,"h":1400},{"t":"j","w":975,"h":1400},{"t":"j","w":975,"h":1400},{"t":"j","w":975,"h":1400},{"t":"j","w":975,"h":1400},{"t":"j","w":975,"h":1400},{"t":"j","w":975,"h":1400},{"t":"j","w":975,"h":1400},{"t":"j","w":975,"h":1400},{"t":"j","w":975,"h":1400},{"t":"j","w":975,"h":1400},{"t":"j","w":975,"h":1400},{"t":"j","w":975,"h":1400},{"t":"j","w":975,"h":1400},{"t":"j","w":975,"h":1400},{"t":"j","w":975,"h":1400},{"t":"j","w":975,"h":1400},{"t":"j","w":975,"h":1400},{"t":"j","w":975,"h":1400},{"t":"j","w":975,"h":1400},{"t":"j","w":975,"h":1400},{"t":"j","w":975,"h":1400},{"t":"j","w":975,"h":1400},{"t":"j","w":975,"h":1400},{"t":"j","w":975,"h":1400},{"t":"j","w":975,"h":1400},{"t":"j","w":975,"h":1400},{"t":"j","w":975,"h":1400},{"t":"j","w":975,"h":1400},{"t":"j","w":975,"h":1400},{"t":"j","w":975,"h":1400},{"t":"j","w":975,"h":1400},{"t":"j","w":975,"h":1400},{"t":"j","w":975,"h":1400},{"t":"j","w":975,"h":1400},{"t":"j","w":975,"h":1400},{"t":"j","w":975,"h":1400},{"t":"j","w":975,"h":1400},{"t":"j","w":975,"h":1400},{"t":"j","w":975,"h":1400},{"t":"j","w":975,"h":1400},{"t":"j","w":975,"h":1400},{"t":"j","w":975,"h":1400},{"t":"j","w":975,"h":1400},{"t":"j","w":975,"h":1400},{"t":"j","w":975,"h":1400},{"t":"j","w":975,"h":1400},{"t":"j","w":975,"h":1400},{"t":"j","w":975,"h":1400},{"t":"j","w":975,"h":1400},{"t":"j","w":975,"h":1400},{"t":"j","w":975,"h":1400},{"t":"j","w":975,"h":1400},{"t":"j","w":975,"h":1400},{"t":"j","w":975,"h":1400},{"t":"j","w":975,"h":1400},{"t":"j","w":975,"h":1400},{"t":"j","w":975,"h":1400},{"t":"j","w":975,"h":1400},{"t":"j","w":975,"h":1400},{"t":"j","w":975,"h":1400},{"t":"j","w":975,"h":1400},{"t":"j","w":975,"h":1400},{"t":"j","w":975,"h":1400},{"t":"j","w":975,"h":1400},{"t":"j","w":975,"h":1400},{"t":"j","w":975,"h":1400},{"t":"j","w":975,"h":1400},{"t":"j","w":975,"h":1400},{"t":"j","w":975,"h":1400},{"t":"j","w":975,"h":1400},{"t":"j","w":975,"h":1400},{"t":"j","w":975,"h":1400},{"t":"j","w":975,"h":1400},{"t":"j","w":975,"h":1400},{"t":"j","w":975,"h":1400},{"t":"j","w":975,"h":1400},{"t":"j","w":975,"h":1400},{"t":"j","w":975,"h":1400},{"t":"j","w":975,"h":1400},{"t":"j","w":975,"h":1400},{"t":"j","w":975,"h":1400},{"t":"j","w":975,"h":1400},{"t":"j","w":975,"h":1400},{"t":"j","w":975,"h":1400},{"t":"j","w":975,"h":1400},{"t":"j","w":975,"h":1400},{"t":"j","w":1094,"h":1400},{"t":"j","w":987,"h":1400}],"cover":{"t":"j","w":350,"h":288},"thumbnail":{"t":"j","w":250,"h":206}},"scanlator":"","upload_date":1403964748,"tags":[{"id":190,"type":"tag","name":"maid","url":"/tag/maid/","count":10550},{"id":2937,"type":"tag","name":"big breasts","url":"/tag/big-breasts/","count":103273},{"id":3735,"type":"tag","name":"swimsuit","url":"/tag/swimsuit/","count":19363},{"id":6525,"type":"tag","name":"nurse","url":"/tag/nurse/","count":3629},{"id":8378,"type":"tag","name":"glasses","url":"/tag/glasses/","count":48279},{"id":9125,"type":"artist","name":"kurikara","url":"/artist/kurikara/","count":238},{"id":14072,"type":"tag","name":"huge breasts","url":"/tag/huge-breasts/","count":7103},{"id":15658,"type":"tag","name":"bondage","url":"/tag/bondage/","count":34540},{"id":23237,"type":"tag","name":"tankoubon","url":"/tag/tankoubon/","count":25051},{"id":24726,"type":"tag","name":"apron","url":"/tag/apron/","count":2921},{"id":25614,"type":"tag","name":"paizuri","url":"/tag/paizuri/","count":22785},{"id":27553,"type":"tag","name":"rape","url":"/tag/rape/","count":34191},{"id":28550,"type":"tag","name":"teacher","url":"/tag/teacher/","count":9616},{"id":28800,"type":"tag","name":"bloomers","url":"/tag/bloomers/","count":5648},{"id":6346,"type":"language","name":"japanese","url":"/language/japanese/","count":191613},{"id":33173,"type":"category","name":"manga","url":"/category/manga/","count":77142},{"id":10314,"type":"tag","name":"schoolgirl uniform","url":"/tag/schoolgirl-uniform/","count":56168},{"id":31986,"type":"tag","name":"age regression","url":"/tag/age-regression/","count":797},{"id":31044,"type":"tag","name":"collar","url":"/tag/collar/","count":13576}],"num_pages":178,"num_favorites":125}