[{"id":21,"title":"A wish","tags":["big breasts","underwater","swimsuit","group","big ass","anal","bondage","bikini","exhibitionism","dorei jackie","double penetration","tankoubon","stockings","paizuri","bukkake","rape","bloomers","japanese","manga","schoolgirl uniform","replaced","nakadashi"],"page":191},{"id":22,"title":"Orgamania","tags":["futanari","milf","scat","big breasts","pegging","urethra insertion","strap-on","group","fuusen club","enema","ahegao","anal","mother","shemale","yuri","drugs","incest","tankoubon","stockings","gaping","rape","teacher","shotacon","japanese","manga","sister","double penetration","tomgirl"],"page":196},{"id":24,"title":"Momozono Gakuensei Kagaku Jugyou Houkago Fuck - After School Fuck","tags":["maid","futanari","milf","big breasts","garter belt","swimsuit","humiliation","higashimidou hisagi","nurse","group","glasses","anal","sex toys","bondage","crossdressing","exhibitionism","yuri","tankoubon","stockings","paizuri","rape","teacher","chikan","japanese","manga","schoolgirl uniform","story arc","tomgirl"],"page":181},{"id":25,"title":"chi-syu","tags":["futanari","milf","big breasts","caramel dow","pregnant","big nipples","group","glasses","masturbation","huge breasts","demon girl","yuri","breast expansion","tankoubon","paizuri","age progression","giantess","shotacon","japanese","manga","schoolgirl uniform","chloroform"],"page":164},{"id":26,"title":"Hitozuma Moyou 2 Naburizuma","tags":["milf","big breasts","chastity belt","group","netorare","big ass","cheating","sex toys","bondage","kimono","exhibitionism","latex","tankoubon","pantyhose","apron","paizuri","fujii akiko","rape","japanese","manga","akiyama michio"],"page":180},{"id":27,"title":"Hitozuma Moyou 3 Midarezuma","tags":["milf","big breasts","underwater","swimsuit","group","glasses","netorare","cheating","urination","kimono","exhibitionism","yuri","tankoubon","pantyhose","paizuri","fujii akiko","rape","blowjob","japanese","manga","mmf threesome","akiyama michio"],"page":183},{"id":28,"title":"Hitozuma Moyou 4 Yogarizuma","tags":["milf","big breasts","group","masturbation","mother","yuri","tankoubon","bride","apron","fujii akiko","rape","bloomers","daughter","christmas","catgirl","japanese","manga","akiyama michio"],"page":173},{"id":30,"title":"Inbaku Jokyoushi M","tags":["oni","bdsm","milf","transformation","big breasts","nurse","miko","group","glasses","kurikara","femdom","bondage","yuri","footjob","tankoubon","chinese dress","paizuri","guro","rape","teacher","bloomers","blowjob","catgirl","japanese","manga","garter belt","exhibitionism","piss drinking","gag","story arc","ffm threesome","mmf threesome","schoolgirl uniform"],"page":182},{"id":29,"title":"Kamatte Kamatte!","tags":["maid","big breasts","swimsuit","nurse","glasses","kurikara","huge breasts","bondage","tankoubon","apron","paizuri","rape","teacher","bloomers","japanese","manga","schoolgirl uniform","age regression","collar"],"page":178}]