{"id":63,"media_id":"742","title":{"english":"(C67) [TENGU NO TSUZURA (Kuro Tengu)] ASUKA TRIAL (Neon Genesis Evangelion) [English]","japanese":"(C67) [\u5929\u72d7\u306e\u3064\u3065\u3089 (\u9ed2\u3066\u3093\u3050)] ASUKA TRIAL (\u65b0\u4e16\u7d00\u30a8\u30f4\u30a1\u30f3\u30b2\u30ea\u30aa\u30f3) [\u82f1\u8a33]","pretty":"ASUKA TRIAL"},"images":{"pages":[{"t":"j","w":1069,"h":1514},{"t":"j","w":1071,"h":1513},{"t":"j","w":1066,"h":1513},{"t":"j","w":1068,"h":1513},{"t":"j","w":1068,"h":1514},{"t":"j","w":1068,"h":1513},{"t":"j","w":1068,"h":1512},{"t":"j","w":1067,"h":1512},{"t":"j","w":1069,"h":1512},{"t":"j","w":1070,"h":1513},{"t":"j","w":1070,"h":1513},{"t":"j","w":1071,"h":1513},{"t":"j","w":1070,"h":1513},{"t":"j","w":1069,"h":1513},{"t":"j","w":1072,"h":1513},{"t":"j","w":1069,"h":1513},{"t":"j","w":1071,"h":1513},{"t":"j","w":1073,"h":1513},{"t":"j","w":1071,"h":1513},{"t":"j","w":1070,"h":1513},{"t":"j","w":1071,"h":1512},{"t":"j","w":1073,"h":1513},{"t":"j","w":1071,"h":1514},{"t":"j","w":1071,"h":1513},{"t":"j","w":1071,"h":1513},{"t":"j","w":1072,"h":1513},{"t":"j","w":1072,"h":1513},{"t":"j","w":1072,"h":1513},{"t":"j","w":1071,"h":1514},{"t":"j","w":1071,"h":1513},{"t":"j","w":1072,"h":1513},{"t":"j","w":1071,"h":1513},{"t":"j","w":1071,"h":1512},{"t":"j","w":1070,"h":1513}],"cover":{"t":"j","w":350,"h":496},"thumbnail":{"t":"j","w":250,"h":354}},"scanlator":"","upload_date":1403964782,"tags":[{"id":3206,"type":"character","name":"shinji ikari","url":"/character/shinji-ikari/","count":1229},{"id":7746,"type":"artist","name":"kuro tengu","url":"/artist/kuro-tengu/","count":63},{"id":12227,"type":"language","name":"english","url":"/language/english/","count":69378},{"id":12824,"type":"tag","name":"condom","url":"/tag/condom/","count":5447},{"id":17137,"type":"parody","name":"neon genesis evangelion","url":"/parody/neon-genesis-evangelion/","count":2489},{"id":17249,"type":"language","name":"translated","url":"/language/translated/","count":109734},{"id":24832,"type":"character","name":"misato katsuragi","url":"/character/misato-katsuragi/","count":339},{"id":25125,"type":"character","name":"asuka langley soryu","url":"/character/asuka-langley-soryu/","count":1513},{"id":31762,"type":"group","name":"tengu no tsuzura","url":"/group/tengu-no-tsuzura/","count":63},{"id":33172,"type":"category","name":"doujinshi","url":"/category/doujinshi/","count":228729},{"id":10314,"type":"tag","name":"schoolgirl uniform","url":"/tag/schoolgirl-uniform/","count":56168},{"id":27473,"type":"tag","name":"mosaic censorship","url":"/tag/mosaic-censorship/","count":23707},{"id":7752,"type":"tag","name":"schoolboy uniform","url":"/tag/schoolboy-uniform/","count":12311}],"num_pages":34,"num_favorites":478}