{"id":64,"media_id":"743","title":{"english":"(C50) [End Max (Honda Hajime)] End Max 8 Exit (Evangelion)","japanese":"(C50) [END MAX (\u672c\u7530\u57fa)] END MAX 8 EXIT (\u65b0\u4e16\u7d00\u30a8\u30f4\u30a1\u30f3\u30b2\u30ea\u30aa\u30f3)","pretty":"End Max 8 Exit"},"images":{"pages":[{"t":"j","w":1072,"h":1504},{"t":"j","w":1032,"h":1504},{"t":"j","w":1024,"h":1504},{"t":"j","w":1028,"h":1504},{"t":"j","w":1012,"h":1504},{"t":"j","w":1028,"h":1504},{"t":"j","w":1024,"h":1504},{"t":"j","w":1028,"h":1500},{"t":"j","w":1032,"h":1504},{"t":"j","w":1032,"h":1504},{"t":"j","w":1008,"h":1500},{"t":"j","w":1028,"h":1504},{"t":"j","w":1024,"h":1504},{"t":"j","w":1032,"h":1504},{"t":"j","w":1024,"h":1504},{"t":"j","w":1024,"h":1500},{"t":"j","w":1020,"h":1500},{"t":"j","w":1028,"h":1504},{"t":"j","w":1016,"h":1504},{"t":"j","w":1028,"h":1508},{"t":"j","w":1012,"h":1504},{"t":"j","w":1028,"h":1504},{"t":"j","w":1020,"h":1500},{"t":"j","w":1036,"h":1504},{"t":"j","w":1028,"h":1504},{"t":"j","w":1040,"h":1504},{"t":"j","w":1032,"h":1504},{"t":"j","w":1040,"h":1504},{"t":"j","w":1032,"h":1504},{"t":"j","w":1044,"h":1504},{"t":"j","w":1024,"h":1500},{"t":"j","w":1040,"h":1504},{"t":"j","w":1020,"h":1508},{"t":"j","w":1072,"h":1500}],"cover":{"t":"j","w":350,"h":491},"thumbnail":{"t":"j","w":250,"h":351}},"scanlator":"","upload_date":1403964783,"tags":[{"id":3206,"type":"character","name":"shinji ikari","url":"/character/shinji-ikari/","count":1231},{"id":3666,"type":"tag","name":"garter belt","url":"/tag/garter-belt/","count":7726},{"id":17137,"type":"parody","name":"neon genesis evangelion","url":"/parody/neon-genesis-evangelion/","count":2492},{"id":19783,"type":"group","name":"end max","url":"/group/end-max/","count":2},{"id":20022,"type":"artist","name":"honda hajime","url":"/artist/honda-hajime/","count":5},{"id":24201,"type":"tag","name":"stockings","url":"/tag/stockings/","count":65473},{"id":24832,"type":"character","name":"misato katsuragi","url":"/character/misato-katsuragi/","count":339},{"id":25125,"type":"character","name":"asuka langley soryu","url":"/character/asuka-langley-soryu/","count":1515},{"id":6346,"type":"language","name":"japanese","url":"/language/japanese/","count":193003},{"id":33172,"type":"category","name":"doujinshi","url":"/category/doujinshi/","count":231184}],"num_pages":34,"num_favorites":37}