{"id":69,"media_id":"749","title":{"english":"[Utamaru Press (Utamaru Mikio)] ASUKA Itoshisa o, Kimi ni (Neon Genesis Evangelion)","japanese":"[\u3046\u305f\u307e\u308bPress (\u3046\u305f\u307e\u308b\u307f\u304d\u304a)] ASUKA \u611b\u3057\u3055\u3092\u3001\u541b\u306b (\u65b0\u4e16\u7d00\u30a8\u30f4\u30a1\u30f3\u30b2\u30ea\u30aa\u30f3)","pretty":"ASUKA Itoshisa o, Kimi ni"},"images":{"pages":[{"t":"j","w":1200,"h":1686},{"t":"j","w":1009,"h":1501},{"t":"j","w":1027,"h":1509},{"t":"j","w":1029,"h":1509},{"t":"j","w":1011,"h":1513},{"t":"j","w":1013,"h":1513},{"t":"j","w":1011,"h":1513},{"t":"j","w":1005,"h":1513},{"t":"j","w":1003,"h":1513},{"t":"j","w":1005,"h":1513},{"t":"j","w":1003,"h":1513},{"t":"j","w":1005,"h":1513},{"t":"j","w":1003,"h":1513},{"t":"j","w":1005,"h":1513},{"t":"j","w":1007,"h":1501},{"t":"j","w":1009,"h":1501},{"t":"j","w":983,"h":1505},{"t":"j","w":1005,"h":1509},{"t":"j","w":1003,"h":1509},{"t":"j","w":1005,"h":1509},{"t":"j","w":1007,"h":1493},{"t":"j","w":1013,"h":1505},{"t":"j","w":1011,"h":1505},{"t":"j","w":1013,"h":1505},{"t":"j","w":1011,"h":1505},{"t":"j","w":1013,"h":1505},{"t":"j","w":1011,"h":1505},{"t":"j","w":1013,"h":1505},{"t":"j","w":1011,"h":1505},{"t":"j","w":1013,"h":1505},{"t":"j","w":979,"h":1509},{"t":"j","w":1029,"h":1513},{"t":"j","w":1007,"h":1505},{"t":"j","w":1009,"h":1505},{"t":"j","w":1007,"h":1505},{"t":"j","w":1009,"h":1505},{"t":"j","w":1007,"h":1505},{"t":"j","w":1009,"h":1505},{"t":"j","w":1007,"h":1505},{"t":"j","w":1009,"h":1505},{"t":"j","w":1007,"h":1505},{"t":"j","w":1009,"h":1505},{"t":"j","w":1007,"h":1505},{"t":"j","w":1009,"h":1505},{"t":"j","w":1007,"h":1505},{"t":"j","w":1009,"h":1505},{"t":"j","w":1007,"h":1505},{"t":"j","w":1009,"h":1505},{"t":"j","w":1200,"h":1701}],"cover":{"t":"j","w":350,"h":492},"thumbnail":{"t":"j","w":250,"h":351}},"scanlator":"","upload_date":1403964788,"tags":[{"id":3206,"type":"character","name":"shinji ikari","url":"/character/shinji-ikari/","count":1229},{"id":7947,"type":"artist","name":"utamaru mikio","url":"/artist/utamaru-mikio/","count":19},{"id":10633,"type":"group","name":"utamaru press","url":"/group/utamaru-press/","count":19},{"id":17137,"type":"parody","name":"neon genesis evangelion","url":"/parody/neon-genesis-evangelion/","count":2489},{"id":25125,"type":"character","name":"asuka langley soryu","url":"/character/asuka-langley-soryu/","count":1513},{"id":6346,"type":"language","name":"japanese","url":"/language/japanese/","count":191613},{"id":33172,"type":"category","name":"doujinshi","url":"/category/doujinshi/","count":228729}],"num_pages":49,"num_favorites":44}