[{"id":66,"title":"MERRY BOX","tags":["garter belt","kuro tengu","neon genesis evangelion","stockings","misato katsuragi","asuka langley soryu","tengu no tsuzura","japanese","doujinshi","shinji ikari","lingerie","christmas","mosaic censorship"],"page":38},{"id":65,"title":"LOVE CASK","tags":["kuro tengu","neon genesis evangelion","asuka langley soryu","tengu no tsuzura","japanese","doujinshi","shinji ikari","schoolgirl uniform","blowjob","mosaic censorship"],"page":30},{"id":64,"title":"End Max 8 Exit","tags":["shinji ikari","garter belt","neon genesis evangelion","end max","honda hajime","stockings","misato katsuragi","asuka langley soryu","japanese","doujinshi"],"page":34},{"id":63,"title":"ASUKA TRIAL","tags":["shinji ikari","kuro tengu","english","condom","neon genesis evangelion","translated","misato katsuragi","asuka langley soryu","tengu no tsuzura","doujinshi","schoolgirl uniform","mosaic censorship","schoolboy uniform"],"page":34},{"id":62,"title":"Angel Does Me","tags":["shinji ikari","kuro tengu","neon genesis evangelion","rei ayanami","tengu no tsuzura","japanese","doujinshi","schoolboy uniform","blowjob","mosaic censorship","schoolgirl uniform","ball sucking","sole male"],"page":28},{"id":61,"title":"＋α Plus Alpha","tags":["big breasts","leaz koubou","rio","super robot wars","oujano kaze","japanese","doujinshi","rio mei long","lefina enfield","ricarla borgnine","leona garstein","katina tarask","dark skin"],"page":8},{"id":70,"title":"ASUKA FAN Vol. 5","tags":["shinji ikari","utamaru mikio","utamaru press","neon genesis evangelion","asuka langley soryu","japanese","doujinshi","bukkake"],"page":34},{"id":69,"title":"ASUKA Itoshisa o, Kimi ni","tags":["shinji ikari","utamaru mikio","utamaru press","neon genesis evangelion","asuka langley soryu","japanese","doujinshi"],"page":49},{"id":68,"title":"THE TOWERING INFERNO","tags":["shinji ikari","kuro tengu","neon genesis evangelion","misato katsuragi","asuka langley soryu","tengu no tsuzura","japanese","doujinshi","schoolgirl uniform","blowjob"],"page":38},{"id":67,"title":"NERV no Ichiban Nagai Hi","tags":["shinji ikari","kuro tengu","neon genesis evangelion","bodysuit","asuka langley soryu","tengu no tsuzura","japanese","doujinshi","impregnation","blowjob"],"page":46}]