{"id":131,"media_id":"517","title":{"english":"(C55) [Nakayohi (Izurumi)] Kakioroshi (Izurumi Soushuuhen 1+) (Neon Genesis Evangelion)","japanese":"(C55) [\u306a\u304b\u3088\u3072 (\u3044\u3065\u308b\u307f)] \u66f8\u304d\u4e0b\u308d\u3057 (\u3044\u3065\u308b\u307f\u7dcf\u96c6\u7de8 1+) (\u65b0\u4e16\u7d00\u30a8\u30f4\u30a1\u30f3\u30b2\u30ea\u30aa\u30f3)","pretty":"Kakioroshi"},"images":{"pages":[{"t":"j","w":1045,"h":1500},{"t":"j","w":781,"h":1129},{"t":"j","w":781,"h":1129},{"t":"j","w":781,"h":1129},{"t":"j","w":781,"h":1129},{"t":"j","w":781,"h":1129},{"t":"j","w":781,"h":1129},{"t":"j","w":781,"h":1129},{"t":"j","w":781,"h":1129},{"t":"j","w":781,"h":1129},{"t":"j","w":781,"h":1129},{"t":"j","w":781,"h":1129},{"t":"j","w":781,"h":1129},{"t":"j","w":781,"h":1129}],"cover":{"t":"j","w":350,"h":502},"thumbnail":{"t":"j","w":250,"h":359}},"scanlator":"","upload_date":1403964862,"tags":[{"id":3206,"type":"character","name":"shinji ikari","url":"/character/shinji-ikari/","count":1231},{"id":16710,"type":"group","name":"nakayohi","url":"/group/nakayohi/","count":95},{"id":17137,"type":"parody","name":"neon genesis evangelion","url":"/parody/neon-genesis-evangelion/","count":2492},{"id":19440,"type":"tag","name":"lolicon","url":"/tag/lolicon/","count":70096},{"id":21875,"type":"artist","name":"izurumi","url":"/artist/izurumi/","count":95},{"id":25125,"type":"character","name":"asuka langley soryu","url":"/character/asuka-langley-soryu/","count":1515},{"id":32341,"type":"tag","name":"shotacon","url":"/tag/shotacon/","count":40094},{"id":6346,"type":"language","name":"japanese","url":"/language/japanese/","count":193003},{"id":33172,"type":"category","name":"doujinshi","url":"/category/doujinshi/","count":231184},{"id":10314,"type":"tag","name":"schoolgirl uniform","url":"/tag/schoolgirl-uniform/","count":56614}],"num_pages":14,"num_favorites":27}