{"id":133,"media_id":"522","title":{"english":"(C50) [Nakayohi (Izurumi)] Musume -Shoku Chigai Ari- (Neon Genesis Evangelion)","japanese":"(C50) [\u306a\u304b\u3088\u3072 (\u3044\u3065\u308b\u307f)] \u5a18\u3005- \u8272\u9055\u3044\u6709 - (\u65b0\u4e16\u7d00\u30a8\u30f4\u30a1\u30f3\u30b2\u30ea\u30aa\u30f3)","pretty":"Musume"},"images":{"pages":[{"t":"j","w":781,"h":1134},{"t":"j","w":781,"h":1134},{"t":"j","w":781,"h":1134},{"t":"j","w":781,"h":1134},{"t":"j","w":781,"h":1134},{"t":"j","w":781,"h":1134},{"t":"j","w":781,"h":1134},{"t":"j","w":781,"h":1134},{"t":"j","w":781,"h":1134},{"t":"j","w":781,"h":1134},{"t":"j","w":781,"h":1134},{"t":"j","w":781,"h":1134},{"t":"j","w":781,"h":1134},{"t":"j","w":781,"h":1134},{"t":"j","w":781,"h":1134},{"t":"j","w":781,"h":1134},{"t":"j","w":781,"h":1134},{"t":"j","w":781,"h":1134},{"t":"j","w":781,"h":1134},{"t":"j","w":781,"h":1134},{"t":"j","w":781,"h":1134},{"t":"j","w":781,"h":1134},{"t":"j","w":781,"h":1134},{"t":"j","w":781,"h":1134},{"t":"j","w":781,"h":1134},{"t":"j","w":781,"h":1134},{"t":"j","w":781,"h":1134},{"t":"j","w":781,"h":1134},{"t":"j","w":781,"h":1134},{"t":"j","w":781,"h":1134},{"t":"j","w":781,"h":1134},{"t":"j","w":781,"h":1134},{"t":"j","w":781,"h":1134},{"t":"j","w":781,"h":1134},{"t":"j","w":781,"h":1134},{"t":"j","w":781,"h":1134},{"t":"j","w":781,"h":1134},{"t":"j","w":781,"h":1134},{"t":"j","w":781,"h":1134},{"t":"j","w":781,"h":1134},{"t":"j","w":781,"h":1134},{"t":"j","w":781,"h":1134}],"cover":{"t":"j","w":350,"h":508},"thumbnail":{"t":"j","w":250,"h":363}},"scanlator":"","upload_date":1403964863,"tags":[{"id":3206,"type":"character","name":"shinji ikari","url":"/character/shinji-ikari/","count":1231},{"id":15658,"type":"tag","name":"bondage","url":"/tag/bondage/","count":34802},{"id":16710,"type":"group","name":"nakayohi","url":"/group/nakayohi/","count":95},{"id":17137,"type":"parody","name":"neon genesis evangelion","url":"/parody/neon-genesis-evangelion/","count":2492},{"id":21779,"type":"character","name":"rei ayanami","url":"/character/rei-ayanami/","count":1196},{"id":21875,"type":"artist","name":"izurumi","url":"/artist/izurumi/","count":95},{"id":25125,"type":"character","name":"asuka langley soryu","url":"/character/asuka-langley-soryu/","count":1515},{"id":32341,"type":"tag","name":"shotacon","url":"/tag/shotacon/","count":40094},{"id":6346,"type":"language","name":"japanese","url":"/language/japanese/","count":193003},{"id":33172,"type":"category","name":"doujinshi","url":"/category/doujinshi/","count":231184},{"id":10314,"type":"tag","name":"schoolgirl uniform","url":"/tag/schoolgirl-uniform/","count":56614}],"num_pages":42,"num_favorites":80}