{"id":134,"media_id":"523","title":{"english":"[Nakayohi (Izurumi)] Musume A (Neon Genesis Evangelion)","japanese":"[\u306a\u304b\u3088\u3072 (\u3044\u3065\u308b\u307f)] \u5a18 A (\u65b0\u4e16\u7d00\u30a8\u30f4\u30a1\u30f3\u30b2\u30ea\u30aa\u30f3)","pretty":"Musume A"},"images":{"pages":[{"t":"j","w":781,"h":1129},{"t":"j","w":781,"h":1129},{"t":"j","w":781,"h":1129},{"t":"j","w":781,"h":1129},{"t":"j","w":781,"h":1129},{"t":"j","w":781,"h":1129},{"t":"j","w":781,"h":1129},{"t":"j","w":781,"h":1129},{"t":"j","w":781,"h":1129},{"t":"j","w":781,"h":1129},{"t":"j","w":781,"h":1129},{"t":"j","w":781,"h":1129},{"t":"j","w":781,"h":1129},{"t":"j","w":781,"h":1129}],"cover":{"t":"j","w":350,"h":506},"thumbnail":{"t":"j","w":250,"h":361}},"scanlator":"","upload_date":1403964864,"tags":[{"id":16710,"type":"group","name":"nakayohi","url":"/group/nakayohi/","count":95},{"id":17137,"type":"parody","name":"neon genesis evangelion","url":"/parody/neon-genesis-evangelion/","count":2492},{"id":21875,"type":"artist","name":"izurumi","url":"/artist/izurumi/","count":95},{"id":25125,"type":"character","name":"asuka langley soryu","url":"/character/asuka-langley-soryu/","count":1515},{"id":28800,"type":"tag","name":"bloomers","url":"/tag/bloomers/","count":5672},{"id":6346,"type":"language","name":"japanese","url":"/language/japanese/","count":193003},{"id":33172,"type":"category","name":"doujinshi","url":"/category/doujinshi/","count":231184},{"id":3206,"type":"character","name":"shinji ikari","url":"/character/shinji-ikari/","count":1231},{"id":10314,"type":"tag","name":"schoolgirl uniform","url":"/tag/schoolgirl-uniform/","count":56614},{"id":8368,"type":"tag","name":"full censorship","url":"/tag/full-censorship/","count":17250}],"num_pages":14,"num_favorites":50}