{"id":135,"media_id":"524","title":{"english":"(CR21) [Nakayohi (Izurumi)] Noa (Neon Genesis Evangelion)","japanese":"(C\u30ec\u30f4\u30a921) [\u306a\u304b\u3088\u3072 (\u3044\u3065\u308b\u307f)] \u30ce\u30a2 (\u4e16\u7d00\u30a8\u30f4\u30a1\u30f3\u30b2\u30ea\u30aa\u30f3)","pretty":"Noa"},"images":{"pages":[{"t":"j","w":784,"h":1129},{"t":"j","w":784,"h":1129},{"t":"j","w":784,"h":1129},{"t":"j","w":784,"h":1129},{"t":"j","w":784,"h":1129},{"t":"j","w":784,"h":1129},{"t":"j","w":784,"h":1129},{"t":"j","w":784,"h":1129},{"t":"j","w":784,"h":1129},{"t":"j","w":784,"h":1129},{"t":"j","w":784,"h":1129},{"t":"j","w":784,"h":1129},{"t":"j","w":784,"h":1129},{"t":"j","w":784,"h":1129},{"t":"j","w":784,"h":1129},{"t":"j","w":784,"h":1129},{"t":"j","w":784,"h":1129},{"t":"j","w":784,"h":1129},{"t":"j","w":784,"h":1129},{"t":"j","w":784,"h":1129}],"cover":{"t":"j","w":350,"h":504},"thumbnail":{"t":"j","w":250,"h":360}},"scanlator":"","upload_date":1403964864,"tags":[{"id":266,"type":"tag","name":"sundress","url":"/tag/sundress/","count":1070},{"id":3206,"type":"character","name":"shinji ikari","url":"/character/shinji-ikari/","count":1231},{"id":15658,"type":"tag","name":"bondage","url":"/tag/bondage/","count":34802},{"id":16710,"type":"group","name":"nakayohi","url":"/group/nakayohi/","count":95},{"id":17137,"type":"parody","name":"neon genesis evangelion","url":"/parody/neon-genesis-evangelion/","count":2492},{"id":21779,"type":"character","name":"rei ayanami","url":"/character/rei-ayanami/","count":1196},{"id":21875,"type":"artist","name":"izurumi","url":"/artist/izurumi/","count":95},{"id":25125,"type":"character","name":"asuka langley soryu","url":"/character/asuka-langley-soryu/","count":1515},{"id":6346,"type":"language","name":"japanese","url":"/language/japanese/","count":193003},{"id":33172,"type":"category","name":"doujinshi","url":"/category/doujinshi/","count":231184},{"id":7752,"type":"tag","name":"schoolboy uniform","url":"/tag/schoolboy-uniform/","count":12400}],"num_pages":20,"num_favorites":78}