{"id":138,"media_id":"529","title":{"english":"(C70) [Nakayohi (Izurumi)] Omocha Asobi (Neon Genesis Evangelion)","japanese":"(C70) [\u306a\u304b\u3088\u3072 (\u3044\u3065\u308b\u307f)] \u73a9\u5177\u904a\u3073 (\u65b0\u4e16\u7d00\u30a8\u30f4\u30a1\u30f3\u30b2\u30ea\u30aa\u30f3)","pretty":"Omocha Asobi"},"images":{"pages":[{"t":"j","w":1200,"h":1691},{"t":"j","w":1262,"h":1826},{"t":"j","w":1243,"h":1811},{"t":"j","w":1250,"h":1822},{"t":"j","w":1242,"h":1816},{"t":"j","w":1240,"h":1819},{"t":"j","w":1243,"h":1815},{"t":"j","w":1248,"h":1816},{"t":"j","w":1245,"h":1814},{"t":"j","w":1249,"h":1813},{"t":"j","w":1250,"h":1816},{"t":"j","w":1253,"h":1813},{"t":"j","w":1243,"h":1819},{"t":"j","w":1265,"h":1819},{"t":"j","w":1263,"h":1813},{"t":"j","w":1267,"h":1819},{"t":"j","w":1262,"h":1819},{"t":"j","w":1279,"h":1817},{"t":"j","w":1279,"h":1819}],"cover":{"t":"j","w":350,"h":493},"thumbnail":{"t":"j","w":250,"h":352}},"scanlator":"","upload_date":1403964867,"tags":[{"id":16710,"type":"group","name":"nakayohi","url":"/group/nakayohi/","count":95},{"id":17137,"type":"parody","name":"neon genesis evangelion","url":"/parody/neon-genesis-evangelion/","count":2492},{"id":21875,"type":"artist","name":"izurumi","url":"/artist/izurumi/","count":95},{"id":25125,"type":"character","name":"asuka langley soryu","url":"/character/asuka-langley-soryu/","count":1515},{"id":6346,"type":"language","name":"japanese","url":"/language/japanese/","count":193003},{"id":33172,"type":"category","name":"doujinshi","url":"/category/doujinshi/","count":231184},{"id":10314,"type":"tag","name":"schoolgirl uniform","url":"/tag/schoolgirl-uniform/","count":56614},{"id":27473,"type":"tag","name":"mosaic censorship","url":"/tag/mosaic-censorship/","count":24088},{"id":35762,"type":"tag","name":"sole female","url":"/tag/sole-female/","count":67502}],"num_pages":19,"num_favorites":77}