{"id":140,"media_id":"531","title":{"english":"(C71) [Nakayohi (Izurumi)] Labyrinth (Neon Genesis Evangelion) [English] [whyneus]","japanese":"(C71) [\u306a\u304b\u3088\u3072 (\u3044\u3065\u308b\u307f)] Labyrinth -\u30e9\u30d3\u30ea\u30f3\u30b9- (\u65b0\u4e16\u7d00\u30a8\u30f4\u30a1\u30f3\u30b2\u30ea\u30aa\u30f3) [\u82f1\u8a33]","pretty":"Labyrinth"},"images":{"pages":[{"t":"j","w":981,"h":1400},{"t":"j","w":988,"h":1400},{"t":"j","w":978,"h":1400},{"t":"j","w":971,"h":1400},{"t":"j","w":949,"h":1400},{"t":"j","w":967,"h":1400},{"t":"j","w":963,"h":1400},{"t":"j","w":960,"h":1400},{"t":"j","w":984,"h":1400},{"t":"j","w":980,"h":1400},{"t":"j","w":979,"h":1400},{"t":"j","w":980,"h":1400},{"t":"j","w":980,"h":1400},{"t":"j","w":980,"h":1400},{"t":"j","w":980,"h":1400},{"t":"j","w":980,"h":1400},{"t":"j","w":989,"h":1400},{"t":"j","w":981,"h":1400}],"cover":{"t":"j","w":350,"h":499},"thumbnail":{"t":"j","w":250,"h":356}},"scanlator":"","upload_date":1403964868,"tags":[{"id":12227,"type":"language","name":"english","url":"/language/english/","count":69378},{"id":16332,"type":"character","name":"hikari horaki","url":"/character/hikari-horaki/","count":104},{"id":16710,"type":"group","name":"nakayohi","url":"/group/nakayohi/","count":95},{"id":17137,"type":"parody","name":"neon genesis evangelion","url":"/parody/neon-genesis-evangelion/","count":2492},{"id":17249,"type":"language","name":"translated","url":"/language/translated/","count":109734},{"id":19440,"type":"tag","name":"lolicon","url":"/tag/lolicon/","count":69490},{"id":19954,"type":"tag","name":"yuri","url":"/tag/yuri/","count":20241},{"id":21875,"type":"artist","name":"izurumi","url":"/artist/izurumi/","count":95},{"id":25125,"type":"character","name":"asuka langley soryu","url":"/character/asuka-langley-soryu/","count":1515},{"id":27384,"type":"tag","name":"mind break","url":"/tag/mind-break/","count":13136},{"id":28800,"type":"tag","name":"bloomers","url":"/tag/bloomers/","count":5672},{"id":33172,"type":"category","name":"doujinshi","url":"/category/doujinshi/","count":228729},{"id":10314,"type":"tag","name":"schoolgirl uniform","url":"/tag/schoolgirl-uniform/","count":56168},{"id":8653,"type":"tag","name":"netorare","url":"/tag/netorare/","count":15879}],"num_pages":18,"num_favorites":465}