[{"id":131,"title":"Kakioroshi","tags":["shinji ikari","nakayohi","neon genesis evangelion","lolicon","izurumi","asuka langley soryu","shotacon","japanese","doujinshi","schoolgirl uniform"],"page":14},{"id":132,"title":"Kakioroshi","tags":["shinji ikari","english","nakayohi","neon genesis evangelion","translated","izurumi","asuka langley soryu","shotacon","doujinshi","schoolgirl uniform"],"page":14},{"id":133,"title":"Musume","tags":["shinji ikari","bondage","nakayohi","neon genesis evangelion","rei ayanami","izurumi","asuka langley soryu","shotacon","japanese","doujinshi","schoolgirl uniform"],"page":42},{"id":134,"title":"Musume A","tags":["nakayohi","neon genesis evangelion","izurumi","asuka langley soryu","bloomers","japanese","doujinshi","shinji ikari","schoolgirl uniform","full censorship"],"page":14},{"id":135,"title":"Noa","tags":["sundress","shinji ikari","bondage","nakayohi","neon genesis evangelion","rei ayanami","izurumi","asuka langley soryu","japanese","doujinshi","schoolboy uniform"],"page":20},{"id":136,"title":"R","tags":["sundress","bondage","eyemask","nakayohi","neon genesis evangelion","dark skin","rei ayanami","izurumi","asuka langley soryu","rape","muscle","japanese","doujinshi","blowjob"],"page":33},{"id":137,"title":"R","tags":["english","nakayohi","neon genesis evangelion","translated","rei ayanami","izurumi","asuka langley soryu","rape","doujinshi","small breasts","muscle","tall man","dark skin","masked face"],"page":31},{"id":140,"title":"Labyrinth","tags":["english","hikari horaki","nakayohi","neon genesis evangelion","translated","lolicon","yuri","izurumi","asuka langley soryu","mind break","bloomers","doujinshi","schoolgirl uniform","netorare"],"page":18},{"id":139,"title":"Labyrinth","tags":["masturbation","hikari horaki","nakayohi","neon genesis evangelion","lolicon","yuri","izurumi","asuka langley soryu","mind break","bloomers","japanese","doujinshi","schoolgirl uniform"],"page":18},{"id":138,"title":"Omocha Asobi","tags":["nakayohi","neon genesis evangelion","izurumi","asuka langley soryu","japanese","doujinshi","schoolgirl uniform","mosaic censorship","sole female"],"page":19}]