{"id":15,"media_id":"855","title":{"english":"[Ryuga Syo] C no Kajitsu","japanese":"[\u9f8d\u7259\u7fd4] C\u306e\u679c\u5b9f","pretty":"C no Kajitsu"},"images":{"pages":[{"t":"j","w":1200,"h":978},{"t":"j","w":1200,"h":514},{"t":"j","w":1200,"h":978},{"t":"j","w":1200,"h":802},{"t":"j","w":972,"h":1400},{"t":"j","w":972,"h":1400},{"t":"j","w":972,"h":1400},{"t":"j","w":972,"h":1400},{"t":"j","w":972,"h":1400},{"t":"j","w":972,"h":1400},{"t":"j","w":972,"h":1400},{"t":"j","w":972,"h":1400},{"t":"j","w":972,"h":1400},{"t":"j","w":972,"h":1400},{"t":"j","w":972,"h":1400},{"t":"j","w":972,"h":1400},{"t":"j","w":972,"h":1400},{"t":"j","w":972,"h":1400},{"t":"j","w":972,"h":1400},{"t":"j","w":972,"h":1400},{"t":"j","w":972,"h":1400},{"t":"j","w":972,"h":1400},{"t":"j","w":972,"h":1400},{"t":"j","w":972,"h":1400},{"t":"j","w":972,"h":1400},{"t":"j","w":972,"h":1400},{"t":"j","w":972,"h":1400},{"t":"j","w":972,"h":1400},{"t":"j","w":972,"h":1400},{"t":"j","w":972,"h":1400},{"t":"j","w":972,"h":1400},{"t":"j","w":972,"h":1400},{"t":"j","w":972,"h":1400},{"t":"j","w":972,"h":1400},{"t":"j","w":972,"h":1400},{"t":"j","w":972,"h":1400},{"t":"j","w":972,"h":1400},{"t":"j","w":972,"h":1400},{"t":"j","w":972,"h":1400},{"t":"j","w":972,"h":1400},{"t":"j","w":972,"h":1400},{"t":"j","w":972,"h":1400},{"t":"j","w":972,"h":1400},{"t":"j","w":972,"h":1400},{"t":"j","w":972,"h":1400},{"t":"j","w":972,"h":1400},{"t":"j","w":972,"h":1400},{"t":"j","w":972,"h":1400},{"t":"j","w":972,"h":1400},{"t":"j","w":972,"h":1400},{"t":"j","w":972,"h":1400},{"t":"j","w":972,"h":1400},{"t":"j","w":972,"h":1400},{"t":"j","w":972,"h":1400},{"t":"j","w":972,"h":1400},{"t":"j","w":972,"h":1400},{"t":"j","w":972,"h":1400},{"t":"j","w":972,"h":1400},{"t":"j","w":972,"h":1400},{"t":"j","w":972,"h":1400},{"t":"j","w":972,"h":1400},{"t":"j","w":972,"h":1400},{"t":"j","w":972,"h":1400},{"t":"j","w":972,"h":1400},{"t":"j","w":972,"h":1400},{"t":"j","w":972,"h":1400},{"t":"j","w":972,"h":1400},{"t":"j","w":972,"h":1400},{"t":"j","w":972,"h":1400},{"t":"j","w":972,"h":1400},{"t":"j","w":972,"h":1400},{"t":"j","w":972,"h":1400},{"t":"j","w":972,"h":1400},{"t":"j","w":972,"h":1400},{"t":"j","w":972,"h":1400},{"t":"j","w":972,"h":1400},{"t":"j","w":972,"h":1400},{"t":"j","w":972,"h":1400},{"t":"j","w":972,"h":1400},{"t":"j","w":972,"h":1400},{"t":"j","w":972,"h":1400},{"t":"j","w":972,"h":1400},{"t":"j","w":972,"h":1400},{"t":"j","w":972,"h":1400},{"t":"j","w":972,"h":1400},{"t":"j","w":972,"h":1400},{"t":"j","w":972,"h":1400},{"t":"j","w":972,"h":1400},{"t":"j","w":972,"h":1400},{"t":"j","w":972,"h":1400},{"t":"j","w":972,"h":1400},{"t":"j","w":972,"h":1400},{"t":"j","w":972,"h":1400},{"t":"j","w":972,"h":1400},{"t":"j","w":972,"h":1400},{"t":"j","w":972,"h":1400},{"t":"j","w":972,"h":1400},{"t":"j","w":972,"h":1400},{"t":"j","w":972,"h":1400},{"t":"j","w":972,"h":1400},{"t":"j","w":972,"h":1400},{"t":"j","w":972,"h":1400},{"t":"j","w":972,"h":1400},{"t":"j","w":972,"h":1400},{"t":"j","w":972,"h":1400},{"t":"j","w":972,"h":1400},{"t":"j","w":972,"h":1400},{"t":"j","w":972,"h":1400},{"t":"j","w":972,"h":1400},{"t":"j","w":972,"h":1400},{"t":"j","w":972,"h":1400},{"t":"j","w":972,"h":1400},{"t":"j","w":972,"h":1400},{"t":"j","w":972,"h":1400},{"t":"j","w":972,"h":1400},{"t":"j","w":972,"h":1400},{"t":"j","w":972,"h":1400},{"t":"j","w":972,"h":1400},{"t":"j","w":972,"h":1400},{"t":"j","w":972,"h":1400},{"t":"j","w":972,"h":1400},{"t":"j","w":972,"h":1400},{"t":"j","w":972,"h":1400},{"t":"j","w":972,"h":1400},{"t":"j","w":972,"h":1400},{"t":"j","w":972,"h":1400},{"t":"j","w":972,"h":1400},{"t":"j","w":972,"h":1400},{"t":"j","w":972,"h":1400},{"t":"j","w":972,"h":1400},{"t":"j","w":972,"h":1400},{"t":"j","w":972,"h":1400},{"t":"j","w":972,"h":1400},{"t":"j","w":972,"h":1400},{"t":"j","w":972,"h":1400},{"t":"j","w":972,"h":1400},{"t":"j","w":972,"h":1400},{"t":"j","w":972,"h":1400},{"t":"j","w":972,"h":1400},{"t":"j","w":972,"h":1400},{"t":"j","w":972,"h":1400},{"t":"j","w":972,"h":1400},{"t":"j","w":972,"h":1400},{"t":"j","w":972,"h":1400},{"t":"j","w":972,"h":1400},{"t":"j","w":972,"h":1400},{"t":"j","w":972,"h":1400},{"t":"j","w":972,"h":1400},{"t":"j","w":972,"h":1400},{"t":"j","w":972,"h":1400},{"t":"j","w":972,"h":1400},{"t":"j","w":972,"h":1400},{"t":"j","w":972,"h":1400},{"t":"j","w":972,"h":1400},{"t":"j","w":972,"h":1400},{"t":"j","w":972,"h":1400},{"t":"j","w":972,"h":1400},{"t":"j","w":972,"h":1400},{"t":"j","w":972,"h":1400},{"t":"j","w":972,"h":1400},{"t":"j","w":972,"h":1400},{"t":"j","w":972,"h":1400},{"t":"j","w":972,"h":1400},{"t":"j","w":972,"h":1400},{"t":"j","w":972,"h":1400},{"t":"j","w":972,"h":1400},{"t":"j","w":972,"h":1400},{"t":"j","w":972,"h":1400},{"t":"j","w":972,"h":1400},{"t":"j","w":972,"h":1400},{"t":"j","w":972,"h":1400},{"t":"j","w":972,"h":1400},{"t":"j","w":972,"h":1400},{"t":"j","w":972,"h":1400},{"t":"j","w":972,"h":1400},{"t":"j","w":972,"h":1400},{"t":"j","w":972,"h":1400},{"t":"j","w":972,"h":1400},{"t":"j","w":972,"h":1400},{"t":"j","w":972,"h":1400},{"t":"j","w":972,"h":1400},{"t":"j","w":972,"h":1400},{"t":"j","w":972,"h":1400},{"t":"j","w":972,"h":1400}],"cover":{"t":"j","w":350,"h":285},"thumbnail":{"t":"j","w":250,"h":204}},"scanlator":"","upload_date":1403964740,"tags":[{"id":1088,"type":"tag","name":"bdsm","url":"/tag/bdsm/","count":1933},{"id":2937,"type":"tag","name":"big breasts","url":"/tag/big-breasts/","count":103273},{"id":8010,"type":"tag","name":"group","url":"/tag/group/","count":72150},{"id":8378,"type":"tag","name":"glasses","url":"/tag/glasses/","count":48279},{"id":15658,"type":"tag","name":"bondage","url":"/tag/bondage/","count":34540},{"id":16228,"type":"tag","name":"demon girl","url":"/tag/demon-girl/","count":5503},{"id":20360,"type":"artist","name":"ryuga syo","url":"/artist/ryuga-syo/","count":60},{"id":23237,"type":"tag","name":"tankoubon","url":"/tag/tankoubon/","count":25051},{"id":24201,"type":"tag","name":"stockings","url":"/tag/stockings/","count":64784},{"id":24450,"type":"tag","name":"chinese dress","url":"/tag/chinese-dress/","count":1010},{"id":25614,"type":"tag","name":"paizuri","url":"/tag/paizuri/","count":22785},{"id":6346,"type":"language","name":"japanese","url":"/language/japanese/","count":191613},{"id":33173,"type":"category","name":"manga","url":"/category/manga/","count":77142},{"id":10314,"type":"tag","name":"schoolgirl uniform","url":"/tag/schoolgirl-uniform/","count":56168},{"id":11941,"type":"tag","name":"replaced","url":"/tag/replaced/","count":3716}],"num_pages":184,"num_favorites":74}