{"id":16,"media_id":"857","title":{"english":"[Ryoumoto Hatsumi] Renai Kagaku Jikken - A Scientific Experiment for Love","japanese":"[\u5dba\u672c\u516b\u7f8e] \u604b\u611b\u304b\u304c\u304f\u5b9f\u9a13","pretty":"Renai Kagaku Jikken - A Scientific Experiment for Love"},"images":{"pages":[{"t":"j","w":1200,"h":502},{"t":"j","w":1200,"h":502},{"t":"j","w":1200,"h":963},{"t":"j","w":1200,"h":802},{"t":"j","w":1108,"h":1600},{"t":"j","w":1108,"h":1600},{"t":"j","w":1108,"h":1600},{"t":"j","w":1108,"h":1600},{"t":"j","w":1108,"h":1600},{"t":"j","w":1108,"h":1600},{"t":"j","w":1108,"h":1600},{"t":"j","w":1108,"h":1600},{"t":"j","w":1108,"h":1600},{"t":"j","w":1108,"h":1600},{"t":"j","w":1108,"h":1600},{"t":"j","w":1108,"h":1600},{"t":"j","w":1108,"h":1600},{"t":"j","w":1108,"h":1600},{"t":"j","w":1108,"h":1600},{"t":"j","w":1108,"h":1600},{"t":"j","w":1108,"h":1600},{"t":"j","w":1108,"h":1600},{"t":"j","w":1108,"h":1600},{"t":"j","w":1108,"h":1600},{"t":"j","w":1108,"h":1600},{"t":"j","w":1108,"h":1600},{"t":"j","w":1108,"h":1600},{"t":"j","w":1108,"h":1600},{"t":"j","w":1108,"h":1600},{"t":"j","w":1108,"h":1600},{"t":"j","w":1108,"h":1600},{"t":"j","w":1108,"h":1600},{"t":"j","w":1108,"h":1600},{"t":"j","w":1108,"h":1600},{"t":"j","w":1108,"h":1600},{"t":"j","w":1108,"h":1600},{"t":"j","w":1108,"h":1600},{"t":"j","w":1108,"h":1600},{"t":"j","w":1108,"h":1600},{"t":"j","w":1108,"h":1600},{"t":"j","w":1108,"h":1600},{"t":"j","w":1108,"h":1600},{"t":"j","w":1108,"h":1600},{"t":"j","w":1108,"h":1600},{"t":"j","w":1108,"h":1600},{"t":"j","w":1108,"h":1600},{"t":"j","w":1108,"h":1600},{"t":"j","w":1108,"h":1600},{"t":"j","w":1108,"h":1600},{"t":"j","w":1108,"h":1600},{"t":"j","w":1108,"h":1600},{"t":"j","w":1108,"h":1600},{"t":"j","w":1108,"h":1600},{"t":"j","w":1108,"h":1600},{"t":"j","w":1108,"h":1600},{"t":"j","w":1108,"h":1600},{"t":"j","w":1108,"h":1600},{"t":"j","w":1108,"h":1600},{"t":"j","w":1108,"h":1600},{"t":"j","w":1108,"h":1600},{"t":"j","w":1108,"h":1600},{"t":"j","w":1108,"h":1600},{"t":"j","w":1108,"h":1600},{"t":"j","w":1108,"h":1600},{"t":"j","w":1108,"h":1600},{"t":"j","w":1108,"h":1600},{"t":"j","w":1108,"h":1600},{"t":"j","w":1108,"h":1600},{"t":"j","w":1108,"h":1600},{"t":"j","w":1108,"h":1600},{"t":"j","w":1108,"h":1600},{"t":"j","w":1108,"h":1600},{"t":"j","w":1108,"h":1600},{"t":"j","w":1108,"h":1600},{"t":"j","w":1108,"h":1600},{"t":"j","w":1108,"h":1600},{"t":"j","w":1108,"h":1600},{"t":"j","w":1108,"h":1600},{"t":"j","w":1108,"h":1600},{"t":"j","w":1108,"h":1600},{"t":"j","w":1108,"h":1600},{"t":"j","w":1108,"h":1600},{"t":"j","w":1108,"h":1600},{"t":"j","w":1108,"h":1600},{"t":"j","w":1108,"h":1600},{"t":"j","w":1108,"h":1600},{"t":"j","w":1108,"h":1600},{"t":"j","w":1108,"h":1600},{"t":"j","w":1108,"h":1600},{"t":"j","w":1108,"h":1600},{"t":"j","w":1108,"h":1600},{"t":"j","w":1108,"h":1600},{"t":"j","w":1108,"h":1600},{"t":"j","w":1108,"h":1600},{"t":"j","w":1108,"h":1600},{"t":"j","w":1108,"h":1600},{"t":"j","w":1108,"h":1600},{"t":"j","w":1108,"h":1600},{"t":"j","w":1108,"h":1600},{"t":"j","w":1108,"h":1600},{"t":"j","w":1108,"h":1600},{"t":"j","w":1108,"h":1600},{"t":"j","w":1108,"h":1600},{"t":"j","w":1108,"h":1600},{"t":"j","w":1108,"h":1600},{"t":"j","w":1108,"h":1600},{"t":"j","w":1108,"h":1600},{"t":"j","w":1108,"h":1600},{"t":"j","w":1108,"h":1600},{"t":"j","w":1108,"h":1600},{"t":"j","w":1108,"h":1600},{"t":"j","w":1108,"h":1600},{"t":"j","w":1108,"h":1600},{"t":"j","w":1108,"h":1600},{"t":"j","w":1108,"h":1600},{"t":"j","w":1108,"h":1600},{"t":"j","w":1108,"h":1600},{"t":"j","w":1108,"h":1600},{"t":"j","w":1108,"h":1600},{"t":"j","w":1108,"h":1600},{"t":"j","w":1108,"h":1600},{"t":"j","w":1108,"h":1600},{"t":"j","w":1108,"h":1600},{"t":"j","w":1108,"h":1600},{"t":"j","w":1108,"h":1600},{"t":"j","w":1108,"h":1600},{"t":"j","w":1108,"h":1600},{"t":"j","w":1108,"h":1600},{"t":"j","w":1108,"h":1600},{"t":"j","w":1108,"h":1600},{"t":"j","w":1108,"h":1600},{"t":"j","w":1108,"h":1600},{"t":"j","w":1108,"h":1600},{"t":"j","w":1108,"h":1600},{"t":"j","w":1108,"h":1600},{"t":"j","w":1108,"h":1600},{"t":"j","w":1108,"h":1600},{"t":"j","w":1108,"h":1600},{"t":"j","w":1108,"h":1600},{"t":"j","w":1108,"h":1600},{"t":"j","w":1108,"h":1600},{"t":"j","w":1108,"h":1600},{"t":"j","w":1108,"h":1600},{"t":"j","w":1108,"h":1600},{"t":"j","w":1108,"h":1600},{"t":"j","w":1108,"h":1600},{"t":"j","w":1108,"h":1600},{"t":"j","w":1108,"h":1600},{"t":"j","w":1108,"h":1600},{"t":"j","w":1108,"h":1600},{"t":"j","w":1108,"h":1600},{"t":"j","w":1108,"h":1600},{"t":"j","w":1108,"h":1600},{"t":"j","w":1108,"h":1600},{"t":"j","w":1108,"h":1600},{"t":"j","w":1108,"h":1600},{"t":"j","w":1108,"h":1600},{"t":"j","w":1108,"h":1600},{"t":"j","w":1108,"h":1600},{"t":"j","w":1108,"h":1600},{"t":"j","w":1108,"h":1600},{"t":"j","w":1108,"h":1600},{"t":"j","w":1108,"h":1600},{"t":"j","w":1108,"h":1600},{"t":"j","w":1108,"h":1600},{"t":"j","w":1108,"h":1600},{"t":"j","w":1108,"h":1600},{"t":"j","w":1108,"h":1600},{"t":"j","w":1108,"h":1600},{"t":"j","w":1108,"h":1600},{"t":"j","w":1108,"h":1600},{"t":"j","w":1108,"h":1600},{"t":"j","w":1108,"h":1600},{"t":"j","w":1108,"h":1600},{"t":"j","w":1108,"h":1600},{"t":"j","w":1108,"h":1600},{"t":"j","w":1108,"h":1600},{"t":"j","w":1108,"h":1600},{"t":"j","w":1108,"h":1600},{"t":"j","w":1108,"h":1600},{"t":"j","w":1108,"h":1600},{"t":"j","w":1108,"h":1600},{"t":"j","w":1108,"h":1600},{"t":"j","w":1108,"h":1600},{"t":"j","w":1108,"h":1600},{"t":"j","w":1108,"h":1600},{"t":"j","w":1108,"h":1600},{"t":"j","w":1108,"h":1600},{"t":"j","w":1108,"h":1600},{"t":"j","w":1108,"h":1600},{"t":"j","w":1108,"h":1600},{"t":"j","w":1108,"h":1600},{"t":"j","w":1108,"h":1600},{"t":"j","w":1108,"h":1600},{"t":"j","w":1108,"h":1600},{"t":"j","w":1108,"h":1600},{"t":"j","w":1108,"h":1600},{"t":"j","w":1108,"h":1600},{"t":"j","w":1108,"h":1600},{"t":"j","w":1108,"h":1600},{"t":"j","w":1108,"h":1600},{"t":"j","w":1108,"h":1600},{"t":"j","w":1108,"h":1600},{"t":"j","w":1108,"h":1600},{"t":"j","w":1108,"h":1600},{"t":"j","w":1108,"h":1600},{"t":"j","w":1108,"h":1600},{"t":"j","w":1108,"h":1600},{"t":"j","w":1108,"h":1600},{"t":"j","w":1108,"h":1600},{"t":"j","w":1108,"h":1600},{"t":"j","w":1108,"h":1600},{"t":"j","w":1108,"h":1600},{"t":"j","w":1108,"h":1600},{"t":"j","w":1108,"h":1600},{"t":"j","w":1108,"h":1600},{"t":"j","w":1108,"h":1600},{"t":"j","w":1108,"h":1600},{"t":"j","w":1200,"h":1049}],"cover":{"t":"j","w":350,"h":146},"thumbnail":{"t":"j","w":250,"h":105}},"scanlator":"","upload_date":1403964740,"tags":[{"id":2937,"type":"tag","name":"big breasts","url":"/tag/big-breasts/","count":103273},{"id":3735,"type":"tag","name":"swimsuit","url":"/tag/swimsuit/","count":19363},{"id":4435,"type":"tag","name":"gag","url":"/tag/gag/","count":7148},{"id":8010,"type":"tag","name":"group","url":"/tag/group/","count":72150},{"id":8378,"type":"tag","name":"glasses","url":"/tag/glasses/","count":48279},{"id":15658,"type":"tag","name":"bondage","url":"/tag/bondage/","count":34540},{"id":19954,"type":"tag","name":"yuri","url":"/tag/yuri/","count":20241},{"id":23237,"type":"tag","name":"tankoubon","url":"/tag/tankoubon/","count":25051},{"id":25614,"type":"tag","name":"paizuri","url":"/tag/paizuri/","count":22785},{"id":27553,"type":"tag","name":"rape","url":"/tag/rape/","count":34191},{"id":31119,"type":"artist","name":"ryoumoto hatsumi","url":"/artist/ryoumoto-hatsumi/","count":79},{"id":6346,"type":"language","name":"japanese","url":"/language/japanese/","count":191613},{"id":33173,"type":"category","name":"manga","url":"/category/manga/","count":77142},{"id":30206,"type":"tag","name":"tribadism","url":"/tag/tribadism/","count":1920},{"id":10314,"type":"tag","name":"schoolgirl uniform","url":"/tag/schoolgirl-uniform/","count":56168},{"id":8368,"type":"tag","name":"full censorship","url":"/tag/full-censorship/","count":17000}],"num_pages":219,"num_favorites":225}