{"id":17,"media_id":"858","title":{"english":"[Hirose Miho] Ojou-sama to Umi no Labyrinth - A signorina and sea of the labyrinth","japanese":"[\u3072\u308d\u305b\u307f\u307b] \u304a\u5b22\u69d8\u3068\u6d77\u306e\u8ff7\u5bae","pretty":"OjouA signorina and sea of the labyrinth"},"images":{"pages":[{"t":"j","w":1200,"h":532},{"t":"j","w":1200,"h":811},{"t":"j","w":966,"h":1400},{"t":"j","w":966,"h":1400},{"t":"j","w":966,"h":1400},{"t":"j","w":966,"h":1400},{"t":"j","w":966,"h":1400},{"t":"j","w":966,"h":1400},{"t":"j","w":966,"h":1400},{"t":"j","w":966,"h":1400},{"t":"j","w":966,"h":1400},{"t":"j","w":966,"h":1400},{"t":"j","w":966,"h":1400},{"t":"j","w":966,"h":1400},{"t":"j","w":966,"h":1400},{"t":"j","w":966,"h":1400},{"t":"j","w":966,"h":1400},{"t":"j","w":966,"h":1400},{"t":"j","w":966,"h":1400},{"t":"j","w":966,"h":1400},{"t":"j","w":966,"h":1400},{"t":"j","w":966,"h":1400},{"t":"j","w":966,"h":1400},{"t":"j","w":966,"h":1400},{"t":"j","w":966,"h":1400},{"t":"j","w":966,"h":1400},{"t":"j","w":966,"h":1400},{"t":"j","w":966,"h":1400},{"t":"j","w":966,"h":1400},{"t":"j","w":966,"h":1400},{"t":"j","w":966,"h":1400},{"t":"j","w":966,"h":1400},{"t":"j","w":966,"h":1400},{"t":"j","w":966,"h":1400},{"t":"j","w":966,"h":1400},{"t":"j","w":966,"h":1400},{"t":"j","w":966,"h":1400},{"t":"j","w":966,"h":1400},{"t":"j","w":966,"h":1400},{"t":"j","w":966,"h":1400},{"t":"j","w":966,"h":1400},{"t":"j","w":966,"h":1400},{"t":"j","w":966,"h":1400},{"t":"j","w":966,"h":1400},{"t":"j","w":966,"h":1400},{"t":"j","w":966,"h":1400},{"t":"j","w":966,"h":1400},{"t":"j","w":966,"h":1400},{"t":"j","w":966,"h":1400},{"t":"j","w":966,"h":1400},{"t":"j","w":966,"h":1400},{"t":"j","w":966,"h":1400},{"t":"j","w":966,"h":1400},{"t":"j","w":966,"h":1400},{"t":"j","w":966,"h":1400},{"t":"j","w":966,"h":1400},{"t":"j","w":966,"h":1400},{"t":"j","w":966,"h":1400},{"t":"j","w":966,"h":1400},{"t":"j","w":966,"h":1400},{"t":"j","w":966,"h":1400},{"t":"j","w":966,"h":1400},{"t":"j","w":966,"h":1400},{"t":"j","w":966,"h":1400},{"t":"j","w":966,"h":1400},{"t":"j","w":966,"h":1400},{"t":"j","w":966,"h":1400},{"t":"j","w":966,"h":1400},{"t":"j","w":966,"h":1400},{"t":"j","w":966,"h":1400},{"t":"j","w":966,"h":1400},{"t":"j","w":966,"h":1400},{"t":"j","w":966,"h":1400},{"t":"j","w":966,"h":1400},{"t":"j","w":966,"h":1400},{"t":"j","w":966,"h":1400},{"t":"j","w":966,"h":1400},{"t":"j","w":966,"h":1400},{"t":"j","w":966,"h":1400},{"t":"j","w":966,"h":1400},{"t":"j","w":966,"h":1400},{"t":"j","w":966,"h":1400},{"t":"j","w":966,"h":1400},{"t":"j","w":966,"h":1400},{"t":"j","w":966,"h":1400},{"t":"j","w":966,"h":1400},{"t":"j","w":966,"h":1400},{"t":"j","w":966,"h":1400},{"t":"j","w":966,"h":1400},{"t":"j","w":966,"h":1400},{"t":"j","w":966,"h":1400},{"t":"j","w":966,"h":1400},{"t":"j","w":966,"h":1400},{"t":"j","w":966,"h":1400},{"t":"j","w":966,"h":1400},{"t":"j","w":966,"h":1400},{"t":"j","w":966,"h":1400},{"t":"j","w":966,"h":1400},{"t":"j","w":966,"h":1400},{"t":"j","w":966,"h":1400},{"t":"j","w":966,"h":1400},{"t":"j","w":966,"h":1400},{"t":"j","w":966,"h":1400},{"t":"j","w":966,"h":1400},{"t":"j","w":966,"h":1400},{"t":"j","w":966,"h":1400},{"t":"j","w":966,"h":1400},{"t":"j","w":966,"h":1400},{"t":"j","w":966,"h":1400},{"t":"j","w":966,"h":1400},{"t":"j","w":966,"h":1400},{"t":"j","w":966,"h":1400},{"t":"j","w":966,"h":1400},{"t":"j","w":966,"h":1400},{"t":"j","w":966,"h":1400},{"t":"j","w":966,"h":1400},{"t":"j","w":966,"h":1400},{"t":"j","w":966,"h":1400},{"t":"j","w":966,"h":1400},{"t":"j","w":966,"h":1400},{"t":"j","w":966,"h":1400},{"t":"j","w":966,"h":1400},{"t":"j","w":966,"h":1400},{"t":"j","w":966,"h":1400},{"t":"j","w":966,"h":1400},{"t":"j","w":966,"h":1400},{"t":"j","w":966,"h":1400},{"t":"j","w":966,"h":1400},{"t":"j","w":966,"h":1400},{"t":"j","w":966,"h":1400},{"t":"j","w":966,"h":1400},{"t":"j","w":966,"h":1400},{"t":"j","w":966,"h":1400},{"t":"j","w":966,"h":1400},{"t":"j","w":966,"h":1400},{"t":"j","w":966,"h":1400},{"t":"j","w":966,"h":1400},{"t":"j","w":966,"h":1400},{"t":"j","w":966,"h":1400},{"t":"j","w":966,"h":1400},{"t":"j","w":966,"h":1400},{"t":"j","w":966,"h":1400},{"t":"j","w":966,"h":1400},{"t":"j","w":966,"h":1400},{"t":"j","w":966,"h":1400},{"t":"j","w":966,"h":1400},{"t":"j","w":966,"h":1400},{"t":"j","w":966,"h":1400},{"t":"j","w":966,"h":1400},{"t":"j","w":966,"h":1400},{"t":"j","w":966,"h":1400},{"t":"j","w":966,"h":1400},{"t":"j","w":966,"h":1400},{"t":"j","w":966,"h":1400},{"t":"j","w":966,"h":1400},{"t":"j","w":966,"h":1400},{"t":"j","w":966,"h":1400},{"t":"j","w":966,"h":1400},{"t":"j","w":966,"h":1400},{"t":"j","w":966,"h":1400},{"t":"j","w":966,"h":1400},{"t":"j","w":966,"h":1400},{"t":"j","w":966,"h":1400},{"t":"j","w":966,"h":1400},{"t":"j","w":966,"h":1400},{"t":"j","w":966,"h":1400},{"t":"j","w":966,"h":1400},{"t":"j","w":966,"h":1400},{"t":"j","w":966,"h":1400},{"t":"j","w":966,"h":1400},{"t":"j","w":966,"h":1400},{"t":"j","w":966,"h":1400},{"t":"j","w":966,"h":1400},{"t":"j","w":966,"h":1400},{"t":"j","w":966,"h":1400},{"t":"j","w":966,"h":1400},{"t":"j","w":966,"h":1400},{"t":"j","w":966,"h":1400},{"t":"j","w":966,"h":1400},{"t":"j","w":966,"h":1400},{"t":"j","w":966,"h":1400},{"t":"j","w":966,"h":1400},{"t":"j","w":966,"h":1400},{"t":"j","w":966,"h":1400},{"t":"j","w":966,"h":1400},{"t":"j","w":966,"h":1400},{"t":"j","w":966,"h":1400},{"t":"j","w":966,"h":1400},{"t":"j","w":966,"h":1400},{"t":"j","w":966,"h":1400},{"t":"j","w":966,"h":1400},{"t":"j","w":966,"h":1400},{"t":"j","w":966,"h":1400},{"t":"j","w":966,"h":1400},{"t":"j","w":966,"h":1400},{"t":"j","w":966,"h":1400},{"t":"j","w":966,"h":1400},{"t":"j","w":966,"h":1400},{"t":"j","w":966,"h":1400},{"t":"j","w":966,"h":1400},{"t":"j","w":966,"h":1400},{"t":"j","w":966,"h":1400},{"t":"j","w":966,"h":1400},{"t":"j","w":966,"h":1400},{"t":"j","w":966,"h":1400},{"t":"j","w":966,"h":1400}],"cover":{"t":"j","w":350,"h":155},"thumbnail":{"t":"j","w":250,"h":111}},"scanlator":"","upload_date":1403964741,"tags":[{"id":190,"type":"tag","name":"maid","url":"/tag/maid/","count":10550},{"id":2937,"type":"tag","name":"big breasts","url":"/tag/big-breasts/","count":103273},{"id":3391,"type":"tag","name":"nun","url":"/tag/nun/","count":1407},{"id":3735,"type":"tag","name":"swimsuit","url":"/tag/swimsuit/","count":19363},{"id":8010,"type":"tag","name":"group","url":"/tag/group/","count":72150},{"id":10720,"type":"artist","name":"hirose miho","url":"/artist/hirose-miho/","count":42},{"id":22942,"type":"tag","name":"incest","url":"/tag/incest/","count":28107},{"id":23237,"type":"tag","name":"tankoubon","url":"/tag/tankoubon/","count":25051},{"id":24201,"type":"tag","name":"stockings","url":"/tag/stockings/","count":64784},{"id":24726,"type":"tag","name":"apron","url":"/tag/apron/","count":2946},{"id":25614,"type":"tag","name":"paizuri","url":"/tag/paizuri/","count":22785},{"id":6346,"type":"language","name":"japanese","url":"/language/japanese/","count":191613},{"id":33173,"type":"category","name":"manga","url":"/category/manga/","count":77142},{"id":8739,"type":"tag","name":"story arc","url":"/tag/story-arc/","count":9145},{"id":8368,"type":"tag","name":"full censorship","url":"/tag/full-censorship/","count":17000}],"num_pages":206,"num_favorites":169}