{"id":18,"media_id":"860","title":{"english":"(C71) [Neko iri bako dairi (Maimu-Maimu)] Chokotto H Sister (Chokotto Sister)","japanese":"(C71) [\u732b\u5165\u308a\u7bb1\u4ee3\u7406 (\u821e\u516d\u307e\u3044\u3080)] \u3061\u3087\u3053\u3063\u3068 H Sister (\u3061\u3087\u3053\u30c3\u3068Sister)","pretty":"Chokotto H Sister"},"images":{"pages":[{"t":"j","w":717,"h":1012},{"t":"j","w":717,"h":1012},{"t":"j","w":717,"h":1012},{"t":"j","w":717,"h":1012},{"t":"j","w":717,"h":1012},{"t":"j","w":717,"h":1012},{"t":"j","w":717,"h":1012},{"t":"j","w":717,"h":1012},{"t":"j","w":717,"h":1012},{"t":"j","w":717,"h":1012},{"t":"j","w":717,"h":1012},{"t":"j","w":717,"h":1012},{"t":"j","w":717,"h":1012},{"t":"j","w":717,"h":1012},{"t":"j","w":717,"h":1012},{"t":"j","w":717,"h":1012},{"t":"j","w":717,"h":1012},{"t":"j","w":717,"h":1012},{"t":"j","w":717,"h":1012},{"t":"j","w":717,"h":1012},{"t":"j","w":717,"h":1012},{"t":"j","w":717,"h":1012},{"t":"j","w":717,"h":1012},{"t":"j","w":717,"h":1012},{"t":"j","w":717,"h":1012},{"t":"j","w":717,"h":1012}],"cover":{"t":"j","w":350,"h":494},"thumbnail":{"t":"j","w":250,"h":353}},"scanlator":"","upload_date":1403964742,"tags":[{"id":7191,"type":"character","name":"choco","url":"/character/choco/","count":10},{"id":11405,"type":"parody","name":"chokotto sister","url":"/parody/chokotto-sister/","count":14},{"id":19440,"type":"tag","name":"lolicon","url":"/tag/lolicon/","count":69490},{"id":19954,"type":"tag","name":"yuri","url":"/tag/yuri/","count":20241},{"id":22723,"type":"artist","name":"maimu-maimu","url":"/artist/maimu-maimu/","count":167},{"id":30749,"type":"character","name":"yurika hanayamada","url":"/character/yurika-hanayamada/","count":8},{"id":33092,"type":"group","name":"neko iri bako dairi","url":"/group/neko-iri-bako-dairi/","count":22},{"id":6346,"type":"language","name":"japanese","url":"/language/japanese/","count":191613},{"id":33172,"type":"category","name":"doujinshi","url":"/category/doujinshi/","count":228729}],"num_pages":26,"num_favorites":182}