{"id":19,"media_id":"863","title":{"english":"(C71) [Shiawase Kanmiryou (Yuki Tomoshi)] Anchoco Bessatsu ~Marumaru na Toki~ (Chokotto Sister)","japanese":"(C71) [\u3057\u3042\u308f\u305b\u7518\u5473\u6599 (\u5e78\u706f)] \u3042\u3093\u3061\u3087\u3053\u5225\u518a\uff5e\u25cb\u25cb\u306a\u6642\uff5e (\u3061\u3087\u3053\u30c3\u3068Sister)","pretty":"Anchoco Bessatsu"},"images":{"pages":[{"t":"j","w":1050,"h":1500},{"t":"j","w":1050,"h":1500},{"t":"j","w":1050,"h":1500},{"t":"j","w":1050,"h":1500},{"t":"j","w":1050,"h":1500},{"t":"j","w":1050,"h":1500},{"t":"j","w":1050,"h":1500},{"t":"j","w":1050,"h":1500},{"t":"j","w":1050,"h":1500},{"t":"j","w":1050,"h":1500},{"t":"j","w":1050,"h":1500},{"t":"j","w":1050,"h":1500},{"t":"j","w":1050,"h":1500},{"t":"j","w":1050,"h":1500},{"t":"j","w":1050,"h":1500},{"t":"j","w":1050,"h":1500},{"t":"j","w":1050,"h":1500},{"t":"j","w":1050,"h":1500},{"t":"j","w":1050,"h":1500},{"t":"j","w":1050,"h":1500},{"t":"j","w":1050,"h":1500},{"t":"j","w":1050,"h":1500},{"t":"j","w":1050,"h":1500},{"t":"j","w":1050,"h":1500},{"t":"j","w":1050,"h":1500},{"t":"j","w":1050,"h":1500},{"t":"j","w":1050,"h":1500},{"t":"j","w":1050,"h":1500},{"t":"j","w":1050,"h":1500},{"t":"j","w":1050,"h":1500},{"t":"j","w":1050,"h":1500},{"t":"j","w":1050,"h":1500},{"t":"j","w":1050,"h":1500},{"t":"j","w":1050,"h":1500},{"t":"j","w":1050,"h":1500},{"t":"j","w":1050,"h":1500},{"t":"j","w":1050,"h":1500},{"t":"j","w":1050,"h":1500}],"cover":{"t":"j","w":350,"h":500},"thumbnail":{"t":"j","w":250,"h":357}},"scanlator":"","upload_date":1403964742,"tags":[{"id":1478,"type":"character","name":"chitose serikawa","url":"/character/chitose-serikawa/","count":9},{"id":2937,"type":"tag","name":"big breasts","url":"/tag/big-breasts/","count":103273},{"id":7191,"type":"character","name":"choco","url":"/character/choco/","count":10},{"id":8010,"type":"tag","name":"group","url":"/tag/group/","count":72150},{"id":8378,"type":"tag","name":"glasses","url":"/tag/glasses/","count":48279},{"id":11405,"type":"parody","name":"chokotto sister","url":"/parody/chokotto-sister/","count":14},{"id":19440,"type":"tag","name":"lolicon","url":"/tag/lolicon/","count":69490},{"id":19954,"type":"tag","name":"yuri","url":"/tag/yuri/","count":20241},{"id":25388,"type":"artist","name":"yuki tomoshi","url":"/artist/yuki-tomoshi/","count":114},{"id":30533,"type":"group","name":"shiawase kanmiryou","url":"/group/shiawase-kanmiryou/","count":66},{"id":30749,"type":"character","name":"yurika hanayamada","url":"/character/yurika-hanayamada/","count":8},{"id":6346,"type":"language","name":"japanese","url":"/language/japanese/","count":191613},{"id":33172,"type":"category","name":"doujinshi","url":"/category/doujinshi/","count":228729}],"num_pages":38,"num_favorites":94}