[{"id":16,"title":"Renai Kagaku Jikken - A Scientific Experiment for Love","tags":["big breasts","swimsuit","gag","group","glasses","bondage","yuri","tankoubon","paizuri","rape","ryoumoto hatsumi","japanese","manga","tribadism","schoolgirl uniform","full censorship"],"page":219},{"id":15,"title":"C no Kajitsu","tags":["bdsm","big breasts","group","glasses","bondage","demon girl","ryuga syo","tankoubon","stockings","chinese dress","paizuri","japanese","manga","schoolgirl uniform","replaced"],"page":184},{"id":14,"title":"Kimochi Ii Koto - A Pleasant Thing","tags":["futanari","big breasts","swimsuit","urethra insertion","group","glasses","facesitting","anal","sex toys","femdom","bondage","dark skin","lolicon","incest","double penetration","tankoubon","rimjob","paizuri","blowjob","shotacon","japanese","manga","schoolgirl uniform","dickgirl on male","ffm threesome","pantyhose","amadume ryuuta"],"page":167},{"id":13,"title":"AD Paradise","tags":["big breasts","swimsuit","nurse","hagio nobuto","tankoubon","paizuri","japanese","manga"],"page":226},{"id":12,"title":"Tsuyu ni Nureta Akaki Hana","tags":["futanari","big breasts","nun","glory hole","strap-on","cunnilingus","group","glasses","public use","nakadashi","anal","sex toys","bondage","hairy","yuri","raymon","incest","double penetration","bunny girl","tankoubon","paizuri","fingering","rape","sister","teacher","kunoichi","japanese","manga","chloroform"],"page":179},{"id":11,"title":"2 ON 1","tags":["business suit","group","masturbation","sex toys","femdom","bondage","sleeping","yuri","sada ko-ji","drugs","tankoubon","paizuri","rape","bloomers","japanese","manga","schoolgirl uniform","chloroform"],"page":163},{"id":17,"title":"OjouA signorina and sea of the labyrinth","tags":["maid","big breasts","nun","swimsuit","group","hirose miho","incest","tankoubon","stockings","apron","paizuri","japanese","manga","story arc","full censorship"],"page":206},{"id":19,"title":"Anchoco Bessatsu","tags":["chitose serikawa","big breasts","choco","group","glasses","chokotto sister","lolicon","yuri","yuki tomoshi","shiawase kanmiryou","yurika hanayamada","japanese","doujinshi"],"page":38},{"id":18,"title":"Chokotto H Sister","tags":["choco","chokotto sister","lolicon","yuri","maimu-maimu","yurika hanayamada","neko iri bako dairi","japanese","doujinshi"],"page":26},{"id":20,"title":"Natsu no Shizuku","tags":["business suit","handjob","bdsm","milf","big breasts","nurse","group","glasses","big ass","anal","sex toys","lab coat","ffm threesome","bondage","tankoubon","chloroform","stockings","pantyhose","paizuri","lingerie","mind break","rape","teacher","bloomers","midoh tsukasa","blowjob","big penis","catgirl","japanese","manga","hairy","garter belt","foot licking","ahegao"],"page":172}]