{"id":286,"media_id":"1596","title":{"english":"[Circle Taihei-Tengoku (Horikawa Gorou)] Junketsu  (Lupin III)","japanese":"[\u30b5\u30fc\u30af\u30eb\u592a\u5e73\u5929\u56fd (\u5800\u5ddd\u609f\u90ce)] \u7d14\u6f54 (\u30eb\u30d1\u30f3\u4e09\u4e16 \u30ab\u30ea\u30aa\u30b9\u30c8\u30ed\u306e\u57ce)","pretty":"Junketsu"},"images":{"pages":[{"t":"j","w":755,"h":1123},{"t":"j","w":755,"h":1123},{"t":"j","w":755,"h":1123},{"t":"j","w":755,"h":1123},{"t":"j","w":755,"h":1123},{"t":"j","w":755,"h":1123},{"t":"j","w":755,"h":1123},{"t":"j","w":755,"h":1123},{"t":"j","w":755,"h":1123},{"t":"j","w":755,"h":1123},{"t":"j","w":755,"h":1123},{"t":"j","w":755,"h":1123},{"t":"j","w":755,"h":1123},{"t":"j","w":755,"h":1123},{"t":"j","w":755,"h":1123},{"t":"j","w":755,"h":1123},{"t":"j","w":755,"h":1123},{"t":"j","w":755,"h":1123},{"t":"j","w":755,"h":1123},{"t":"j","w":755,"h":1123},{"t":"j","w":755,"h":1123},{"t":"j","w":755,"h":1123},{"t":"j","w":755,"h":1123},{"t":"j","w":755,"h":1123},{"t":"j","w":755,"h":1123},{"t":"j","w":755,"h":1123},{"t":"j","w":755,"h":1123},{"t":"j","w":755,"h":1123},{"t":"j","w":755,"h":1123},{"t":"j","w":755,"h":1123},{"t":"j","w":755,"h":1123},{"t":"j","w":755,"h":1123},{"t":"j","w":755,"h":1123},{"t":"j","w":755,"h":1123},{"t":"j","w":755,"h":1123},{"t":"j","w":755,"h":1123},{"t":"j","w":755,"h":1123},{"t":"j","w":755,"h":1123}],"cover":{"t":"j","w":350,"h":521},"thumbnail":{"t":"j","w":250,"h":372}},"scanlator":"","upload_date":1403965075,"tags":[{"id":144,"type":"artist","name":"horikawa gorou","url":"/artist/horikawa-gorou/","count":200},{"id":1088,"type":"tag","name":"bdsm","url":"/tag/bdsm/","count":1953},{"id":2937,"type":"tag","name":"big breasts","url":"/tag/big-breasts/","count":104551},{"id":8010,"type":"tag","name":"group","url":"/tag/group/","count":72839},{"id":15658,"type":"tag","name":"bondage","url":"/tag/bondage/","count":34802},{"id":24529,"type":"tag","name":"bride","url":"/tag/bride/","count":1033},{"id":27112,"type":"tag","name":"tiara","url":"/tag/tiara/","count":2052},{"id":27553,"type":"tag","name":"rape","url":"/tag/rape/","count":34545},{"id":28658,"type":"group","name":"circle taihei-tengoku","url":"/group/circle-taihei-tengoku/","count":237},{"id":30288,"type":"parody","name":"lupin iii","url":"/parody/lupin-iii/","count":57},{"id":31044,"type":"tag","name":"collar","url":"/tag/collar/","count":13788},{"id":6346,"type":"language","name":"japanese","url":"/language/japanese/","count":193003},{"id":33172,"type":"category","name":"doujinshi","url":"/category/doujinshi/","count":231184},{"id":13081,"type":"character","name":"clarisse de cagliostro","url":"/character/clarisse-de-cagliostro/","count":7}],"num_pages":38,"num_favorites":35}