{"id":287,"media_id":"1597","title":{"english":"[Circle Taihei-Tengoku (Horikawa Gorou)] Kaede no Ken -Kaede's Sword-","japanese":"[\u30b5\u30fc\u30af\u30eb\u592a\u5e73\u5929\u56fd (\u5800\u5ddd\u609f\u90ce)] \u6953\u306e\u5263","pretty":"Kaede no Ken"},"images":{"pages":[{"t":"j","w":686,"h":1003},{"t":"j","w":683,"h":1000},{"t":"j","w":686,"h":1000},{"t":"j","w":688,"h":1000},{"t":"j","w":686,"h":1003},{"t":"j","w":688,"h":1000},{"t":"j","w":688,"h":1000},{"t":"j","w":688,"h":1003},{"t":"j","w":680,"h":1003},{"t":"j","w":686,"h":1003},{"t":"j","w":686,"h":1003},{"t":"j","w":691,"h":1000},{"t":"j","w":683,"h":1003},{"t":"j","w":688,"h":1003},{"t":"j","w":686,"h":1003},{"t":"j","w":686,"h":1003},{"t":"j","w":683,"h":1003},{"t":"j","w":688,"h":1000},{"t":"j","w":683,"h":1003},{"t":"j","w":686,"h":1006},{"t":"j","w":686,"h":1000},{"t":"j","w":686,"h":1003},{"t":"j","w":686,"h":1003},{"t":"j","w":688,"h":1000},{"t":"j","w":686,"h":1003},{"t":"j","w":688,"h":1006},{"t":"j","w":683,"h":1003},{"t":"j","w":686,"h":1006},{"t":"j","w":683,"h":1003},{"t":"j","w":686,"h":1003},{"t":"j","w":683,"h":1003},{"t":"j","w":686,"h":1003},{"t":"j","w":683,"h":1003},{"t":"j","w":688,"h":1003},{"t":"j","w":680,"h":1003},{"t":"j","w":691,"h":1006},{"t":"j","w":686,"h":1003},{"t":"j","w":688,"h":1000},{"t":"j","w":683,"h":1003},{"t":"j","w":688,"h":1003},{"t":"j","w":686,"h":1003},{"t":"j","w":688,"h":1003},{"t":"j","w":686,"h":1003},{"t":"j","w":688,"h":1003},{"t":"j","w":686,"h":1000},{"t":"j","w":688,"h":1003},{"t":"j","w":683,"h":1003},{"t":"j","w":688,"h":1003},{"t":"j","w":686,"h":1003},{"t":"j","w":688,"h":1003},{"t":"j","w":683,"h":1003},{"t":"j","w":686,"h":1003},{"t":"j","w":686,"h":1003},{"t":"j","w":688,"h":1003},{"t":"j","w":686,"h":1000},{"t":"j","w":686,"h":1000},{"t":"j","w":686,"h":1000},{"t":"j","w":686,"h":1000},{"t":"j","w":494,"h":720},{"t":"j","w":494,"h":720}],"cover":{"t":"j","w":350,"h":512},"thumbnail":{"t":"j","w":250,"h":366}},"scanlator":"","upload_date":1403965076,"tags":[{"id":144,"type":"artist","name":"horikawa gorou","url":"/artist/horikawa-gorou/","count":200},{"id":2414,"type":"artist","name":"taihei tengoku","url":"/artist/taihei-tengoku/","count":145},{"id":2937,"type":"tag","name":"big breasts","url":"/tag/big-breasts/","count":103273},{"id":4435,"type":"tag","name":"gag","url":"/tag/gag/","count":7148},{"id":8010,"type":"tag","name":"group","url":"/tag/group/","count":72150},{"id":15658,"type":"tag","name":"bondage","url":"/tag/bondage/","count":34540},{"id":20525,"type":"tag","name":"defloration","url":"/tag/defloration/","count":23209},{"id":22079,"type":"tag","name":"drugs","url":"/tag/drugs/","count":6723},{"id":27553,"type":"tag","name":"rape","url":"/tag/rape/","count":34191},{"id":28658,"type":"group","name":"circle taihei-tengoku","url":"/group/circle-taihei-tengoku/","count":237},{"id":6346,"type":"language","name":"japanese","url":"/language/japanese/","count":191613},{"id":33172,"type":"category","name":"doujinshi","url":"/category/doujinshi/","count":228729}],"num_pages":60,"num_favorites":21}