{"id":288,"media_id":"1598","title":{"english":"(C65) [Circle Taihei-Tengoku (Horikawa Gorou)] Kokujin Byoto | Black Hospital","japanese":"(C65) [\u30b5\u30fc\u30af\u30eb\u592a\u5e73\u5929\u56fd (\u5800\u5ddd\u609f\u90ce)] \u9ed2\u4eba\u75c5\u68df","pretty":"Kokujin Byoto | Black Hospital"},"images":{"pages":[{"t":"j","w":983,"h":1400},{"t":"j","w":980,"h":1400},{"t":"j","w":980,"h":1400},{"t":"j","w":980,"h":1400},{"t":"j","w":980,"h":1400},{"t":"j","w":983,"h":1400},{"t":"j","w":983,"h":1400},{"t":"j","w":983,"h":1400},{"t":"j","w":983,"h":1400},{"t":"j","w":983,"h":1400},{"t":"j","w":983,"h":1400},{"t":"j","w":983,"h":1400},{"t":"j","w":983,"h":1400},{"t":"j","w":983,"h":1400},{"t":"j","w":983,"h":1400},{"t":"j","w":983,"h":1400},{"t":"j","w":983,"h":1400},{"t":"j","w":983,"h":1400},{"t":"j","w":983,"h":1400},{"t":"j","w":983,"h":1400},{"t":"j","w":983,"h":1400},{"t":"j","w":983,"h":1400},{"t":"j","w":983,"h":1400},{"t":"j","w":983,"h":1400},{"t":"j","w":983,"h":1400},{"t":"j","w":983,"h":1400},{"t":"j","w":983,"h":1400},{"t":"j","w":983,"h":1400},{"t":"j","w":983,"h":1400},{"t":"j","w":983,"h":1400},{"t":"j","w":983,"h":1400},{"t":"j","w":983,"h":1400},{"t":"j","w":983,"h":1400},{"t":"j","w":983,"h":1400},{"t":"j","w":983,"h":1400},{"t":"j","w":983,"h":1400},{"t":"j","w":983,"h":1400},{"t":"j","w":983,"h":1400},{"t":"j","w":983,"h":1400},{"t":"j","w":983,"h":1400},{"t":"j","w":983,"h":1400},{"t":"j","w":983,"h":1400},{"t":"j","w":983,"h":1400},{"t":"j","w":983,"h":1400},{"t":"j","w":983,"h":1400},{"t":"j","w":983,"h":1400},{"t":"j","w":983,"h":1400},{"t":"j","w":983,"h":1400},{"t":"j","w":983,"h":1400},{"t":"j","w":983,"h":1400},{"t":"j","w":983,"h":1400},{"t":"j","w":983,"h":1400},{"t":"j","w":983,"h":1400},{"t":"j","w":983,"h":1400},{"t":"j","w":983,"h":1400},{"t":"j","w":983,"h":1400},{"t":"j","w":983,"h":1400},{"t":"j","w":983,"h":1400},{"t":"j","w":983,"h":1400},{"t":"j","w":983,"h":1400},{"t":"j","w":983,"h":1400},{"t":"j","w":983,"h":1400}],"cover":{"t":"j","w":350,"h":498},"thumbnail":{"t":"j","w":250,"h":356}},"scanlator":"","upload_date":1403965077,"tags":[{"id":144,"type":"artist","name":"horikawa gorou","url":"/artist/horikawa-gorou/","count":200},{"id":2937,"type":"tag","name":"big breasts","url":"/tag/big-breasts/","count":103273},{"id":6525,"type":"tag","name":"nurse","url":"/tag/nurse/","count":3653},{"id":8010,"type":"tag","name":"group","url":"/tag/group/","count":72150},{"id":14971,"type":"tag","name":"sex toys","url":"/tag/sex-toys/","count":20823},{"id":15658,"type":"tag","name":"bondage","url":"/tag/bondage/","count":34540},{"id":27553,"type":"tag","name":"rape","url":"/tag/rape/","count":34191},{"id":28658,"type":"group","name":"circle taihei-tengoku","url":"/group/circle-taihei-tengoku/","count":237},{"id":6346,"type":"language","name":"japanese","url":"/language/japanese/","count":191613},{"id":33172,"type":"category","name":"doujinshi","url":"/category/doujinshi/","count":228729},{"id":19018,"type":"tag","name":"dark skin","url":"/tag/dark-skin/","count":21056}],"num_pages":62,"num_favorites":84}