{"id":289,"media_id":"1601","title":{"english":"(C48) [Circle Taihei-Tengoku (Horikawa Gorou)] Osana Zuma  | Young Bride","japanese":"(C48) [\u30b5\u30fc\u30af\u30eb\u592a\u5e73\u5929\u56fd (\u5800\u5ddd\u609f\u90ce)] \u304a\u3055\u306a\u59bb","pretty":"Osana Zuma  | Young Bride"},"images":{"pages":[{"t":"j","w":800,"h":1134},{"t":"j","w":800,"h":1134},{"t":"j","w":800,"h":1134},{"t":"j","w":800,"h":1134},{"t":"j","w":800,"h":1134},{"t":"j","w":800,"h":1134},{"t":"j","w":800,"h":1134},{"t":"j","w":800,"h":1134},{"t":"j","w":800,"h":1134},{"t":"j","w":800,"h":1134},{"t":"j","w":800,"h":1134},{"t":"j","w":800,"h":1134},{"t":"j","w":800,"h":1134},{"t":"j","w":800,"h":1134},{"t":"j","w":800,"h":1134},{"t":"j","w":800,"h":1134},{"t":"j","w":800,"h":1134},{"t":"j","w":800,"h":1134},{"t":"j","w":800,"h":1134},{"t":"j","w":800,"h":1134},{"t":"j","w":800,"h":1134},{"t":"j","w":800,"h":1134},{"t":"j","w":800,"h":1134},{"t":"j","w":800,"h":1134},{"t":"j","w":800,"h":1134},{"t":"j","w":800,"h":1134},{"t":"j","w":800,"h":1134},{"t":"j","w":800,"h":1134},{"t":"j","w":800,"h":1134},{"t":"j","w":800,"h":1134},{"t":"j","w":800,"h":1134},{"t":"j","w":800,"h":1134},{"t":"j","w":800,"h":1134},{"t":"j","w":800,"h":1134},{"t":"j","w":800,"h":1134},{"t":"j","w":800,"h":1134},{"t":"j","w":800,"h":1134},{"t":"j","w":800,"h":1134},{"t":"j","w":800,"h":1134},{"t":"j","w":800,"h":1134},{"t":"j","w":800,"h":1134},{"t":"j","w":800,"h":1134},{"t":"j","w":800,"h":1134},{"t":"j","w":800,"h":1134},{"t":"j","w":800,"h":1134},{"t":"j","w":800,"h":1134},{"t":"j","w":800,"h":1134},{"t":"j","w":800,"h":1134},{"t":"j","w":800,"h":1134},{"t":"j","w":800,"h":1134},{"t":"j","w":800,"h":1134},{"t":"j","w":800,"h":1134},{"t":"j","w":800,"h":1134},{"t":"j","w":800,"h":1134},{"t":"j","w":800,"h":1134},{"t":"j","w":800,"h":1134},{"t":"j","w":800,"h":1134},{"t":"j","w":800,"h":1134}],"cover":{"t":"j","w":350,"h":496},"thumbnail":{"t":"j","w":250,"h":354}},"scanlator":"","upload_date":1403965079,"tags":[{"id":144,"type":"artist","name":"horikawa gorou","url":"/artist/horikawa-gorou/","count":200},{"id":2937,"type":"tag","name":"big breasts","url":"/tag/big-breasts/","count":103273},{"id":8010,"type":"tag","name":"group","url":"/tag/group/","count":72150},{"id":9406,"type":"tag","name":"enema","url":"/tag/enema/","count":3441},{"id":10604,"type":"tag","name":"dog","url":"/tag/dog/","count":1220},{"id":12523,"type":"tag","name":"bestiality","url":"/tag/bestiality/","count":3768},{"id":15658,"type":"tag","name":"bondage","url":"/tag/bondage/","count":34540},{"id":24201,"type":"tag","name":"stockings","url":"/tag/stockings/","count":64784},{"id":24529,"type":"tag","name":"bride","url":"/tag/bride/","count":1033},{"id":27553,"type":"tag","name":"rape","url":"/tag/rape/","count":34191},{"id":28658,"type":"group","name":"circle taihei-tengoku","url":"/group/circle-taihei-tengoku/","count":237},{"id":29013,"type":"tag","name":"dilf","url":"/tag/dilf/","count":15244},{"id":31880,"type":"tag","name":"bbm","url":"/tag/bbm/","count":11652},{"id":32752,"type":"tag","name":"shibari","url":"/tag/shibari/","count":2571},{"id":6346,"type":"language","name":"japanese","url":"/language/japanese/","count":191613},{"id":33172,"type":"category","name":"doujinshi","url":"/category/doujinshi/","count":228729}],"num_pages":58,"num_favorites":51}