{"id":290,"media_id":"1602","title":{"english":"(C46) [Circle Taihei-Tengoku (Horikawa Gorou)] Reijo Nikki | Slave Diary","japanese":"(C46) [\u30b5\u30fc\u30af\u30eb\u592a\u5e73\u5929\u56fd (\u5800\u5ddd\u609f\u90ce)] \u96b7\u5b22\u65e5\u8a18","pretty":"Reijo Nikki | Slave Diary"},"images":{"pages":[{"t":"j","w":587,"h":850},{"t":"j","w":592,"h":850},{"t":"j","w":579,"h":850},{"t":"j","w":582,"h":850},{"t":"j","w":606,"h":850},{"t":"j","w":587,"h":850},{"t":"j","w":580,"h":850},{"t":"j","w":574,"h":850},{"t":"j","w":592,"h":850},{"t":"j","w":588,"h":850},{"t":"j","w":572,"h":850},{"t":"j","w":570,"h":850},{"t":"j","w":581,"h":850},{"t":"j","w":572,"h":850},{"t":"j","w":571,"h":850},{"t":"j","w":578,"h":850},{"t":"j","w":571,"h":850},{"t":"j","w":577,"h":850},{"t":"j","w":566,"h":850},{"t":"j","w":573,"h":850},{"t":"j","w":567,"h":850},{"t":"j","w":568,"h":850},{"t":"j","w":572,"h":850},{"t":"j","w":565,"h":850},{"t":"j","w":570,"h":850},{"t":"j","w":570,"h":850},{"t":"j","w":567,"h":850},{"t":"j","w":561,"h":850},{"t":"j","w":568,"h":850},{"t":"j","w":564,"h":850},{"t":"j","w":572,"h":850},{"t":"j","w":566,"h":850},{"t":"j","w":567,"h":850},{"t":"j","w":570,"h":850},{"t":"j","w":566,"h":850},{"t":"j","w":564,"h":850},{"t":"j","w":561,"h":850},{"t":"j","w":564,"h":850},{"t":"j","w":566,"h":850},{"t":"j","w":565,"h":850},{"t":"j","w":570,"h":850},{"t":"j","w":565,"h":850},{"t":"j","w":566,"h":850},{"t":"j","w":568,"h":850},{"t":"j","w":577,"h":850},{"t":"j","w":572,"h":850},{"t":"j","w":578,"h":850},{"t":"j","w":571,"h":850},{"t":"j","w":568,"h":850},{"t":"j","w":576,"h":850},{"t":"j","w":578,"h":850},{"t":"j","w":575,"h":850},{"t":"j","w":576,"h":850},{"t":"j","w":585,"h":850},{"t":"j","w":581,"h":850},{"t":"j","w":588,"h":850},{"t":"j","w":577,"h":850},{"t":"j","w":600,"h":850}],"cover":{"t":"j","w":350,"h":507},"thumbnail":{"t":"j","w":250,"h":362}},"scanlator":"","upload_date":1403965080,"tags":[{"id":144,"type":"artist","name":"horikawa gorou","url":"/artist/horikawa-gorou/","count":200},{"id":2937,"type":"tag","name":"big breasts","url":"/tag/big-breasts/","count":103273},{"id":4435,"type":"tag","name":"gag","url":"/tag/gag/","count":7189},{"id":9406,"type":"tag","name":"enema","url":"/tag/enema/","count":3441},{"id":14971,"type":"tag","name":"sex toys","url":"/tag/sex-toys/","count":20823},{"id":15658,"type":"tag","name":"bondage","url":"/tag/bondage/","count":34540},{"id":19899,"type":"tag","name":"exhibitionism","url":"/tag/exhibitionism/","count":8720},{"id":21774,"type":"tag","name":"human pet","url":"/tag/human-pet/","count":1523},{"id":27553,"type":"tag","name":"rape","url":"/tag/rape/","count":34191},{"id":28658,"type":"group","name":"circle taihei-tengoku","url":"/group/circle-taihei-tengoku/","count":237},{"id":33129,"type":"tag","name":"slave","url":"/tag/slave/","count":2787},{"id":6346,"type":"language","name":"japanese","url":"/language/japanese/","count":191613},{"id":33172,"type":"category","name":"doujinshi","url":"/category/doujinshi/","count":228729},{"id":10314,"type":"tag","name":"schoolgirl uniform","url":"/tag/schoolgirl-uniform/","count":56168}],"num_pages":58,"num_favorites":85}