{"id":291,"media_id":"1603","title":{"english":"[Horikawa Gorou] Reizoku Keiyakusho","japanese":"[\u5800\u5ddd\u609f\u90ce] \u96b7\u5c5e\u5951\u7d04\u66f8","pretty":"Reizoku Keiyakusho"},"images":{"pages":[{"t":"j","w":1200,"h":1004},{"t":"j","w":1168,"h":1648},{"t":"j","w":1168,"h":1652},{"t":"j","w":1168,"h":1652},{"t":"j","w":1168,"h":1652},{"t":"j","w":1168,"h":1652},{"t":"j","w":1168,"h":1648},{"t":"j","w":1168,"h":1648},{"t":"j","w":1168,"h":1648},{"t":"j","w":1168,"h":1648},{"t":"j","w":1168,"h":1648},{"t":"j","w":1168,"h":1648},{"t":"j","w":1168,"h":1648},{"t":"j","w":1168,"h":1648},{"t":"j","w":1168,"h":1648},{"t":"j","w":1168,"h":1648},{"t":"j","w":1168,"h":1648},{"t":"j","w":1168,"h":1648},{"t":"j","w":1168,"h":1648},{"t":"j","w":1168,"h":1648},{"t":"j","w":1168,"h":1648},{"t":"j","w":1168,"h":1648},{"t":"j","w":1168,"h":1648},{"t":"j","w":1168,"h":1648},{"t":"j","w":1168,"h":1648},{"t":"j","w":1168,"h":1648},{"t":"j","w":1168,"h":1648},{"t":"j","w":1168,"h":1648},{"t":"j","w":1168,"h":1648},{"t":"j","w":1168,"h":1648},{"t":"j","w":1168,"h":1648},{"t":"j","w":1168,"h":1648},{"t":"j","w":1168,"h":1648},{"t":"j","w":1168,"h":1648},{"t":"j","w":1168,"h":1648},{"t":"j","w":1168,"h":1648},{"t":"j","w":1168,"h":1648},{"t":"j","w":1168,"h":1648},{"t":"j","w":1168,"h":1648},{"t":"j","w":1168,"h":1648},{"t":"j","w":1168,"h":1648},{"t":"j","w":1168,"h":1648},{"t":"j","w":1168,"h":1648},{"t":"j","w":1168,"h":1648},{"t":"j","w":1168,"h":1648},{"t":"j","w":1168,"h":1648},{"t":"j","w":1168,"h":1648},{"t":"j","w":1168,"h":1648},{"t":"j","w":1168,"h":1648},{"t":"j","w":1168,"h":1648},{"t":"j","w":1168,"h":1648},{"t":"j","w":1168,"h":1648},{"t":"j","w":1168,"h":1648},{"t":"j","w":1168,"h":1648},{"t":"j","w":1168,"h":1648},{"t":"j","w":1168,"h":1648},{"t":"j","w":1168,"h":1648},{"t":"j","w":1168,"h":1648},{"t":"j","w":1168,"h":1648},{"t":"j","w":1168,"h":1648},{"t":"j","w":1168,"h":1648},{"t":"j","w":1168,"h":1648},{"t":"j","w":1168,"h":1648},{"t":"j","w":1168,"h":1648},{"t":"j","w":1168,"h":1648},{"t":"j","w":1168,"h":1648},{"t":"j","w":1168,"h":1648},{"t":"j","w":1168,"h":1648},{"t":"j","w":1168,"h":1648},{"t":"j","w":1168,"h":1648},{"t":"j","w":1168,"h":1648},{"t":"j","w":1168,"h":1648},{"t":"j","w":1168,"h":1648},{"t":"j","w":1168,"h":1648},{"t":"j","w":1168,"h":1648},{"t":"j","w":1168,"h":1648},{"t":"j","w":1168,"h":1648},{"t":"j","w":1168,"h":1648},{"t":"j","w":1168,"h":1648},{"t":"j","w":1168,"h":1648},{"t":"j","w":1168,"h":1648},{"t":"j","w":1168,"h":1648},{"t":"j","w":1168,"h":1648},{"t":"j","w":1168,"h":1648},{"t":"j","w":1168,"h":1648},{"t":"j","w":1168,"h":1648},{"t":"j","w":1168,"h":1648},{"t":"j","w":1168,"h":1648},{"t":"j","w":1168,"h":1648},{"t":"j","w":1168,"h":1648},{"t":"j","w":1168,"h":1648},{"t":"j","w":1168,"h":1648},{"t":"j","w":1168,"h":1648},{"t":"j","w":1168,"h":1648},{"t":"j","w":1168,"h":1648},{"t":"j","w":1168,"h":1648},{"t":"j","w":1168,"h":1648},{"t":"j","w":1168,"h":1648},{"t":"j","w":1168,"h":1648},{"t":"j","w":1168,"h":1648},{"t":"j","w":1168,"h":1648},{"t":"j","w":1168,"h":1648},{"t":"j","w":1168,"h":1648},{"t":"j","w":1168,"h":1648},{"t":"j","w":1168,"h":1648},{"t":"j","w":1168,"h":1648},{"t":"j","w":1168,"h":1648},{"t":"j","w":1168,"h":1648},{"t":"j","w":1168,"h":1648},{"t":"j","w":1168,"h":1648},{"t":"j","w":1168,"h":1648},{"t":"j","w":1168,"h":1648},{"t":"j","w":1168,"h":1648},{"t":"j","w":1168,"h":1648},{"t":"j","w":1168,"h":1648},{"t":"j","w":1168,"h":1648},{"t":"j","w":1168,"h":1648},{"t":"j","w":1168,"h":1648},{"t":"j","w":1168,"h":1648},{"t":"j","w":1168,"h":1648},{"t":"j","w":1168,"h":1648},{"t":"j","w":1168,"h":1648},{"t":"j","w":1168,"h":1648},{"t":"j","w":1168,"h":1648},{"t":"j","w":1168,"h":1648},{"t":"j","w":1168,"h":1648},{"t":"j","w":1168,"h":1648},{"t":"j","w":1168,"h":1648},{"t":"j","w":1168,"h":1648},{"t":"j","w":1168,"h":1648},{"t":"j","w":1168,"h":1648},{"t":"j","w":1168,"h":1648},{"t":"j","w":1168,"h":1648},{"t":"j","w":1168,"h":1648},{"t":"j","w":1168,"h":1648},{"t":"j","w":1168,"h":1648},{"t":"j","w":1168,"h":1648},{"t":"j","w":1168,"h":1648},{"t":"j","w":1168,"h":1648},{"t":"j","w":1168,"h":1648},{"t":"j","w":1168,"h":1648},{"t":"j","w":1168,"h":1648},{"t":"j","w":1168,"h":1648},{"t":"j","w":1168,"h":1648},{"t":"j","w":1168,"h":1648},{"t":"j","w":1168,"h":1648},{"t":"j","w":1168,"h":1648},{"t":"j","w":1168,"h":1648},{"t":"j","w":1168,"h":1648},{"t":"j","w":1168,"h":1648},{"t":"j","w":1168,"h":1648},{"t":"j","w":1168,"h":1648},{"t":"j","w":1168,"h":1648},{"t":"j","w":1168,"h":1648},{"t":"j","w":1168,"h":1648},{"t":"j","w":1168,"h":1648},{"t":"j","w":1168,"h":1648},{"t":"j","w":1168,"h":1648},{"t":"j","w":1168,"h":1648},{"t":"j","w":1168,"h":1648},{"t":"j","w":1168,"h":1648},{"t":"j","w":1168,"h":1648},{"t":"j","w":1168,"h":1648},{"t":"j","w":1168,"h":1648},{"t":"j","w":1168,"h":1648},{"t":"j","w":1168,"h":1648},{"t":"j","w":1168,"h":1648},{"t":"j","w":1168,"h":1648},{"t":"j","w":1168,"h":1648},{"t":"j","w":1168,"h":1648},{"t":"j","w":1168,"h":1648},{"t":"j","w":1168,"h":1648},{"t":"j","w":1168,"h":1648},{"t":"j","w":1168,"h":1648},{"t":"j","w":1168,"h":1648},{"t":"j","w":1168,"h":1648},{"t":"j","w":1168,"h":1648},{"t":"j","w":1168,"h":1648},{"t":"j","w":1168,"h":1652},{"t":"j","w":1168,"h":1652},{"t":"j","w":1168,"h":1652},{"t":"j","w":1200,"h":1069}],"cover":{"t":"j","w":350,"h":293},"thumbnail":{"t":"j","w":250,"h":209}},"scanlator":"","upload_date":1403965081,"tags":[{"id":144,"type":"artist","name":"horikawa gorou","url":"/artist/horikawa-gorou/","count":200},{"id":2937,"type":"tag","name":"big breasts","url":"/tag/big-breasts/","count":103273},{"id":3391,"type":"tag","name":"nun","url":"/tag/nun/","count":1384},{"id":4435,"type":"tag","name":"gag","url":"/tag/gag/","count":7148},{"id":6525,"type":"tag","name":"nurse","url":"/tag/nurse/","count":3629},{"id":8010,"type":"tag","name":"group","url":"/tag/group/","count":72150},{"id":10604,"type":"tag","name":"dog","url":"/tag/dog/","count":1209},{"id":12523,"type":"tag","name":"bestiality","url":"/tag/bestiality/","count":3768},{"id":15658,"type":"tag","name":"bondage","url":"/tag/bondage/","count":34540},{"id":19954,"type":"tag","name":"yuri","url":"/tag/yuri/","count":20241},{"id":27553,"type":"tag","name":"rape","url":"/tag/rape/","count":34191},{"id":6346,"type":"language","name":"japanese","url":"/language/japanese/","count":191613},{"id":33173,"type":"category","name":"manga","url":"/category/manga/","count":77142},{"id":10314,"type":"tag","name":"schoolgirl uniform","url":"/tag/schoolgirl-uniform/","count":56168},{"id":23237,"type":"tag","name":"tankoubon","url":"/tag/tankoubon/","count":25051}],"num_pages":182,"num_favorites":42}