{"id":292,"media_id":"1606","title":{"english":"(C70) [Circle Taihei-Tengoku (Horikawa Gorou)] Sansha Mendan Joukan","japanese":"(C70) [\u30b5\u30fc\u30af\u30eb\u592a\u5e73\u5929\u56fd (\u5800\u5ddd\u609f\u90ce)] \u4e09\u8005\u9762\u8ac7 \u4e0a\u5dfb","pretty":"Sansha Mendan Joukan"},"images":{"pages":[{"t":"j","w":842,"h":1183},{"t":"j","w":840,"h":1199},{"t":"j","w":842,"h":1183},{"t":"j","w":842,"h":1183},{"t":"j","w":842,"h":1183},{"t":"j","w":842,"h":1183},{"t":"j","w":842,"h":1183},{"t":"j","w":842,"h":1183},{"t":"j","w":842,"h":1183},{"t":"j","w":842,"h":1183},{"t":"j","w":842,"h":1183},{"t":"j","w":842,"h":1183},{"t":"j","w":842,"h":1183},{"t":"j","w":842,"h":1183},{"t":"j","w":842,"h":1183},{"t":"j","w":842,"h":1183},{"t":"j","w":842,"h":1183},{"t":"j","w":842,"h":1183},{"t":"j","w":842,"h":1183},{"t":"j","w":842,"h":1183},{"t":"j","w":842,"h":1183},{"t":"j","w":842,"h":1183},{"t":"j","w":842,"h":1183},{"t":"j","w":842,"h":1183},{"t":"j","w":842,"h":1183},{"t":"j","w":842,"h":1183},{"t":"j","w":842,"h":1183},{"t":"j","w":842,"h":1183},{"t":"j","w":842,"h":1183},{"t":"j","w":842,"h":1183},{"t":"j","w":842,"h":1183},{"t":"j","w":842,"h":1183},{"t":"j","w":842,"h":1183},{"t":"j","w":842,"h":1183},{"t":"j","w":842,"h":1183},{"t":"j","w":842,"h":1183},{"t":"j","w":842,"h":1183},{"t":"j","w":842,"h":1183},{"t":"j","w":842,"h":1183},{"t":"j","w":842,"h":1183},{"t":"j","w":842,"h":1183},{"t":"j","w":823,"h":1183},{"t":"j","w":842,"h":1183},{"t":"j","w":842,"h":1183},{"t":"j","w":842,"h":1183},{"t":"j","w":842,"h":1183},{"t":"j","w":842,"h":1183},{"t":"j","w":842,"h":1183},{"t":"j","w":842,"h":1183},{"t":"j","w":842,"h":1183},{"t":"j","w":842,"h":1183},{"t":"j","w":842,"h":1183},{"t":"j","w":842,"h":1183},{"t":"j","w":842,"h":1183},{"t":"j","w":842,"h":1183},{"t":"j","w":842,"h":1183},{"t":"j","w":842,"h":1183},{"t":"j","w":842,"h":1183},{"t":"j","w":840,"h":1199},{"t":"j","w":842,"h":1183},{"t":"j","w":842,"h":1183},{"t":"j","w":842,"h":1183},{"t":"j","w":840,"h":1199},{"t":"j","w":842,"h":1183}],"cover":{"t":"j","w":350,"h":492},"thumbnail":{"t":"j","w":250,"h":351}},"scanlator":"","upload_date":1403965086,"tags":[{"id":144,"type":"artist","name":"horikawa gorou","url":"/artist/horikawa-gorou/","count":200},{"id":2937,"type":"tag","name":"big breasts","url":"/tag/big-breasts/","count":104551},{"id":4435,"type":"tag","name":"gag","url":"/tag/gag/","count":7189},{"id":8010,"type":"tag","name":"group","url":"/tag/group/","count":72839},{"id":15658,"type":"tag","name":"bondage","url":"/tag/bondage/","count":34802},{"id":19954,"type":"tag","name":"yuri","url":"/tag/yuri/","count":20411},{"id":24102,"type":"tag","name":"lactation","url":"/tag/lactation/","count":11973},{"id":27553,"type":"tag","name":"rape","url":"/tag/rape/","count":34545},{"id":28658,"type":"group","name":"circle taihei-tengoku","url":"/group/circle-taihei-tengoku/","count":237},{"id":6346,"type":"language","name":"japanese","url":"/language/japanese/","count":193003},{"id":33172,"type":"category","name":"doujinshi","url":"/category/doujinshi/","count":231184},{"id":10314,"type":"tag","name":"schoolgirl uniform","url":"/tag/schoolgirl-uniform/","count":56614},{"id":9406,"type":"tag","name":"enema","url":"/tag/enema/","count":3441}],"num_pages":64,"num_favorites":60}