{"id":293,"media_id":"1607","title":{"english":"(C71) [Circle Taihei-Tengoku (Horikawa Gorou)] Sansha Mendan Gekan","japanese":"(C71) [\u30b5\u30fc\u30af\u30eb\u592a\u5e73\u5929\u56fd (\u5800\u5ddd\u609f\u90ce)] \u4e09\u8005\u9762\u8ac7 \u4e0b\u5dfb","pretty":"Sansha Mendan Gekan"},"images":{"pages":[{"t":"j","w":1024,"h":1439},{"t":"j","w":1024,"h":1465},{"t":"j","w":1024,"h":1468},{"t":"j","w":1024,"h":1492},{"t":"j","w":1024,"h":1522},{"t":"j","w":1024,"h":1461},{"t":"j","w":1024,"h":1503},{"t":"j","w":1024,"h":1489},{"t":"j","w":1024,"h":1489},{"t":"j","w":1024,"h":1486},{"t":"j","w":1024,"h":1502},{"t":"j","w":1024,"h":1474},{"t":"j","w":1024,"h":1508},{"t":"j","w":1024,"h":1485},{"t":"j","w":1024,"h":1514},{"t":"j","w":1024,"h":1486},{"t":"j","w":1024,"h":1513},{"t":"j","w":1024,"h":1497},{"t":"j","w":1024,"h":1522},{"t":"j","w":1024,"h":1494},{"t":"j","w":1024,"h":1496},{"t":"j","w":1024,"h":1495},{"t":"j","w":1024,"h":1501},{"t":"j","w":1024,"h":1503},{"t":"j","w":1024,"h":1504},{"t":"j","w":1024,"h":1499},{"t":"j","w":1024,"h":1496},{"t":"j","w":1024,"h":1501},{"t":"j","w":1024,"h":1516},{"t":"j","w":1024,"h":1511},{"t":"j","w":1024,"h":1508},{"t":"j","w":1024,"h":1475},{"t":"j","w":1024,"h":1523},{"t":"j","w":1024,"h":1490},{"t":"j","w":1024,"h":1506},{"t":"j","w":1024,"h":1490},{"t":"j","w":1024,"h":1524},{"t":"j","w":1024,"h":1495},{"t":"j","w":1024,"h":1512},{"t":"j","w":1024,"h":1498},{"t":"j","w":1024,"h":1514},{"t":"j","w":1024,"h":1460},{"t":"j","w":1024,"h":1499},{"t":"j","w":1024,"h":1494},{"t":"j","w":1024,"h":1489},{"t":"j","w":1024,"h":1471},{"t":"j","w":1024,"h":1500},{"t":"j","w":1024,"h":1487},{"t":"j","w":1024,"h":1499},{"t":"j","w":1024,"h":1459},{"t":"j","w":1024,"h":1497},{"t":"j","w":1024,"h":1474},{"t":"j","w":1024,"h":1495},{"t":"j","w":1024,"h":1452},{"t":"j","w":1024,"h":1469},{"t":"j","w":1024,"h":1478},{"t":"j","w":1024,"h":1460},{"t":"j","w":1024,"h":1476},{"t":"j","w":1024,"h":1450}],"cover":{"t":"j","w":350,"h":492},"thumbnail":{"t":"j","w":250,"h":351}},"scanlator":"","upload_date":1403965088,"tags":[{"id":144,"type":"artist","name":"horikawa gorou","url":"/artist/horikawa-gorou/","count":200},{"id":2937,"type":"tag","name":"big breasts","url":"/tag/big-breasts/","count":103273},{"id":8010,"type":"tag","name":"group","url":"/tag/group/","count":72150},{"id":15658,"type":"tag","name":"bondage","url":"/tag/bondage/","count":34540},{"id":19954,"type":"tag","name":"yuri","url":"/tag/yuri/","count":20241},{"id":24102,"type":"tag","name":"lactation","url":"/tag/lactation/","count":11870},{"id":24726,"type":"tag","name":"apron","url":"/tag/apron/","count":2921},{"id":25614,"type":"tag","name":"paizuri","url":"/tag/paizuri/","count":22785},{"id":28658,"type":"group","name":"circle taihei-tengoku","url":"/group/circle-taihei-tengoku/","count":237},{"id":6346,"type":"language","name":"japanese","url":"/language/japanese/","count":191613},{"id":33173,"type":"category","name":"manga","url":"/category/manga/","count":77142},{"id":33172,"type":"category","name":"doujinshi","url":"/category/doujinshi/","count":228729},{"id":10314,"type":"tag","name":"schoolgirl uniform","url":"/tag/schoolgirl-uniform/","count":56168},{"id":2820,"type":"tag","name":"scat","url":"/tag/scat/","count":5915}],"num_pages":59,"num_favorites":78}