{"id":294,"media_id":"1531","title":{"english":"[TYPE 90] Nikuyoku Gangu","japanese":"[TYPE.90] \u8089\u6b32\u73a9\u5177","pretty":"Nikuyoku Gangu"},"images":{"pages":[{"t":"j","w":1200,"h":1006},{"t":"j","w":838,"h":1233},{"t":"j","w":837,"h":1236},{"t":"j","w":822,"h":1233},{"t":"j","w":813,"h":1233},{"t":"j","w":822,"h":1233},{"t":"j","w":817,"h":1233},{"t":"j","w":826,"h":1233},{"t":"j","w":838,"h":1233},{"t":"j","w":826,"h":1233},{"t":"j","w":846,"h":1233},{"t":"j","w":834,"h":1233},{"t":"j","w":842,"h":1233},{"t":"j","w":842,"h":1229},{"t":"j","w":842,"h":1229},{"t":"j","w":846,"h":1236},{"t":"j","w":846,"h":1236},{"t":"j","w":846,"h":1233},{"t":"j","w":842,"h":1233},{"t":"j","w":862,"h":1233},{"t":"j","w":846,"h":1224},{"t":"j","w":842,"h":1229},{"t":"j","w":846,"h":1229},{"t":"j","w":846,"h":1233},{"t":"j","w":850,"h":1233},{"t":"j","w":842,"h":1236},{"t":"j","w":846,"h":1229},{"t":"j","w":842,"h":1236},{"t":"j","w":842,"h":1236},{"t":"j","w":854,"h":1236},{"t":"j","w":846,"h":1229},{"t":"j","w":846,"h":1233},{"t":"j","w":842,"h":1229},{"t":"j","w":854,"h":1236},{"t":"j","w":838,"h":1233},{"t":"j","w":854,"h":1233},{"t":"j","w":838,"h":1229},{"t":"j","w":870,"h":1236},{"t":"j","w":829,"h":1229},{"t":"j","w":850,"h":1233},{"t":"j","w":850,"h":1229},{"t":"j","w":854,"h":1236},{"t":"j","w":846,"h":1233},{"t":"j","w":858,"h":1236},{"t":"j","w":850,"h":1236},{"t":"j","w":854,"h":1236},{"t":"j","w":842,"h":1229},{"t":"j","w":854,"h":1233},{"t":"j","w":846,"h":1233},{"t":"j","w":850,"h":1233},{"t":"j","w":842,"h":1233},{"t":"j","w":855,"h":1233},{"t":"j","w":846,"h":1229},{"t":"j","w":850,"h":1229},{"t":"j","w":850,"h":1229},{"t":"j","w":842,"h":1233},{"t":"j","w":846,"h":1233},{"t":"j","w":838,"h":1236},{"t":"j","w":850,"h":1236},{"t":"j","w":846,"h":1236},{"t":"j","w":850,"h":1236},{"t":"j","w":850,"h":1233},{"t":"j","w":838,"h":1236},{"t":"j","w":854,"h":1229},{"t":"j","w":842,"h":1229},{"t":"j","w":850,"h":1229},{"t":"j","w":846,"h":1233},{"t":"j","w":858,"h":1229},{"t":"j","w":866,"h":1229},{"t":"j","w":846,"h":1233},{"t":"j","w":842,"h":1236},{"t":"j","w":846,"h":1233},{"t":"j","w":854,"h":1241},{"t":"j","w":850,"h":1236},{"t":"j","w":846,"h":1233},{"t":"j","w":846,"h":1236},{"t":"j","w":829,"h":1236},{"t":"j","w":850,"h":1229},{"t":"j","w":842,"h":1233},{"t":"j","w":850,"h":1233},{"t":"j","w":846,"h":1236},{"t":"j","w":854,"h":1236},{"t":"j","w":838,"h":1229},{"t":"j","w":867,"h":1233},{"t":"j","w":842,"h":1229},{"t":"j","w":838,"h":1229},{"t":"j","w":846,"h":1229},{"t":"j","w":846,"h":1236},{"t":"j","w":850,"h":1233},{"t":"j","w":846,"h":1236},{"t":"j","w":842,"h":1233},{"t":"j","w":854,"h":1236},{"t":"j","w":842,"h":1233},{"t":"j","w":854,"h":1236},{"t":"j","w":842,"h":1233},{"t":"j","w":854,"h":1233},{"t":"j","w":842,"h":1233},{"t":"j","w":850,"h":1233},{"t":"j","w":842,"h":1233},{"t":"j","w":854,"h":1233},{"t":"j","w":855,"h":1229},{"t":"j","w":842,"h":1233},{"t":"j","w":846,"h":1233},{"t":"j","w":850,"h":1236},{"t":"j","w":846,"h":1236},{"t":"j","w":850,"h":1236},{"t":"j","w":842,"h":1233},{"t":"j","w":850,"h":1236},{"t":"j","w":846,"h":1236},{"t":"j","w":846,"h":1233},{"t":"j","w":846,"h":1236},{"t":"j","w":850,"h":1236},{"t":"j","w":842,"h":1236},{"t":"j","w":850,"h":1236},{"t":"j","w":854,"h":1236},{"t":"j","w":867,"h":1233},{"t":"j","w":834,"h":1229},{"t":"j","w":846,"h":1236},{"t":"j","w":850,"h":1229},{"t":"j","w":850,"h":1236},{"t":"j","w":842,"h":1233},{"t":"j","w":854,"h":1241},{"t":"j","w":846,"h":1233},{"t":"j","w":850,"h":1236},{"t":"j","w":842,"h":1233},{"t":"j","w":858,"h":1233},{"t":"j","w":842,"h":1233},{"t":"j","w":850,"h":1236},{"t":"j","w":850,"h":1236},{"t":"j","w":850,"h":1236},{"t":"j","w":858,"h":1241},{"t":"j","w":867,"h":1229},{"t":"j","w":858,"h":1233},{"t":"j","w":842,"h":1233},{"t":"j","w":846,"h":1233},{"t":"j","w":842,"h":1229},{"t":"j","w":846,"h":1236},{"t":"j","w":846,"h":1236},{"t":"j","w":850,"h":1233},{"t":"j","w":846,"h":1236},{"t":"j","w":834,"h":1236},{"t":"j","w":842,"h":1236},{"t":"j","w":842,"h":1236},{"t":"j","w":829,"h":1233},{"t":"j","w":846,"h":1236},{"t":"j","w":846,"h":1241},{"t":"j","w":842,"h":1236},{"t":"j","w":846,"h":1248},{"t":"j","w":842,"h":1233},{"t":"j","w":842,"h":1241},{"t":"j","w":850,"h":1236},{"t":"j","w":834,"h":1233},{"t":"j","w":829,"h":1229},{"t":"j","w":850,"h":1229},{"t":"j","w":862,"h":1220}],"cover":{"t":"j","w":350,"h":293},"thumbnail":{"t":"j","w":250,"h":210}},"scanlator":"","upload_date":1403965089,"tags":[{"id":779,"type":"tag","name":"futanari","url":"/tag/futanari/","count":23173},{"id":1207,"type":"tag","name":"milf","url":"/tag/milf/","count":22588},{"id":2820,"type":"tag","name":"scat","url":"/tag/scat/","count":5965},{"id":2937,"type":"tag","name":"big breasts","url":"/tag/big-breasts/","count":103273},{"id":5810,"type":"tag","name":"strap-on","url":"/tag/strap-on/","count":4060},{"id":5820,"type":"tag","name":"piercing","url":"/tag/piercing/","count":5652},{"id":6343,"type":"tag","name":"pregnant","url":"/tag/pregnant/","count":9150},{"id":8010,"type":"tag","name":"group","url":"/tag/group/","count":72150},{"id":9406,"type":"tag","name":"enema","url":"/tag/enema/","count":3441},{"id":13477,"type":"artist","name":"type.90","url":"/artist/type-90/","count":370},{"id":13989,"type":"tag","name":"ahegao","url":"/tag/ahegao/","count":29344},{"id":14283,"type":"tag","name":"anal","url":"/tag/anal/","count":64587},{"id":14971,"type":"tag","name":"sex toys","url":"/tag/sex-toys/","count":20823},{"id":15658,"type":"tag","name":"bondage","url":"/tag/bondage/","count":34540},{"id":15785,"type":"tag","name":"harem","url":"/tag/harem/","count":7694},{"id":19954,"type":"tag","name":"yuri","url":"/tag/yuri/","count":20241},{"id":21989,"type":"tag","name":"inflation","url":"/tag/inflation/","count":5208},{"id":22079,"type":"tag","name":"drugs","url":"/tag/drugs/","count":6808},{"id":22945,"type":"tag","name":"double penetration","url":"/tag/double-penetration/","count":24472},{"id":23237,"type":"tag","name":"tankoubon","url":"/tag/tankoubon/","count":25051},{"id":24201,"type":"tag","name":"stockings","url":"/tag/stockings/","count":64784},{"id":25614,"type":"tag","name":"paizuri","url":"/tag/paizuri/","count":22785},{"id":27384,"type":"tag","name":"mind break","url":"/tag/mind-break/","count":13136},{"id":27553,"type":"tag","name":"rape","url":"/tag/rape/","count":34191},{"id":32341,"type":"tag","name":"shotacon","url":"/tag/shotacon/","count":39737},{"id":32602,"type":"tag","name":"fisting","url":"/tag/fisting/","count":2238},{"id":32752,"type":"tag","name":"shibari","url":"/tag/shibari/","count":2571},{"id":6346,"type":"language","name":"japanese","url":"/language/japanese/","count":191613},{"id":33173,"type":"category","name":"manga","url":"/category/manga/","count":77142},{"id":4435,"type":"tag","name":"gag","url":"/tag/gag/","count":7148},{"id":20525,"type":"tag","name":"defloration","url":"/tag/defloration/","count":23209},{"id":9990,"type":"tag","name":"prostate massage","url":"/tag/prostate-massage/","count":2331},{"id":5200,"type":"tag","name":"pegging","url":"/tag/pegging/","count":1939},{"id":8378,"type":"tag","name":"glasses","url":"/tag/glasses/","count":48279}],"num_pages":155,"num_favorites":501}