{"id":295,"media_id":"1533","title":{"english":"[TYPE 90] Ah, Nanase-sama","japanese":"[TYPE.90] \u3042\u3042\u3001\u4e03\u702c\u3055\u307e","pretty":"Ah, Nanase-sama"},"images":{"pages":[{"t":"j","w":1200,"h":1046},{"t":"j","w":1200,"h":1046},{"t":"j","w":896,"h":1280},{"t":"j","w":896,"h":1280},{"t":"j","w":896,"h":1280},{"t":"j","w":896,"h":1280},{"t":"j","w":896,"h":1280},{"t":"j","w":896,"h":1280},{"t":"j","w":896,"h":1280},{"t":"j","w":896,"h":1280},{"t":"j","w":896,"h":1280},{"t":"j","w":896,"h":1280},{"t":"j","w":896,"h":1280},{"t":"j","w":896,"h":1280},{"t":"j","w":896,"h":1280},{"t":"j","w":896,"h":1280},{"t":"j","w":896,"h":1280},{"t":"j","w":896,"h":1280},{"t":"j","w":896,"h":1280},{"t":"j","w":896,"h":1280},{"t":"j","w":896,"h":1280},{"t":"j","w":896,"h":1280},{"t":"j","w":896,"h":1280},{"t":"j","w":896,"h":1280},{"t":"j","w":896,"h":1280},{"t":"j","w":896,"h":1280},{"t":"j","w":896,"h":1280},{"t":"j","w":896,"h":1280},{"t":"j","w":896,"h":1280},{"t":"j","w":896,"h":1280},{"t":"j","w":896,"h":1280},{"t":"j","w":896,"h":1280},{"t":"j","w":896,"h":1280},{"t":"j","w":896,"h":1280},{"t":"j","w":896,"h":1280},{"t":"j","w":896,"h":1280},{"t":"j","w":896,"h":1280},{"t":"j","w":896,"h":1280},{"t":"j","w":896,"h":1280},{"t":"j","w":896,"h":1280},{"t":"j","w":896,"h":1280},{"t":"j","w":896,"h":1280},{"t":"j","w":896,"h":1280},{"t":"j","w":896,"h":1280},{"t":"j","w":896,"h":1280},{"t":"j","w":896,"h":1280},{"t":"j","w":896,"h":1280},{"t":"j","w":896,"h":1280},{"t":"j","w":896,"h":1280},{"t":"j","w":896,"h":1280},{"t":"j","w":896,"h":1280},{"t":"j","w":896,"h":1280},{"t":"j","w":896,"h":1280},{"t":"j","w":896,"h":1280},{"t":"j","w":896,"h":1280},{"t":"j","w":896,"h":1280},{"t":"j","w":896,"h":1280},{"t":"j","w":896,"h":1280},{"t":"j","w":896,"h":1280},{"t":"j","w":896,"h":1280},{"t":"j","w":896,"h":1280},{"t":"j","w":896,"h":1280},{"t":"j","w":896,"h":1280},{"t":"j","w":896,"h":1280},{"t":"j","w":896,"h":1280},{"t":"j","w":896,"h":1280},{"t":"j","w":896,"h":1280},{"t":"j","w":896,"h":1280},{"t":"j","w":896,"h":1280},{"t":"j","w":896,"h":1280},{"t":"j","w":896,"h":1280},{"t":"j","w":896,"h":1280},{"t":"j","w":896,"h":1280},{"t":"j","w":896,"h":1280},{"t":"j","w":896,"h":1280},{"t":"j","w":896,"h":1280},{"t":"j","w":896,"h":1280},{"t":"j","w":896,"h":1280},{"t":"j","w":896,"h":1280},{"t":"j","w":896,"h":1280},{"t":"j","w":896,"h":1280},{"t":"j","w":896,"h":1280},{"t":"j","w":896,"h":1280},{"t":"j","w":896,"h":1280},{"t":"j","w":896,"h":1280},{"t":"j","w":896,"h":1280},{"t":"j","w":896,"h":1280},{"t":"j","w":896,"h":1280},{"t":"j","w":896,"h":1280},{"t":"j","w":896,"h":1280},{"t":"j","w":896,"h":1280},{"t":"j","w":896,"h":1280},{"t":"j","w":896,"h":1280},{"t":"j","w":896,"h":1280},{"t":"j","w":896,"h":1280},{"t":"j","w":896,"h":1280},{"t":"j","w":896,"h":1280},{"t":"j","w":896,"h":1280},{"t":"j","w":896,"h":1280},{"t":"j","w":896,"h":1280},{"t":"j","w":896,"h":1280},{"t":"j","w":896,"h":1280},{"t":"j","w":896,"h":1280},{"t":"j","w":896,"h":1280},{"t":"j","w":896,"h":1280},{"t":"j","w":896,"h":1280},{"t":"j","w":896,"h":1280},{"t":"j","w":896,"h":1280},{"t":"j","w":896,"h":1280},{"t":"j","w":896,"h":1280},{"t":"j","w":896,"h":1280},{"t":"j","w":896,"h":1280},{"t":"j","w":896,"h":1280},{"t":"j","w":896,"h":1280},{"t":"j","w":896,"h":1280},{"t":"j","w":896,"h":1280},{"t":"j","w":896,"h":1280},{"t":"j","w":896,"h":1280},{"t":"j","w":896,"h":1280},{"t":"j","w":896,"h":1280},{"t":"j","w":896,"h":1280},{"t":"j","w":896,"h":1280},{"t":"j","w":896,"h":1280},{"t":"j","w":896,"h":1280},{"t":"j","w":896,"h":1280},{"t":"j","w":896,"h":1280},{"t":"j","w":896,"h":1280},{"t":"j","w":896,"h":1280},{"t":"j","w":896,"h":1280},{"t":"j","w":896,"h":1280},{"t":"j","w":896,"h":1280},{"t":"j","w":896,"h":1280},{"t":"j","w":896,"h":1280},{"t":"j","w":896,"h":1280},{"t":"j","w":896,"h":1280},{"t":"j","w":896,"h":1280},{"t":"j","w":896,"h":1280},{"t":"j","w":896,"h":1280},{"t":"j","w":896,"h":1280},{"t":"j","w":896,"h":1280},{"t":"j","w":896,"h":1280},{"t":"j","w":896,"h":1280},{"t":"j","w":896,"h":1280},{"t":"j","w":896,"h":1280},{"t":"j","w":896,"h":1280},{"t":"j","w":896,"h":1280},{"t":"j","w":896,"h":1280},{"t":"j","w":896,"h":1280},{"t":"j","w":896,"h":1280},{"t":"j","w":896,"h":1280},{"t":"j","w":896,"h":1280},{"t":"j","w":896,"h":1280},{"t":"j","w":896,"h":1280},{"t":"j","w":896,"h":1280},{"t":"j","w":896,"h":1280},{"t":"j","w":896,"h":1280},{"t":"j","w":896,"h":1280},{"t":"j","w":896,"h":1280}],"cover":{"t":"j","w":350,"h":305},"thumbnail":{"t":"j","w":250,"h":218}},"scanlator":"","upload_date":1403965092,"tags":[{"id":2937,"type":"tag","name":"big breasts","url":"/tag/big-breasts/","count":103273},{"id":8010,"type":"tag","name":"group","url":"/tag/group/","count":72150},{"id":8378,"type":"tag","name":"glasses","url":"/tag/glasses/","count":48279},{"id":13477,"type":"artist","name":"type.90","url":"/artist/type-90/","count":370},{"id":14283,"type":"tag","name":"anal","url":"/tag/anal/","count":64587},{"id":14971,"type":"tag","name":"sex toys","url":"/tag/sex-toys/","count":20823},{"id":19440,"type":"tag","name":"lolicon","url":"/tag/lolicon/","count":69490},{"id":23237,"type":"tag","name":"tankoubon","url":"/tag/tankoubon/","count":25051},{"id":28556,"type":"group","name":"daihonei","url":"/group/daihonei/","count":118},{"id":6346,"type":"language","name":"japanese","url":"/language/japanese/","count":191613},{"id":33173,"type":"category","name":"manga","url":"/category/manga/","count":77142},{"id":9990,"type":"tag","name":"prostate massage","url":"/tag/prostate-massage/","count":2331},{"id":15658,"type":"tag","name":"bondage","url":"/tag/bondage/","count":34540},{"id":13989,"type":"tag","name":"ahegao","url":"/tag/ahegao/","count":29344},{"id":32341,"type":"tag","name":"shotacon","url":"/tag/shotacon/","count":39737},{"id":7752,"type":"tag","name":"schoolboy uniform","url":"/tag/schoolboy-uniform/","count":12311},{"id":10314,"type":"tag","name":"schoolgirl uniform","url":"/tag/schoolgirl-uniform/","count":56168},{"id":8739,"type":"tag","name":"story arc","url":"/tag/story-arc/","count":9145},{"id":24201,"type":"tag","name":"stockings","url":"/tag/stockings/","count":64784}],"num_pages":158,"num_favorites":189}