{"id":296,"media_id":"1534","title":{"english":"(C66) [Ajapaa. (Okina Naoki)] Kami 66C (Touhou Project)","japanese":"(C66) [\u3042\u3058\u3083\u3071\u30fc\u3002 (\u6c96\u540d\u306a\u304a\u304d)] \u7d1966C (\u6771\u65b9Project)","pretty":"Kami 66C"},"images":{"pages":[{"t":"j","w":633,"h":900},{"t":"j","w":644,"h":900},{"t":"j","w":639,"h":900},{"t":"j","w":635,"h":900},{"t":"j","w":641,"h":900},{"t":"j","w":638,"h":900},{"t":"j","w":639,"h":900},{"t":"j","w":640,"h":900}],"cover":{"t":"j","w":350,"h":498},"thumbnail":{"t":"j","w":250,"h":355}},"scanlator":"","upload_date":1403965096,"tags":[{"id":11373,"type":"character","name":"marisa kirisame","url":"/character/marisa-kirisame/","count":994},{"id":18024,"type":"parody","name":"touhou project","url":"/parody/touhou-project/","count":16279},{"id":19440,"type":"tag","name":"lolicon","url":"/tag/lolicon/","count":70096},{"id":19954,"type":"tag","name":"yuri","url":"/tag/yuri/","count":20411},{"id":6346,"type":"language","name":"japanese","url":"/language/japanese/","count":193003},{"id":33172,"type":"category","name":"doujinshi","url":"/category/doujinshi/","count":231184},{"id":17279,"type":"character","name":"sakuya izayoi","url":"/character/sakuya-izayoi/","count":1270},{"id":66997,"type":"group","name":"ajapaa.","url":"/group/ajapaa/","count":3},{"id":66998,"type":"artist","name":"okina naoki","url":"/artist/okina-naoki/","count":3}],"num_pages":8,"num_favorites":9}