{"id":297,"media_id":"1535","title":{"english":"(C68) [Aniki Empire (Fey Tas)] Muteki Danmaku Musume 2 | Invincible Danmaku Girl 2 (Touhou Project)","japanese":"(C68) [\u5144\u8cb4\u5e1d\u56fd (Fey Tas)] \u7121\u6575\u5f3e\u5e55\u5a182 (\u6771\u65b9Project)","pretty":"Muteki Danmaku Musume 2 | Invincible Danmaku Girl 2"},"images":{"pages":[{"t":"j","w":682,"h":970},{"t":"j","w":602,"h":957},{"t":"j","w":630,"h":970},{"t":"j","w":637,"h":971},{"t":"j","w":641,"h":966},{"t":"j","w":628,"h":966},{"t":"j","w":635,"h":966},{"t":"j","w":621,"h":964},{"t":"j","w":646,"h":967},{"t":"j","w":614,"h":964},{"t":"j","w":639,"h":968},{"t":"j","w":621,"h":968},{"t":"j","w":648,"h":966},{"t":"j","w":622,"h":975},{"t":"j","w":646,"h":970},{"t":"j","w":635,"h":971},{"t":"j","w":649,"h":970},{"t":"j","w":629,"h":972},{"t":"j","w":650,"h":970},{"t":"j","w":645,"h":972},{"t":"j","w":646,"h":970},{"t":"j","w":635,"h":971},{"t":"j","w":654,"h":967},{"t":"j","w":633,"h":971},{"t":"j","w":650,"h":963},{"t":"j","w":636,"h":968},{"t":"j","w":656,"h":970},{"t":"j","w":633,"h":971},{"t":"j","w":650,"h":970},{"t":"j","w":630,"h":970},{"t":"j","w":653,"h":967},{"t":"j","w":630,"h":970},{"t":"j","w":649,"h":968},{"t":"j","w":615,"h":970},{"t":"j","w":668,"h":966},{"t":"j","w":639,"h":972},{"t":"j","w":631,"h":935},{"t":"j","w":640,"h":968},{"t":"j","w":659,"h":967},{"t":"j","w":629,"h":972},{"t":"j","w":668,"h":968},{"t":"j","w":631,"h":967},{"t":"j","w":660,"h":968},{"t":"j","w":626,"h":944},{"t":"j","w":602,"h":952},{"t":"j","w":596,"h":937},{"t":"j","w":663,"h":966},{"t":"j","w":619,"h":971},{"t":"j","w":686,"h":968}],"cover":{"t":"j","w":350,"h":498},"thumbnail":{"t":"j","w":250,"h":356}},"scanlator":"","upload_date":1403965097,"tags":[{"id":723,"type":"artist","name":"fey tas","url":"/artist/fey-tas/","count":30},{"id":779,"type":"tag","name":"futanari","url":"/tag/futanari/","count":23336},{"id":2937,"type":"tag","name":"big breasts","url":"/tag/big-breasts/","count":104551},{"id":10073,"type":"group","name":"aniki teikoku","url":"/group/aniki-teikoku/","count":15},{"id":10670,"type":"character","name":"letty whiterock","url":"/character/letty-whiterock/","count":60},{"id":14283,"type":"tag","name":"anal","url":"/tag/anal/","count":65252},{"id":18024,"type":"parody","name":"touhou project","url":"/parody/touhou-project/","count":16279},{"id":25614,"type":"tag","name":"paizuri","url":"/tag/paizuri/","count":23124},{"id":28426,"type":"tag","name":"hairy armpits","url":"/tag/hairy-armpits/","count":2562},{"id":29859,"type":"tag","name":"blowjob","url":"/tag/blowjob/","count":37977},{"id":32137,"type":"character","name":"cirno","url":"/character/cirno/","count":305},{"id":6346,"type":"language","name":"japanese","url":"/language/japanese/","count":193003},{"id":33172,"type":"category","name":"doujinshi","url":"/category/doujinshi/","count":231184},{"id":7142,"type":"tag","name":"bbw","url":"/tag/bbw/","count":4953}],"num_pages":49,"num_favorites":47}