{"id":298,"media_id":"1536","title":{"english":"(ComiComi10) [ASTRONOMY (SeN)] touhou usagi Syndrome Ro (Touhou Project)","japanese":"(\u30b3\u30df\u30b3\u30df10) [ASTRONOMY (SeN)] touhou usagi Syndrome \u308d (\u6771\u65b9Project)","pretty":"touhou usagi Syndrome Ro"},"images":{"pages":[{"t":"j","w":1073,"h":1516},{"t":"j","w":1200,"h":846},{"t":"j","w":1071,"h":1516},{"t":"j","w":1071,"h":1516},{"t":"j","w":1070,"h":1516},{"t":"j","w":1070,"h":1516},{"t":"j","w":1069,"h":1516},{"t":"j","w":1070,"h":1516},{"t":"j","w":1070,"h":1516},{"t":"j","w":1069,"h":1516},{"t":"j","w":1070,"h":1516},{"t":"j","w":1071,"h":1516},{"t":"j","w":1070,"h":1516},{"t":"j","w":1070,"h":1516},{"t":"j","w":1070,"h":1516},{"t":"j","w":1070,"h":1516},{"t":"j","w":1071,"h":1516},{"t":"j","w":1071,"h":1516},{"t":"j","w":1071,"h":1516},{"t":"j","w":1071,"h":1516},{"t":"j","w":1068,"h":1516},{"t":"j","w":1068,"h":1516},{"t":"j","w":1069,"h":1515}],"cover":{"t":"j","w":350,"h":495},"thumbnail":{"t":"j","w":250,"h":353}},"scanlator":"","upload_date":1403965098,"tags":[{"id":227,"type":"group","name":"astronomy","url":"/group/astronomy/","count":58},{"id":6525,"type":"tag","name":"nurse","url":"/tag/nurse/","count":3653},{"id":14971,"type":"tag","name":"sex toys","url":"/tag/sex-toys/","count":21024},{"id":15890,"type":"character","name":"reisen udongein inaba","url":"/character/reisen-udongein-inaba/","count":741},{"id":18024,"type":"parody","name":"touhou project","url":"/parody/touhou-project/","count":16279},{"id":19954,"type":"tag","name":"yuri","url":"/tag/yuri/","count":20411},{"id":20781,"type":"artist","name":"sen","url":"/artist/sen/","count":121},{"id":23132,"type":"tag","name":"bunny girl","url":"/tag/bunny-girl/","count":5186},{"id":29188,"type":"character","name":"eirin yagokoro","url":"/character/eirin-yagokoro/","count":298},{"id":6346,"type":"language","name":"japanese","url":"/language/japanese/","count":193003},{"id":33172,"type":"category","name":"doujinshi","url":"/category/doujinshi/","count":231184},{"id":8050,"type":"tag","name":"females only","url":"/tag/females-only/","count":8765}],"num_pages":23,"num_favorites":25}