{"id":299,"media_id":"1537","title":{"english":"(SC26) [Schwester (Shirau Inasaki)] Rollin 14 (Touhou Project)","japanese":"(\u30b5\u30f3\u30af\u30ea26) [\u3057\u3085\u3079\u3059\u305f (\u7a32\u54b2\u3057\u3089\u3046)] \u308d\u30fc\u308a\u3093 14 (\u6771\u65b9Project)","pretty":"Rollin 14"},"images":{"pages":[{"t":"j","w":726,"h":999},{"t":"j","w":700,"h":1000},{"t":"j","w":689,"h":1000},{"t":"j","w":710,"h":1000},{"t":"j","w":689,"h":1000},{"t":"j","w":685,"h":1000},{"t":"j","w":671,"h":996},{"t":"j","w":714,"h":1000},{"t":"j","w":682,"h":1000},{"t":"j","w":689,"h":996},{"t":"j","w":678,"h":996},{"t":"j","w":693,"h":996},{"t":"j","w":678,"h":996},{"t":"j","w":682,"h":996},{"t":"j","w":685,"h":1000},{"t":"j","w":693,"h":1004},{"t":"j","w":693,"h":1004},{"t":"j","w":685,"h":1008},{"t":"j","w":696,"h":1012},{"t":"j","w":693,"h":1008},{"t":"j","w":685,"h":1015},{"t":"j","w":682,"h":1000},{"t":"j","w":693,"h":1015},{"t":"j","w":682,"h":1000},{"t":"j","w":685,"h":1008},{"t":"j","w":696,"h":1004},{"t":"j","w":700,"h":1004},{"t":"j","w":667,"h":1004},{"t":"j","w":703,"h":1000},{"t":"j","w":718,"h":1004}],"cover":{"t":"j","w":350,"h":482},"thumbnail":{"t":"j","w":250,"h":344}},"scanlator":"","upload_date":1403965099,"tags":[{"id":2384,"type":"artist","name":"inasaki shirau","url":"/artist/inasaki-shirau/","count":69},{"id":7462,"type":"group","name":"schwester","url":"/group/schwester/","count":63},{"id":18024,"type":"parody","name":"touhou project","url":"/parody/touhou-project/","count":16279},{"id":21131,"type":"character","name":"youmu konpaku","url":"/character/youmu-konpaku/","count":692},{"id":25614,"type":"tag","name":"paizuri","url":"/tag/paizuri/","count":23124},{"id":27172,"type":"character","name":"yuyuko saigyouji","url":"/character/yuyuko-saigyouji/","count":464},{"id":6346,"type":"language","name":"japanese","url":"/language/japanese/","count":193003},{"id":33172,"type":"category","name":"doujinshi","url":"/category/doujinshi/","count":231184}],"num_pages":30,"num_favorites":18}