{"id":300,"media_id":"1538","title":{"english":"(C68) [BLACK\u2020ANGEL (Nekovi)] Misdirection (Touhou Project)","japanese":"(C68) [BLACK\u2020ANGEL (\u732b\u63cf)] Misdirection (\u6771\u65b9Project)","pretty":"Misdirection"},"images":{"pages":[{"t":"j","w":988,"h":1400},{"t":"j","w":980,"h":1400},{"t":"j","w":980,"h":1400},{"t":"j","w":980,"h":1400},{"t":"j","w":980,"h":1400},{"t":"j","w":980,"h":1400},{"t":"j","w":1200,"h":848},{"t":"j","w":980,"h":1400},{"t":"j","w":980,"h":1400},{"t":"j","w":980,"h":1400},{"t":"j","w":980,"h":1400},{"t":"j","w":980,"h":1400},{"t":"j","w":980,"h":1400},{"t":"j","w":980,"h":1400},{"t":"j","w":980,"h":1400},{"t":"j","w":980,"h":1400},{"t":"j","w":980,"h":1400},{"t":"j","w":980,"h":1400},{"t":"j","w":980,"h":1400},{"t":"j","w":980,"h":1400},{"t":"j","w":988,"h":1400}],"cover":{"t":"j","w":350,"h":496},"thumbnail":{"t":"j","w":250,"h":354}},"scanlator":"","upload_date":1403965099,"tags":[{"id":190,"type":"tag","name":"maid","url":"/tag/maid/","count":10631},{"id":779,"type":"tag","name":"futanari","url":"/tag/futanari/","count":23336},{"id":13257,"type":"group","name":"black angel","url":"/group/black-angel/","count":36},{"id":17279,"type":"character","name":"sakuya izayoi","url":"/character/sakuya-izayoi/","count":1270},{"id":18024,"type":"parody","name":"touhou project","url":"/parody/touhou-project/","count":16279},{"id":19954,"type":"tag","name":"yuri","url":"/tag/yuri/","count":20411},{"id":23902,"type":"character","name":"remilia scarlet","url":"/character/remilia-scarlet/","count":1008},{"id":31565,"type":"artist","name":"nekovi","url":"/artist/nekovi/","count":3},{"id":6346,"type":"language","name":"japanese","url":"/language/japanese/","count":193003},{"id":33172,"type":"category","name":"doujinshi","url":"/category/doujinshi/","count":231184}],"num_pages":21,"num_favorites":24}