{"id":106,"media_id":"559","title":{"english":"[Maniac Street (Black Olive)] Hon o Yomu Shoujo (Neon Genesis Evangelion)","japanese":"[Maniac Street (\u30d6\u30e9\u30c3\u30af\u30aa\u30ea\u30fc\u30d6)] \u672c\u3092\u8aad\u3080\u5c11\u5973 (\u65b0\u4e16\u7d00\u30a8\u30f4\u30a1\u30f3\u30b2\u30ea\u30aa\u30f3)","pretty":"Hon o Yomu Shoujo"},"images":{"pages":[{"t":"j","w":785,"h":1100},{"t":"j","w":777,"h":1088},{"t":"j","w":696,"h":1088},{"t":"j","w":696,"h":1088},{"t":"j","w":696,"h":1088},{"t":"j","w":696,"h":1088},{"t":"j","w":696,"h":1088},{"t":"j","w":696,"h":1088},{"t":"j","w":696,"h":1088},{"t":"j","w":696,"h":1088},{"t":"j","w":696,"h":1088},{"t":"j","w":777,"h":1088},{"t":"j","w":696,"h":1088},{"t":"j","w":696,"h":1088},{"t":"j","w":696,"h":1088},{"t":"j","w":777,"h":1088},{"t":"j","w":696,"h":1088},{"t":"j","w":785,"h":1100}],"cover":{"t":"j","w":350,"h":490},"thumbnail":{"t":"j","w":250,"h":350}},"scanlator":"","upload_date":1403964832,"tags":[{"id":3206,"type":"character","name":"shinji ikari","url":"/character/shinji-ikari/","count":1231},{"id":16458,"type":"group","name":"maniac street","url":"/group/maniac-street/","count":105},{"id":17137,"type":"parody","name":"neon genesis evangelion","url":"/parody/neon-genesis-evangelion/","count":2492},{"id":18276,"type":"artist","name":"black olive","url":"/artist/black-olive/","count":25},{"id":21779,"type":"character","name":"rei ayanami","url":"/character/rei-ayanami/","count":1196},{"id":27553,"type":"tag","name":"rape","url":"/tag/rape/","count":34545},{"id":32341,"type":"tag","name":"shotacon","url":"/tag/shotacon/","count":40094},{"id":6346,"type":"language","name":"japanese","url":"/language/japanese/","count":193003},{"id":33172,"type":"category","name":"doujinshi","url":"/category/doujinshi/","count":231184},{"id":27473,"type":"tag","name":"mosaic censorship","url":"/tag/mosaic-censorship/","count":24088},{"id":35762,"type":"tag","name":"sole female","url":"/tag/sole-female/","count":67502},{"id":35763,"type":"tag","name":"sole male","url":"/tag/sole-male/","count":61245}],"num_pages":18,"num_favorites":64}