{"id":108,"media_id":"560","title":{"english":"[Maniac Street (Black Olive)] Otona Asuka (Neon Genesis Evangelion)","japanese":"[Maniac Street (\u30d6\u30e9\u30c3\u30af\u30aa\u30ea\u30fc\u30d6)] \u5927\u4eba\u30a2\u30b9\u30ab (\u65b0\u4e16\u7d00\u30a8\u30f4\u30a1\u30f3\u30b2\u30ea\u30aa\u30f3)","pretty":"Otona Asuka"},"images":{"pages":[{"t":"j","w":849,"h":1200},{"t":"j","w":849,"h":1200},{"t":"j","w":849,"h":1200},{"t":"j","w":849,"h":1200},{"t":"j","w":849,"h":1200},{"t":"j","w":1200,"h":850},{"t":"j","w":1200,"h":850},{"t":"j","w":1200,"h":850},{"t":"j","w":1200,"h":850},{"t":"j","w":849,"h":1200},{"t":"j","w":849,"h":1200},{"t":"j","w":849,"h":1200},{"t":"j","w":849,"h":1200},{"t":"j","w":1200,"h":850},{"t":"j","w":849,"h":1200},{"t":"j","w":849,"h":1200},{"t":"j","w":1200,"h":850},{"t":"j","w":849,"h":1200},{"t":"j","w":849,"h":1200}],"cover":{"t":"j","w":350,"h":495},"thumbnail":{"t":"j","w":250,"h":353}},"scanlator":"","upload_date":1403964834,"tags":[{"id":16458,"type":"group","name":"maniac street","url":"/group/maniac-street/","count":105},{"id":17137,"type":"parody","name":"neon genesis evangelion","url":"/parody/neon-genesis-evangelion/","count":2489},{"id":18276,"type":"artist","name":"black olive","url":"/artist/black-olive/","count":25},{"id":20905,"type":"tag","name":"full color","url":"/tag/full-color/","count":33404},{"id":25125,"type":"character","name":"asuka langley soryu","url":"/character/asuka-langley-soryu/","count":1513},{"id":29224,"type":"tag","name":"impregnation","url":"/tag/impregnation/","count":15414},{"id":32341,"type":"tag","name":"shotacon","url":"/tag/shotacon/","count":39737},{"id":6346,"type":"language","name":"japanese","url":"/language/japanese/","count":191613},{"id":33172,"type":"category","name":"doujinshi","url":"/category/doujinshi/","count":228729},{"id":13720,"type":"tag","name":"nakadashi","url":"/tag/nakadashi/","count":42357}],"num_pages":19,"num_favorites":155}