{"id":110,"media_id":"563","title":{"english":"Ayanami 1 Gakuseihen - One Student Compilation 1 [English] [Rewrite] [The_Mighty_Highlord]","japanese":"(C58) [\u306a\u304b\u3088\u3072\u30e2\u30b0\u30c0\u30f3 (\u30e2\u30b0\u30c0\u30f3)] \u7dbe\u6ce2\uff11\u5b66\u751f\u7de8 (\u65b0\u4e16\u7d00\u30a8\u30f4\u30a1\u30f3\u30b2\u30ea\u30aa\u30f3) [\u65b0\u3057\u3044\u82f1\u8a9e\u306e\u7269\u8a9e]","pretty":"Ayanami 1 Gakuseihen - One Student Compilation 1"},"images":{"pages":[{"t":"j","w":1200,"h":903},{"t":"j","w":784,"h":1125},{"t":"j","w":787,"h":1123},{"t":"j","w":787,"h":1123},{"t":"j","w":762,"h":1123},{"t":"j","w":753,"h":1122},{"t":"j","w":784,"h":1110},{"t":"j","w":759,"h":1125},{"t":"j","w":783,"h":1122},{"t":"j","w":1122,"h":782},{"t":"j","w":786,"h":1123},{"t":"j","w":771,"h":1122},{"t":"j","w":768,"h":1124},{"t":"j","w":779,"h":1125},{"t":"j","w":772,"h":1123},{"t":"j","w":760,"h":1112},{"t":"j","w":755,"h":1122},{"t":"j","w":776,"h":1117},{"t":"j","w":759,"h":1119},{"t":"j","w":765,"h":1121},{"t":"j","w":786,"h":1122},{"t":"j","w":786,"h":1126},{"t":"j","w":785,"h":1122},{"t":"j","w":550,"h":800}],"cover":{"t":"j","w":350,"h":263},"thumbnail":{"t":"j","w":250,"h":188}},"scanlator":"","upload_date":1403964836,"tags":[{"id":2937,"type":"tag","name":"big breasts","url":"/tag/big-breasts/","count":103273},{"id":3735,"type":"tag","name":"swimsuit","url":"/tag/swimsuit/","count":19363},{"id":12227,"type":"language","name":"english","url":"/language/english/","count":69378},{"id":13432,"type":"group","name":"nakayohi mogudan","url":"/group/nakayohi-mogudan/","count":157},{"id":17137,"type":"parody","name":"neon genesis evangelion","url":"/parody/neon-genesis-evangelion/","count":2489},{"id":17202,"type":"artist","name":"mogudan","url":"/artist/mogudan/","count":213},{"id":20905,"type":"tag","name":"full color","url":"/tag/full-color/","count":33404},{"id":21779,"type":"character","name":"rei ayanami","url":"/character/rei-ayanami/","count":1195},{"id":33172,"type":"category","name":"doujinshi","url":"/category/doujinshi/","count":228729},{"id":33252,"type":"language","name":"rewrite","url":"/language/rewrite/","count":1272},{"id":10314,"type":"tag","name":"schoolgirl uniform","url":"/tag/schoolgirl-uniform/","count":56168},{"id":27473,"type":"tag","name":"mosaic censorship","url":"/tag/mosaic-censorship/","count":23707},{"id":35762,"type":"tag","name":"sole female","url":"/tag/sole-female/","count":66202}],"num_pages":24,"num_favorites":739}