{"id":112,"media_id":"584","title":{"english":"(C57) [AKKAN-Bi PROJECT (Yanagi Hirohiko)] FREE3 (Card Captor Sakura)","japanese":"(C57) [\u3042\u3063\u304b\u3093Bi\uff5e (\u67f3\u3072\u308d\u3072\u3053)] FREE3 (\u30ab\u30fc\u30c9\u30ad\u30e3\u30d7\u30bf\u30fc\u3055\u304f\u3089)","pretty":"FREE3"},"images":{"pages":[{"t":"j","w":642,"h":908},{"t":"j","w":532,"h":1024},{"t":"j","w":642,"h":908},{"t":"j","w":642,"h":908},{"t":"j","w":642,"h":908},{"t":"j","w":642,"h":908},{"t":"j","w":642,"h":908},{"t":"j","w":642,"h":908},{"t":"j","w":642,"h":908},{"t":"j","w":642,"h":908},{"t":"j","w":642,"h":908},{"t":"j","w":642,"h":908},{"t":"j","w":642,"h":908},{"t":"j","w":642,"h":908},{"t":"j","w":642,"h":908},{"t":"j","w":642,"h":908},{"t":"j","w":642,"h":908},{"t":"j","w":642,"h":908},{"t":"j","w":642,"h":908},{"t":"j","w":642,"h":908},{"t":"j","w":642,"h":908},{"t":"j","w":642,"h":908},{"t":"j","w":642,"h":908},{"t":"j","w":642,"h":908},{"t":"j","w":642,"h":908},{"t":"j","w":642,"h":908},{"t":"j","w":642,"h":908},{"t":"j","w":642,"h":908},{"t":"j","w":642,"h":908},{"t":"j","w":642,"h":908},{"t":"j","w":642,"h":908},{"t":"j","w":642,"h":908},{"t":"j","w":642,"h":908},{"t":"j","w":642,"h":908},{"t":"j","w":642,"h":908},{"t":"j","w":642,"h":908},{"t":"j","w":956,"h":1456},{"t":"j","w":642,"h":908},{"t":"j","w":642,"h":908},{"t":"j","w":642,"h":908},{"t":"j","w":642,"h":908},{"t":"j","w":642,"h":908},{"t":"j","w":642,"h":908},{"t":"j","w":642,"h":908},{"t":"j","w":642,"h":908},{"t":"j","w":642,"h":908},{"t":"j","w":642,"h":908},{"t":"j","w":642,"h":908},{"t":"j","w":642,"h":908},{"t":"j","w":642,"h":908},{"t":"j","w":642,"h":908}],"cover":{"t":"j","w":350,"h":495},"thumbnail":{"t":"j","w":250,"h":354}},"scanlator":"","upload_date":1403964838,"tags":[{"id":4020,"type":"group","name":"akkan-bi project","url":"/group/akkan-bi-project/","count":112},{"id":5529,"type":"tag","name":"urethra insertion","url":"/tag/urethra-insertion/","count":3035},{"id":17077,"type":"parody","name":"cardcaptor sakura","url":"/parody/cardcaptor-sakura/","count":933},{"id":17154,"type":"character","name":"sakura kinomoto","url":"/character/sakura-kinomoto/","count":841},{"id":19440,"type":"tag","name":"lolicon","url":"/tag/lolicon/","count":69490},{"id":20074,"type":"tag","name":"latex","url":"/tag/latex/","count":2532},{"id":21538,"type":"tag","name":"bike shorts","url":"/tag/bike-shorts/","count":2376},{"id":22328,"type":"artist","name":"yanagi hirohiko","url":"/artist/yanagi-hirohiko/","count":159},{"id":22945,"type":"tag","name":"double penetration","url":"/tag/double-penetration/","count":24472},{"id":29001,"type":"tag","name":"parasite","url":"/tag/parasite/","count":852},{"id":31101,"type":"tag","name":"incomplete","url":"/tag/incomplete/","count":2166},{"id":31775,"type":"tag","name":"tentacles","url":"/tag/tentacles/","count":13276},{"id":6346,"type":"language","name":"japanese","url":"/language/japanese/","count":191613},{"id":33172,"type":"category","name":"doujinshi","url":"/category/doujinshi/","count":228729},{"id":20035,"type":"tag","name":"x-ray","url":"/tag/x-ray/","count":20947}],"num_pages":51,"num_favorites":80}