{"id":116,"media_id":"605","title":{"english":"(C68) [Grateful Dead (Hibiki Seiya)] Friend O' Mine (Various)","japanese":"(C68) [GRATEFUL DEAD (\u97ff\u661f\u54c9)] FRIEND O' MINE (\u3088\u308d\u305a)","pretty":"Friend O' Mine"},"images":{"pages":[{"t":"j","w":1050,"h":1500},{"t":"j","w":1050,"h":1500},{"t":"j","w":1050,"h":1500},{"t":"j","w":1050,"h":1500},{"t":"j","w":1050,"h":1500},{"t":"j","w":1050,"h":1500},{"t":"j","w":1050,"h":1500},{"t":"j","w":1050,"h":1500},{"t":"j","w":1050,"h":1500},{"t":"j","w":1050,"h":1500},{"t":"j","w":1050,"h":1500},{"t":"j","w":1050,"h":1500},{"t":"j","w":1050,"h":1500},{"t":"j","w":1050,"h":1500},{"t":"j","w":1050,"h":1500},{"t":"j","w":1050,"h":1500},{"t":"j","w":1050,"h":1500},{"t":"j","w":1050,"h":1500}],"cover":{"t":"j","w":350,"h":500},"thumbnail":{"t":"j","w":250,"h":357}},"scanlator":"","upload_date":1403964842,"tags":[{"id":1898,"type":"parody","name":"disgaea","url":"/parody/disgaea/","count":135},{"id":2937,"type":"tag","name":"big breasts","url":"/tag/big-breasts/","count":103273},{"id":6983,"type":"group","name":"grateful dead","url":"/group/grateful-dead/","count":6},{"id":8010,"type":"tag","name":"group","url":"/tag/group/","count":72150},{"id":8430,"type":"character","name":"etna","url":"/character/etna/","count":63},{"id":14077,"type":"artist","name":"hibiki seiya","url":"/artist/hibiki-seiya/","count":16},{"id":19440,"type":"tag","name":"lolicon","url":"/tag/lolicon/","count":69490},{"id":19954,"type":"tag","name":"yuri","url":"/tag/yuri/","count":20241},{"id":20087,"type":"character","name":"pleinair","url":"/character/pleinair/","count":4},{"id":20905,"type":"tag","name":"full color","url":"/tag/full-color/","count":33404},{"id":26432,"type":"character","name":"flonne","url":"/character/flonne/","count":30},{"id":6346,"type":"language","name":"japanese","url":"/language/japanese/","count":191613},{"id":33172,"type":"category","name":"doujinshi","url":"/category/doujinshi/","count":228729},{"id":27473,"type":"tag","name":"mosaic censorship","url":"/tag/mosaic-censorship/","count":23707}],"num_pages":18,"num_favorites":73}