{"id":118,"media_id":"624","title":{"english":"(C56) [Geiwamiwosukuu!! (Karura Syou)] Sakura Tsuu 1 (Cardcaptor Sakura)","japanese":"(C56) [\u82b8\u306f\u8eab\u3092\u6551\u3046!! (\u83ef\u7460\u7f85\u7fd4)] \u3055\u304f\u3089\u901a 1 (\u30ab\u30fc\u30c9\u30ad\u30e3\u30d7\u30bf\u30fc\u3055\u304f\u3089)","pretty":"Sakura Tsuu 1"},"images":{"pages":[{"t":"j","w":696,"h":1002},{"t":"j","w":696,"h":1002},{"t":"j","w":696,"h":1002},{"t":"j","w":696,"h":1002},{"t":"j","w":696,"h":1002},{"t":"j","w":696,"h":1002},{"t":"j","w":696,"h":1002},{"t":"j","w":696,"h":1002},{"t":"j","w":696,"h":1002},{"t":"j","w":696,"h":1002},{"t":"j","w":696,"h":1002},{"t":"j","w":696,"h":1002},{"t":"j","w":696,"h":1002},{"t":"j","w":696,"h":1002},{"t":"j","w":696,"h":1002},{"t":"j","w":696,"h":1002},{"t":"j","w":696,"h":1002},{"t":"j","w":696,"h":1002},{"t":"j","w":696,"h":1002},{"t":"j","w":696,"h":1002},{"t":"j","w":696,"h":1002},{"t":"j","w":696,"h":1002},{"t":"j","w":696,"h":1002},{"t":"j","w":696,"h":1002},{"t":"j","w":696,"h":1002},{"t":"j","w":696,"h":1002},{"t":"j","w":696,"h":1002},{"t":"j","w":696,"h":1002},{"t":"j","w":696,"h":1002},{"t":"j","w":696,"h":1002},{"t":"j","w":696,"h":1002},{"t":"j","w":696,"h":1002},{"t":"j","w":696,"h":1002},{"t":"j","w":701,"h":1003}],"cover":{"t":"j","w":350,"h":504},"thumbnail":{"t":"j","w":250,"h":360}},"scanlator":"","upload_date":1403964850,"tags":[{"id":8355,"type":"group","name":"geiwamiwosukuu","url":"/group/geiwamiwosukuu/","count":63},{"id":13636,"type":"artist","name":"karura syou","url":"/artist/karura-syou/","count":74},{"id":15315,"type":"character","name":"tomoyo daidouji","url":"/character/tomoyo-daidouji/","count":461},{"id":15658,"type":"tag","name":"bondage","url":"/tag/bondage/","count":34540},{"id":17077,"type":"parody","name":"cardcaptor sakura","url":"/parody/cardcaptor-sakura/","count":933},{"id":17154,"type":"character","name":"sakura kinomoto","url":"/character/sakura-kinomoto/","count":841},{"id":19440,"type":"tag","name":"lolicon","url":"/tag/lolicon/","count":69490},{"id":19954,"type":"tag","name":"yuri","url":"/tag/yuri/","count":20241},{"id":6346,"type":"language","name":"japanese","url":"/language/japanese/","count":191613},{"id":33172,"type":"category","name":"doujinshi","url":"/category/doujinshi/","count":228729},{"id":8050,"type":"tag","name":"females only","url":"/tag/females-only/","count":8656}],"num_pages":34,"num_favorites":61}