{"id":120,"media_id":"626","title":{"english":"(C59) [Geiwamiwosukuu!! (Karura Syou)] Sakura Tsuu 3 (Cardcaptor Sakura)","japanese":"(C59) [\u82b8\u306f\u8eab\u3092\u6551\u3046!! (\u83ef\u7460\u7f85\u7fd4)] \u3055\u304f\u3089\u901a 3 (\u30ab\u30fc\u30c9\u30ad\u30e3\u30d7\u30bf\u30fc\u3055\u304f\u3089)","pretty":"Sakura Tsuu 3"},"images":{"pages":[{"t":"j","w":696,"h":1002},{"t":"j","w":699,"h":1003},{"t":"j","w":699,"h":1003},{"t":"j","w":699,"h":1003},{"t":"j","w":699,"h":1003},{"t":"j","w":699,"h":1003},{"t":"j","w":699,"h":1003},{"t":"j","w":699,"h":1003},{"t":"j","w":699,"h":1003},{"t":"j","w":699,"h":1003},{"t":"j","w":699,"h":1003},{"t":"j","w":699,"h":1003},{"t":"j","w":699,"h":1003},{"t":"j","w":699,"h":1003},{"t":"j","w":699,"h":1003},{"t":"j","w":699,"h":1003},{"t":"j","w":699,"h":1003},{"t":"j","w":699,"h":1003},{"t":"j","w":699,"h":1003},{"t":"j","w":699,"h":1003},{"t":"j","w":699,"h":1003},{"t":"j","w":699,"h":1003}],"cover":{"t":"j","w":350,"h":504},"thumbnail":{"t":"j","w":250,"h":360}},"scanlator":"","upload_date":1403964852,"tags":[{"id":8355,"type":"group","name":"geiwamiwosukuu","url":"/group/geiwamiwosukuu/","count":63},{"id":13636,"type":"artist","name":"karura syou","url":"/artist/karura-syou/","count":74},{"id":15315,"type":"character","name":"tomoyo daidouji","url":"/character/tomoyo-daidouji/","count":461},{"id":17077,"type":"parody","name":"cardcaptor sakura","url":"/parody/cardcaptor-sakura/","count":933},{"id":17154,"type":"character","name":"sakura kinomoto","url":"/character/sakura-kinomoto/","count":841},{"id":19440,"type":"tag","name":"lolicon","url":"/tag/lolicon/","count":69490},{"id":19633,"type":"character","name":"naoko yanagisawa","url":"/character/naoko-yanagisawa/","count":29},{"id":22942,"type":"tag","name":"incest","url":"/tag/incest/","count":28107},{"id":6346,"type":"language","name":"japanese","url":"/language/japanese/","count":191613},{"id":33172,"type":"category","name":"doujinshi","url":"/category/doujinshi/","count":228729},{"id":14971,"type":"tag","name":"sex toys","url":"/tag/sex-toys/","count":20823}],"num_pages":22,"num_favorites":31}