{"id":102,"media_id":"727","title":{"english":"(C62) [Tail of Nearly (Waka)] Aaaa Asuka (Neon Genesis Evangelion)","japanese":"(C62) [\u30c6\u30fc\u30eb of \u30cb\u30e4\u30ea\u30fc (WAKA)] \u3042\u3042\u3042\u3042\u30a2\u30b9\u30ab (\u65b0\u4e16\u7d00\u30a8\u30f4\u30a1\u30f3\u30b2\u30ea\u30aa\u30f3)","pretty":"Aaaa Asuka"},"images":{"pages":[{"t":"j","w":1200,"h":900},{"t":"j","w":1000,"h":1500},{"t":"j","w":1000,"h":1500},{"t":"j","w":1000,"h":1500},{"t":"j","w":1000,"h":1500},{"t":"j","w":1000,"h":1500},{"t":"j","w":1000,"h":1500},{"t":"j","w":1000,"h":1500},{"t":"j","w":1000,"h":1500},{"t":"j","w":1000,"h":1500},{"t":"j","w":1000,"h":1500},{"t":"j","w":1000,"h":1500},{"t":"j","w":1000,"h":1500},{"t":"j","w":1000,"h":1500},{"t":"j","w":1000,"h":1500},{"t":"j","w":1000,"h":1500},{"t":"j","w":1000,"h":1500},{"t":"j","w":1000,"h":1500},{"t":"j","w":1000,"h":1500},{"t":"j","w":1000,"h":1500},{"t":"j","w":1000,"h":1500},{"t":"j","w":1000,"h":1500},{"t":"j","w":1000,"h":1500},{"t":"j","w":1000,"h":1500},{"t":"j","w":1000,"h":1500},{"t":"j","w":1000,"h":1500},{"t":"j","w":1000,"h":1500},{"t":"j","w":1000,"h":1500},{"t":"j","w":1000,"h":1500},{"t":"j","w":1000,"h":1500},{"t":"j","w":1000,"h":1500},{"t":"j","w":1000,"h":1500},{"t":"j","w":1000,"h":1500},{"t":"j","w":1000,"h":1500},{"t":"j","w":1000,"h":1500},{"t":"j","w":1000,"h":1500},{"t":"j","w":1000,"h":1500},{"t":"j","w":1000,"h":1500},{"t":"j","w":1000,"h":1500},{"t":"j","w":1000,"h":1500},{"t":"j","w":1000,"h":1500},{"t":"j","w":1000,"h":1500},{"t":"j","w":1000,"h":1500},{"t":"j","w":1000,"h":1500},{"t":"j","w":1000,"h":1500}],"cover":{"t":"j","w":350,"h":263},"thumbnail":{"t":"j","w":250,"h":188}},"scanlator":"","upload_date":1403964828,"tags":[{"id":3206,"type":"character","name":"shinji ikari","url":"/character/shinji-ikari/","count":1229},{"id":15658,"type":"tag","name":"bondage","url":"/tag/bondage/","count":34540},{"id":17137,"type":"parody","name":"neon genesis evangelion","url":"/parody/neon-genesis-evangelion/","count":2489},{"id":17983,"type":"artist","name":"waka","url":"/artist/waka/","count":60},{"id":25125,"type":"character","name":"asuka langley soryu","url":"/character/asuka-langley-soryu/","count":1513},{"id":27553,"type":"tag","name":"rape","url":"/tag/rape/","count":34191},{"id":30752,"type":"group","name":"tail of nearly","url":"/group/tail-of-nearly/","count":40},{"id":32752,"type":"tag","name":"shibari","url":"/tag/shibari/","count":2540},{"id":6346,"type":"language","name":"japanese","url":"/language/japanese/","count":191613},{"id":33172,"type":"category","name":"doujinshi","url":"/category/doujinshi/","count":228729}],"num_pages":45,"num_favorites":36}