{"id":104,"media_id":"553","title":{"english":"[Maniac Street (E.C.H)] ebuange 8 (Neon Genesis Evangelion)","japanese":"[Maniac Street (E.C.H)] \u3048\u3076\u3041\u3093\u30528 (\u65b0\u4e16\u7d00\u30a8\u30f4\u30a1\u30f3\u30b2\u30ea\u30aa\u30f3)","pretty":"ebuange 8"},"images":{"pages":[{"t":"j","w":708,"h":1000},{"t":"j","w":715,"h":1000},{"t":"j","w":715,"h":1000},{"t":"j","w":715,"h":1000},{"t":"j","w":715,"h":1000},{"t":"j","w":715,"h":1000},{"t":"j","w":715,"h":1000},{"t":"j","w":715,"h":1000},{"t":"j","w":715,"h":1000},{"t":"j","w":715,"h":1000},{"t":"j","w":715,"h":1000},{"t":"j","w":715,"h":1000},{"t":"j","w":715,"h":1000},{"t":"j","w":715,"h":1000},{"t":"j","w":715,"h":1000},{"t":"j","w":715,"h":1000},{"t":"j","w":715,"h":1000},{"t":"j","w":715,"h":1000},{"t":"j","w":715,"h":1000},{"t":"j","w":715,"h":1000},{"t":"j","w":715,"h":1000},{"t":"j","w":715,"h":1000},{"t":"j","w":715,"h":1000},{"t":"j","w":450,"h":321}],"cover":{"t":"j","w":350,"h":494},"thumbnail":{"t":"j","w":250,"h":353}},"scanlator":"","upload_date":1403964830,"tags":[{"id":10000,"type":"character","name":"gendo ikari","url":"/character/gendo-ikari/","count":57},{"id":16458,"type":"group","name":"maniac street","url":"/group/maniac-street/","count":105},{"id":17137,"type":"parody","name":"neon genesis evangelion","url":"/parody/neon-genesis-evangelion/","count":2489},{"id":21779,"type":"character","name":"rei ayanami","url":"/character/rei-ayanami/","count":1195},{"id":25125,"type":"character","name":"asuka langley soryu","url":"/character/asuka-langley-soryu/","count":1513},{"id":27553,"type":"tag","name":"rape","url":"/tag/rape/","count":34191},{"id":29212,"type":"artist","name":"e.c.h","url":"/artist/e-c-h/","count":7},{"id":6346,"type":"language","name":"japanese","url":"/language/japanese/","count":191613},{"id":33172,"type":"category","name":"doujinshi","url":"/category/doujinshi/","count":228729},{"id":29013,"type":"tag","name":"dilf","url":"/tag/dilf/","count":15244}],"num_pages":24,"num_favorites":63}