{"id":91,"media_id":"710","title":{"english":"[System Speculation (Imai Youki)] LAST ANGEL (Neon Genesis Evangelion)","japanese":"[SYSTEM SPECULATION (\u4eca\u4e95\u7950\u7d00)] LAST ANGEL (\u65b0\u4e16\u7d00\u30a8\u30f4\u30a1\u30f3\u30b2\u30ea\u30aa\u30f3)","pretty":"LAST ANGEL"},"images":{"pages":[{"t":"j","w":988,"h":1400},{"t":"j","w":942,"h":1400},{"t":"j","w":952,"h":1400},{"t":"j","w":958,"h":1400},{"t":"j","w":945,"h":1400},{"t":"j","w":959,"h":1400},{"t":"j","w":951,"h":1400},{"t":"j","w":959,"h":1400},{"t":"j","w":950,"h":1400},{"t":"j","w":955,"h":1400},{"t":"j","w":947,"h":1400},{"t":"j","w":959,"h":1400},{"t":"j","w":951,"h":1400},{"t":"j","w":955,"h":1400},{"t":"j","w":942,"h":1400},{"t":"j","w":955,"h":1400},{"t":"j","w":943,"h":1400},{"t":"j","w":961,"h":1400},{"t":"j","w":948,"h":1400},{"t":"j","w":959,"h":1400},{"t":"j","w":944,"h":1400},{"t":"j","w":957,"h":1400},{"t":"j","w":943,"h":1400},{"t":"j","w":956,"h":1400},{"t":"j","w":943,"h":1400},{"t":"j","w":961,"h":1400},{"t":"j","w":947,"h":1400},{"t":"j","w":958,"h":1400},{"t":"j","w":940,"h":1400},{"t":"j","w":944,"h":1400},{"t":"j","w":942,"h":1400},{"t":"j","w":959,"h":1400},{"t":"j","w":945,"h":1400},{"t":"j","w":955,"h":1400},{"t":"j","w":943,"h":1400},{"t":"j","w":953,"h":1400},{"t":"j","w":942,"h":1400},{"t":"j","w":942,"h":1400},{"t":"j","w":938,"h":1400},{"t":"j","w":957,"h":1400},{"t":"j","w":940,"h":1400},{"t":"j","w":955,"h":1400},{"t":"j","w":943,"h":1400},{"t":"j","w":961,"h":1400},{"t":"j","w":944,"h":1400},{"t":"j","w":960,"h":1400},{"t":"j","w":952,"h":1400},{"t":"j","w":959,"h":1400},{"t":"j","w":948,"h":1400},{"t":"j","w":961,"h":1400},{"t":"j","w":941,"h":1400},{"t":"j","w":967,"h":1400},{"t":"j","w":946,"h":1400},{"t":"j","w":969,"h":1400},{"t":"j","w":952,"h":1400},{"t":"j","w":960,"h":1400},{"t":"j","w":955,"h":1400},{"t":"j","w":957,"h":1400},{"t":"j","w":938,"h":1400},{"t":"j","w":940,"h":1400},{"t":"j","w":950,"h":1400},{"t":"j","w":987,"h":1400}],"cover":{"t":"j","w":350,"h":496},"thumbnail":{"t":"j","w":250,"h":354}},"scanlator":"","upload_date":1403964814,"tags":[{"id":2937,"type":"tag","name":"big breasts","url":"/tag/big-breasts/","count":104551},{"id":17137,"type":"parody","name":"neon genesis evangelion","url":"/parody/neon-genesis-evangelion/","count":2492},{"id":21779,"type":"character","name":"rei ayanami","url":"/character/rei-ayanami/","count":1196},{"id":25125,"type":"character","name":"asuka langley soryu","url":"/character/asuka-langley-soryu/","count":1515},{"id":6346,"type":"language","name":"japanese","url":"/language/japanese/","count":193003},{"id":33172,"type":"category","name":"doujinshi","url":"/category/doujinshi/","count":231184},{"id":10314,"type":"tag","name":"schoolgirl uniform","url":"/tag/schoolgirl-uniform/","count":56614}],"num_pages":62,"num_favorites":23}