{"id":93,"media_id":"712","title":{"english":"(C60) [System Speculation (Imai Youki)] Mezamereba Itsumo Hitori (Neon Genesis Evangelion)","japanese":"(C60) [SYSTEM SPECULATION (\u4eca\u4e95\u7950\u7d00)] \u76ee\u899a\u3081\u308c\u3070\u3044\u3064\u3082\u4e00\u4eba (\u65b0\u4e16\u7d00\u30a8\u30f4\u30a1\u30f3\u30b2\u30ea\u30aa\u30f3)","pretty":"Mezamereba Itsumo Hitori"},"images":{"pages":[{"t":"j","w":993,"h":1400},{"t":"j","w":948,"h":1400},{"t":"j","w":941,"h":1400},{"t":"j","w":955,"h":1400},{"t":"j","w":944,"h":1400},{"t":"j","w":951,"h":1400},{"t":"j","w":944,"h":1400},{"t":"j","w":955,"h":1400},{"t":"j","w":945,"h":1400},{"t":"j","w":953,"h":1400},{"t":"j","w":931,"h":1400},{"t":"j","w":959,"h":1400},{"t":"j","w":945,"h":1400},{"t":"j","w":964,"h":1400},{"t":"j","w":935,"h":1400},{"t":"j","w":943,"h":1400},{"t":"j","w":932,"h":1400},{"t":"j","w":953,"h":1400},{"t":"j","w":941,"h":1400},{"t":"j","w":949,"h":1400},{"t":"j","w":930,"h":1400},{"t":"j","w":989,"h":1400}],"cover":{"t":"j","w":350,"h":493},"thumbnail":{"t":"j","w":250,"h":352}},"scanlator":"","upload_date":1403964816,"tags":[{"id":17137,"type":"parody","name":"neon genesis evangelion","url":"/parody/neon-genesis-evangelion/","count":2492},{"id":25125,"type":"character","name":"asuka langley soryu","url":"/character/asuka-langley-soryu/","count":1515},{"id":6346,"type":"language","name":"japanese","url":"/language/japanese/","count":193003},{"id":33172,"type":"category","name":"doujinshi","url":"/category/doujinshi/","count":231184},{"id":10314,"type":"tag","name":"schoolgirl uniform","url":"/tag/schoolgirl-uniform/","count":56614}],"num_pages":22,"num_favorites":11}