{"id":96,"media_id":"717","title":{"english":"(C66) [System Speculation (Imai Youki)] Suku Mizu Asuka (Neon Genesis Evangelion)","japanese":"(C66) [SYSTEM SPECULATION (\u4eca\u4e95\u7950\u7d00)] \u30b9\u30af\u6c34\u30a2\u30b9\u30ab (\u65b0\u4e16\u7d00\u30a8\u30f4\u30a1\u30f3\u30b2\u30ea\u30aa\u30f3)","pretty":"Suku Mizu Asuka"},"images":{"pages":[{"t":"j","w":986,"h":1400},{"t":"j","w":946,"h":1400},{"t":"j","w":933,"h":1400},{"t":"j","w":961,"h":1400},{"t":"j","w":956,"h":1400},{"t":"j","w":949,"h":1400},{"t":"j","w":939,"h":1400},{"t":"j","w":949,"h":1400},{"t":"j","w":947,"h":1400},{"t":"j","w":935,"h":1400},{"t":"j","w":944,"h":1400},{"t":"j","w":989,"h":1400}],"cover":{"t":"j","w":350,"h":497},"thumbnail":{"t":"j","w":250,"h":355}},"scanlator":"","upload_date":1403964819,"tags":[{"id":3735,"type":"tag","name":"swimsuit","url":"/tag/swimsuit/","count":19510},{"id":17137,"type":"parody","name":"neon genesis evangelion","url":"/parody/neon-genesis-evangelion/","count":2492},{"id":21779,"type":"character","name":"rei ayanami","url":"/character/rei-ayanami/","count":1196},{"id":25125,"type":"character","name":"asuka langley soryu","url":"/character/asuka-langley-soryu/","count":1515},{"id":6346,"type":"language","name":"japanese","url":"/language/japanese/","count":193003},{"id":33172,"type":"category","name":"doujinshi","url":"/category/doujinshi/","count":231184}],"num_pages":12,"num_favorites":11}