{"id":98,"media_id":"719","title":{"english":"(C64) [St. Rio (Kitty)] Hi Energy 04 (Neon Genesis Evangelion, Nadia The Secret Of Blue Water)","japanese":"(C64) [\u30b5\u30f3=\u30ea\u30aa (\u30ad\u5e1d\u30a3)] Hi Energy 04 (\u65b0\u4e16\u7d00\u30a8\u30f4\u30a1\u30f3\u30b2\u30ea\u30aa\u30f3, \u3075\u3057\u304e\u306e\u6d77\u306e\u30ca\u30c7\u30a3\u30a2)","pretty":"Hi Energy 04"},"images":{"pages":[{"t":"j","w":1200,"h":1704},{"t":"j","w":1045,"h":1503},{"t":"j","w":1045,"h":1503},{"t":"j","w":1045,"h":1503},{"t":"j","w":1045,"h":1503},{"t":"j","w":1045,"h":1503},{"t":"j","w":1045,"h":1503},{"t":"j","w":1045,"h":1503},{"t":"j","w":1045,"h":1503},{"t":"j","w":1045,"h":1503},{"t":"j","w":1045,"h":1503},{"t":"j","w":1045,"h":1503},{"t":"j","w":1045,"h":1503},{"t":"j","w":1045,"h":1503},{"t":"j","w":1045,"h":1503},{"t":"j","w":1045,"h":1503},{"t":"j","w":1045,"h":1503},{"t":"j","w":1045,"h":1503},{"t":"j","w":1045,"h":1503},{"t":"j","w":1045,"h":1503},{"t":"j","w":1045,"h":1503},{"t":"j","w":1045,"h":1503},{"t":"j","w":1045,"h":1503},{"t":"j","w":1045,"h":1503},{"t":"j","w":1045,"h":1503},{"t":"j","w":1045,"h":1503},{"t":"j","w":1045,"h":1503},{"t":"j","w":1045,"h":1503},{"t":"j","w":1045,"h":1503},{"t":"j","w":1045,"h":1503},{"t":"j","w":1045,"h":1503},{"t":"j","w":1045,"h":1503},{"t":"j","w":1045,"h":1503},{"t":"j","w":1045,"h":1503},{"t":"j","w":1045,"h":1503},{"t":"j","w":1045,"h":1503},{"t":"j","w":1045,"h":1503},{"t":"j","w":1045,"h":1503},{"t":"j","w":1045,"h":1503},{"t":"j","w":1045,"h":1503},{"t":"j","w":1045,"h":1503},{"t":"j","w":1045,"h":1503},{"t":"j","w":1045,"h":1503},{"t":"j","w":1045,"h":1503},{"t":"j","w":1045,"h":1503},{"t":"j","w":1045,"h":1503},{"t":"j","w":1045,"h":1503},{"t":"j","w":1045,"h":1503},{"t":"j","w":1045,"h":1503},{"t":"j","w":1045,"h":1503},{"t":"j","w":1045,"h":1503},{"t":"j","w":1045,"h":1503},{"t":"j","w":1045,"h":1503},{"t":"j","w":1045,"h":1503},{"t":"j","w":1045,"h":1503},{"t":"j","w":1045,"h":1503},{"t":"j","w":1045,"h":1503},{"t":"j","w":1045,"h":1503},{"t":"j","w":1045,"h":1503},{"t":"j","w":1045,"h":1503},{"t":"j","w":1045,"h":1503},{"t":"j","w":1045,"h":1503},{"t":"j","w":1045,"h":1503},{"t":"j","w":1045,"h":1503},{"t":"j","w":1045,"h":1503},{"t":"j","w":1045,"h":1503},{"t":"j","w":1045,"h":1503},{"t":"j","w":1045,"h":1503},{"t":"j","w":1200,"h":1704}],"cover":{"t":"j","w":350,"h":497},"thumbnail":{"t":"j","w":250,"h":355}},"scanlator":"","upload_date":1403964821,"tags":[{"id":8010,"type":"tag","name":"group","url":"/tag/group/","count":72150},{"id":11281,"type":"parody","name":"fushigi no umi no nadia","url":"/parody/fushigi-no-umi-no-nadia/","count":156},{"id":17137,"type":"parody","name":"neon genesis evangelion","url":"/parody/neon-genesis-evangelion/","count":2489},{"id":17996,"type":"artist","name":"kitty","url":"/artist/kitty/","count":276},{"id":19018,"type":"tag","name":"dark skin","url":"/tag/dark-skin/","count":21056},{"id":21081,"type":"group","name":"st. rio","url":"/group/st-rio/","count":314},{"id":21779,"type":"character","name":"rei ayanami","url":"/character/rei-ayanami/","count":1196},{"id":24832,"type":"character","name":"misato katsuragi","url":"/character/misato-katsuragi/","count":339},{"id":25125,"type":"character","name":"asuka langley soryu","url":"/character/asuka-langley-soryu/","count":1515},{"id":27468,"type":"character","name":"nadia la arwall","url":"/character/nadia-la-arwall/","count":143},{"id":27553,"type":"tag","name":"rape","url":"/tag/rape/","count":34191},{"id":6346,"type":"language","name":"japanese","url":"/language/japanese/","count":191613},{"id":33172,"type":"category","name":"doujinshi","url":"/category/doujinshi/","count":228729},{"id":29859,"type":"tag","name":"blowjob","url":"/tag/blowjob/","count":37321},{"id":25766,"type":"tag","name":"gokkun","url":"/tag/gokkun/","count":1606},{"id":13720,"type":"tag","name":"nakadashi","url":"/tag/nakadashi/","count":42357},{"id":5371,"type":"artist","name":"tima","url":"/artist/tima/","count":24}],"num_pages":69,"num_favorites":71}