{"id":61,"media_id":"740","title":{"english":"(SC33) [Leaz Koubou (Oujano Kaze)] \uff0b\u03b1 Plus Alpha (Super Robot Wars)","japanese":"(\u30b5\u30f3\u30af\u30ea33) [\u308a\u30fc\u305a\u5de5\u623f (\u738b\u8005\u4e4b\u98a8)]\uff0b\u03b1 Plus Alpha (\u30b9\u30fc\u30d1\u30fc\u30ed\u30dc\u30c3\u30c8\u5927\u6226)","pretty":"\uff0b\u03b1 Plus Alpha"},"images":{"pages":[{"t":"j","w":1200,"h":1710},{"t":"j","w":1200,"h":1702},{"t":"j","w":1200,"h":1730},{"t":"j","w":1200,"h":1731},{"t":"j","w":1200,"h":1703},{"t":"j","w":1200,"h":1731},{"t":"j","w":1200,"h":1731},{"t":"j","w":1200,"h":1710}],"cover":{"t":"j","w":350,"h":499},"thumbnail":{"t":"j","w":250,"h":356}},"scanlator":"","upload_date":1403964781,"tags":[{"id":2937,"type":"tag","name":"big breasts","url":"/tag/big-breasts/","count":103273},{"id":3051,"type":"group","name":"leaz koubou","url":"/group/leaz-koubou/","count":153},{"id":19576,"type":"character","name":"rio","url":"/character/rio/","count":21},{"id":22215,"type":"parody","name":"super robot wars","url":"/parody/super-robot-wars/","count":458},{"id":27541,"type":"artist","name":"oujano kaze","url":"/artist/oujano-kaze/","count":155},{"id":6346,"type":"language","name":"japanese","url":"/language/japanese/","count":191613},{"id":33172,"type":"category","name":"doujinshi","url":"/category/doujinshi/","count":228729},{"id":30894,"type":"character","name":"rio mei long","url":"/character/rio-mei-long/","count":3},{"id":32680,"type":"character","name":"lefina enfield","url":"/character/lefina-enfield/","count":11},{"id":26957,"type":"character","name":"ricarla borgnine","url":"/character/ricarla-borgnine/","count":2},{"id":20723,"type":"character","name":"leona garstein","url":"/character/leona-garstein/","count":9},{"id":29870,"type":"character","name":"katina tarask","url":"/character/katina-tarask/","count":5},{"id":19018,"type":"tag","name":"dark skin","url":"/tag/dark-skin/","count":21056}],"num_pages":8,"num_favorites":43}