{"id":62,"media_id":"741","title":{"english":"(C65) [TENGU NO TSUZURA (Kuro Tengu)] Angel Does Me (Neon Genesis Evangelion)","japanese":"(C65) [\u5929\u72d7\u306e\u3064\u3065\u3089 (\u9ed2\u3066\u3093\u3050)] ANGEL DOES ME (\u65b0\u4e16\u7d00\u30a8\u30f4\u30a1\u30f3\u30b2\u30ea\u30aa\u30f3)","pretty":"Angel Does Me"},"images":{"pages":[{"t":"j","w":820,"h":1212},{"t":"j","w":820,"h":1212},{"t":"j","w":820,"h":1212},{"t":"j","w":820,"h":1212},{"t":"j","w":820,"h":1212},{"t":"j","w":820,"h":1212},{"t":"j","w":820,"h":1212},{"t":"j","w":820,"h":1212},{"t":"j","w":820,"h":1212},{"t":"j","w":820,"h":1212},{"t":"j","w":820,"h":1212},{"t":"j","w":820,"h":1212},{"t":"j","w":820,"h":1212},{"t":"j","w":820,"h":1212},{"t":"j","w":820,"h":1212},{"t":"j","w":820,"h":1212},{"t":"j","w":820,"h":1212},{"t":"j","w":820,"h":1212},{"t":"j","w":820,"h":1212},{"t":"j","w":820,"h":1212},{"t":"j","w":820,"h":1212},{"t":"j","w":820,"h":1212},{"t":"j","w":820,"h":1212},{"t":"j","w":820,"h":1212},{"t":"j","w":820,"h":1212},{"t":"j","w":820,"h":1212},{"t":"j","w":820,"h":1212},{"t":"j","w":856,"h":1212}],"cover":{"t":"j","w":350,"h":517},"thumbnail":{"t":"j","w":250,"h":369}},"scanlator":"","upload_date":1403964781,"tags":[{"id":3206,"type":"character","name":"shinji ikari","url":"/character/shinji-ikari/","count":1231},{"id":7746,"type":"artist","name":"kuro tengu","url":"/artist/kuro-tengu/","count":63},{"id":17137,"type":"parody","name":"neon genesis evangelion","url":"/parody/neon-genesis-evangelion/","count":2492},{"id":21779,"type":"character","name":"rei ayanami","url":"/character/rei-ayanami/","count":1196},{"id":31762,"type":"group","name":"tengu no tsuzura","url":"/group/tengu-no-tsuzura/","count":63},{"id":6346,"type":"language","name":"japanese","url":"/language/japanese/","count":191613},{"id":33172,"type":"category","name":"doujinshi","url":"/category/doujinshi/","count":228729},{"id":7752,"type":"tag","name":"schoolboy uniform","url":"/tag/schoolboy-uniform/","count":12400},{"id":29859,"type":"tag","name":"blowjob","url":"/tag/blowjob/","count":37321},{"id":27473,"type":"tag","name":"mosaic censorship","url":"/tag/mosaic-censorship/","count":23707},{"id":10314,"type":"tag","name":"schoolgirl uniform","url":"/tag/schoolgirl-uniform/","count":56168},{"id":27530,"type":"tag","name":"ball sucking","url":"/tag/ball-sucking/","count":571},{"id":35763,"type":"tag","name":"sole male","url":"/tag/sole-male/","count":60070}],"num_pages":28,"num_favorites":100}