{"id":65,"media_id":"744","title":{"english":"(C64) [TENGU NO TSUZURA (Kuro Tengu)] LOVE CASK (Neon Genesis Evangelion)","japanese":"(C64) [\u5929\u72d7\u306e\u3064\u3065\u3089 (\u9ed2\u3066\u3093\u3050)] LOVE CASK  (\u65b0\u4e16\u7d00\u30a8\u30f4\u30a1\u30f3\u30b2\u30ea\u30aa\u30f3)","pretty":"LOVE CASK"},"images":{"pages":[{"t":"j","w":980,"h":1400},{"t":"j","w":999,"h":1400},{"t":"j","w":965,"h":1400},{"t":"j","w":965,"h":1400},{"t":"j","w":965,"h":1400},{"t":"j","w":965,"h":1400},{"t":"j","w":965,"h":1400},{"t":"j","w":965,"h":1400},{"t":"j","w":965,"h":1400},{"t":"j","w":965,"h":1400},{"t":"j","w":965,"h":1400},{"t":"j","w":965,"h":1400},{"t":"j","w":965,"h":1400},{"t":"j","w":965,"h":1400},{"t":"j","w":965,"h":1400},{"t":"j","w":965,"h":1400},{"t":"j","w":965,"h":1400},{"t":"j","w":965,"h":1400},{"t":"j","w":965,"h":1400},{"t":"j","w":965,"h":1400},{"t":"j","w":965,"h":1400},{"t":"j","w":965,"h":1400},{"t":"j","w":965,"h":1400},{"t":"j","w":965,"h":1400},{"t":"j","w":965,"h":1400},{"t":"j","w":965,"h":1400},{"t":"j","w":965,"h":1400},{"t":"j","w":965,"h":1400},{"t":"j","w":965,"h":1400},{"t":"j","w":965,"h":1400}],"cover":{"t":"j","w":350,"h":500},"thumbnail":{"t":"j","w":250,"h":357}},"scanlator":"","upload_date":1403964784,"tags":[{"id":7746,"type":"artist","name":"kuro tengu","url":"/artist/kuro-tengu/","count":63},{"id":17137,"type":"parody","name":"neon genesis evangelion","url":"/parody/neon-genesis-evangelion/","count":2489},{"id":25125,"type":"character","name":"asuka langley soryu","url":"/character/asuka-langley-soryu/","count":1515},{"id":31762,"type":"group","name":"tengu no tsuzura","url":"/group/tengu-no-tsuzura/","count":63},{"id":6346,"type":"language","name":"japanese","url":"/language/japanese/","count":191613},{"id":33172,"type":"category","name":"doujinshi","url":"/category/doujinshi/","count":228729},{"id":3206,"type":"character","name":"shinji ikari","url":"/character/shinji-ikari/","count":1229},{"id":10314,"type":"tag","name":"schoolgirl uniform","url":"/tag/schoolgirl-uniform/","count":56168},{"id":29859,"type":"tag","name":"blowjob","url":"/tag/blowjob/","count":37321},{"id":27473,"type":"tag","name":"mosaic censorship","url":"/tag/mosaic-censorship/","count":23707}],"num_pages":30,"num_favorites":57}