{"id":66,"media_id":"745","title":{"english":"(C69) [Tengu no Tsuzura (Kuro Tengu)] MERRY BOX (Neon Genesis Evangelion)","japanese":"(C69) [\u5929\u72d7\u306e\u3064\u3065\u3089 (\u9ed2\u3066\u3093\u3050)] MERRY BOX (\u65b0\u4e16\u7d00\u30a8\u30f4\u30a1\u30f3\u30b2\u30ea\u30aa\u30f3)","pretty":"MERRY BOX"},"images":{"pages":[{"t":"j","w":1060,"h":1516},{"t":"j","w":1058,"h":1513},{"t":"j","w":1059,"h":1514},{"t":"j","w":1059,"h":1513},{"t":"j","w":1059,"h":1514},{"t":"j","w":1058,"h":1514},{"t":"j","w":1060,"h":1514},{"t":"j","w":1058,"h":1513},{"t":"j","w":1059,"h":1514},{"t":"j","w":1058,"h":1514},{"t":"j","w":1060,"h":1513},{"t":"j","w":1057,"h":1514},{"t":"j","w":1059,"h":1514},{"t":"j","w":1058,"h":1512},{"t":"j","w":1059,"h":1514},{"t":"j","w":1057,"h":1514},{"t":"j","w":1059,"h":1513},{"t":"j","w":1058,"h":1513},{"t":"j","w":1060,"h":1513},{"t":"j","w":1057,"h":1513},{"t":"j","w":1060,"h":1513},{"t":"j","w":1058,"h":1513},{"t":"j","w":1059,"h":1513},{"t":"j","w":1057,"h":1513},{"t":"j","w":1059,"h":1514},{"t":"j","w":1056,"h":1514},{"t":"j","w":1057,"h":1514},{"t":"j","w":1056,"h":1514},{"t":"j","w":1059,"h":1514},{"t":"j","w":1056,"h":1513},{"t":"j","w":1059,"h":1514},{"t":"j","w":1056,"h":1514},{"t":"j","w":1058,"h":1513},{"t":"j","w":1056,"h":1513},{"t":"j","w":1057,"h":1514},{"t":"j","w":1056,"h":1513},{"t":"j","w":1058,"h":1514},{"t":"j","w":1060,"h":1515}],"cover":{"t":"j","w":350,"h":501},"thumbnail":{"t":"j","w":250,"h":358}},"scanlator":"","upload_date":1403964785,"tags":[{"id":3666,"type":"tag","name":"garter belt","url":"/tag/garter-belt/","count":7640},{"id":7746,"type":"artist","name":"kuro tengu","url":"/artist/kuro-tengu/","count":63},{"id":17137,"type":"parody","name":"neon genesis evangelion","url":"/parody/neon-genesis-evangelion/","count":2489},{"id":24201,"type":"tag","name":"stockings","url":"/tag/stockings/","count":64784},{"id":24832,"type":"character","name":"misato katsuragi","url":"/character/misato-katsuragi/","count":339},{"id":25125,"type":"character","name":"asuka langley soryu","url":"/character/asuka-langley-soryu/","count":1513},{"id":31762,"type":"group","name":"tengu no tsuzura","url":"/group/tengu-no-tsuzura/","count":63},{"id":6346,"type":"language","name":"japanese","url":"/language/japanese/","count":191613},{"id":33172,"type":"category","name":"doujinshi","url":"/category/doujinshi/","count":228729},{"id":3206,"type":"character","name":"shinji ikari","url":"/character/shinji-ikari/","count":1229},{"id":25871,"type":"tag","name":"lingerie","url":"/tag/lingerie/","count":7659},{"id":30811,"type":"tag","name":"christmas","url":"/tag/christmas/","count":886},{"id":27473,"type":"tag","name":"mosaic censorship","url":"/tag/mosaic-censorship/","count":23707}],"num_pages":38,"num_favorites":74}