{"id":67,"media_id":"747","title":{"english":"(C68) [TENGU NO TSUZURA (Kuro Tengu)] NERV no Ichiban Nagai Hi (Neon Genesis Evangelion)","japanese":"(C68) [\u5929\u72d7\u306e\u3064\u3065\u3089 (\u9ed2\u3066\u3093\u3050)] \u30cd\u30eb\u30d5\u306e\u4e00\u756a\u9577\u3044\u65e5 (\u65b0\u4e16\u7d00\u30a8\u30f4\u30a1\u30f3\u30b2\u30ea\u30aa\u30f3)","pretty":"NERV no Ichiban Nagai Hi"},"images":{"pages":[{"t":"j","w":902,"h":1280},{"t":"j","w":897,"h":1280},{"t":"j","w":865,"h":1280},{"t":"j","w":894,"h":1280},{"t":"j","w":900,"h":1280},{"t":"j","w":874,"h":1280},{"t":"j","w":860,"h":1280},{"t":"j","w":898,"h":1280},{"t":"j","w":897,"h":1280},{"t":"j","w":892,"h":1280},{"t":"j","w":873,"h":1280},{"t":"j","w":887,"h":1280},{"t":"j","w":891,"h":1280},{"t":"j","w":898,"h":1280},{"t":"j","w":893,"h":1280},{"t":"j","w":890,"h":1280},{"t":"j","w":889,"h":1280},{"t":"j","w":880,"h":1280},{"t":"j","w":895,"h":1280},{"t":"j","w":883,"h":1280},{"t":"j","w":887,"h":1280},{"t":"j","w":889,"h":1280},{"t":"j","w":889,"h":1280},{"t":"j","w":896,"h":1280},{"t":"j","w":892,"h":1280},{"t":"j","w":891,"h":1280},{"t":"j","w":895,"h":1280},{"t":"j","w":896,"h":1280},{"t":"j","w":893,"h":1280},{"t":"j","w":894,"h":1280},{"t":"j","w":895,"h":1280},{"t":"j","w":907,"h":1280},{"t":"j","w":899,"h":1280},{"t":"j","w":879,"h":1280},{"t":"j","w":876,"h":1280},{"t":"j","w":862,"h":1280},{"t":"j","w":890,"h":1280},{"t":"j","w":892,"h":1280},{"t":"j","w":956,"h":1280},{"t":"j","w":896,"h":1280},{"t":"j","w":878,"h":1280},{"t":"j","w":890,"h":1280},{"t":"j","w":894,"h":1280},{"t":"j","w":892,"h":1280},{"t":"j","w":890,"h":1280},{"t":"j","w":898,"h":1280}],"cover":{"t":"j","w":350,"h":497},"thumbnail":{"t":"j","w":250,"h":355}},"scanlator":"","upload_date":1403964786,"tags":[{"id":3206,"type":"character","name":"shinji ikari","url":"/character/shinji-ikari/","count":1231},{"id":7746,"type":"artist","name":"kuro tengu","url":"/artist/kuro-tengu/","count":63},{"id":17137,"type":"parody","name":"neon genesis evangelion","url":"/parody/neon-genesis-evangelion/","count":2492},{"id":24412,"type":"tag","name":"bodysuit","url":"/tag/bodysuit/","count":3164},{"id":25125,"type":"character","name":"asuka langley soryu","url":"/character/asuka-langley-soryu/","count":1515},{"id":31762,"type":"group","name":"tengu no tsuzura","url":"/group/tengu-no-tsuzura/","count":63},{"id":6346,"type":"language","name":"japanese","url":"/language/japanese/","count":191613},{"id":33172,"type":"category","name":"doujinshi","url":"/category/doujinshi/","count":228729},{"id":29224,"type":"tag","name":"impregnation","url":"/tag/impregnation/","count":15414},{"id":29859,"type":"tag","name":"blowjob","url":"/tag/blowjob/","count":37321}],"num_pages":46,"num_favorites":110}