{"id":68,"media_id":"748","title":{"english":"(C70) [TENGU NO TSUZURA (Kuro Tengu)] THE TOWERING INFERNO (Neon Genesis Evangelion)","japanese":"(C70) [\u5929\u72d7\u306e\u3064\u3065\u3089 (\u9ed2\u3066\u3093\u3050)] THE TOWERING INFERNO (\u65b0\u4e16\u7d00\u30a8\u30f4\u30a1\u30f3\u30b2\u30ea\u30aa\u30f3)","pretty":"THE TOWERING INFERNO"},"images":{"pages":[{"t":"j","w":1200,"h":1703},{"t":"j","w":1024,"h":1488},{"t":"j","w":1024,"h":1484},{"t":"j","w":1024,"h":1480},{"t":"j","w":1024,"h":1486},{"t":"j","w":1024,"h":1505},{"t":"j","w":1024,"h":1486},{"t":"j","w":1024,"h":1468},{"t":"j","w":1024,"h":1494},{"t":"j","w":1024,"h":1498},{"t":"j","w":1024,"h":1491},{"t":"j","w":1024,"h":1488},{"t":"j","w":1024,"h":1495},{"t":"j","w":1024,"h":1490},{"t":"j","w":1024,"h":1490},{"t":"j","w":1024,"h":1488},{"t":"j","w":1024,"h":1488},{"t":"j","w":1024,"h":1495},{"t":"j","w":1024,"h":1493},{"t":"j","w":1024,"h":1498},{"t":"j","w":1024,"h":1492},{"t":"j","w":1024,"h":1480},{"t":"j","w":1024,"h":1489},{"t":"j","w":1024,"h":1467},{"t":"j","w":1024,"h":1478},{"t":"j","w":1024,"h":1487},{"t":"j","w":1024,"h":1472},{"t":"j","w":1024,"h":1492},{"t":"j","w":1024,"h":1484},{"t":"j","w":1024,"h":1488},{"t":"j","w":1024,"h":1476},{"t":"j","w":1024,"h":1479},{"t":"j","w":1024,"h":1484},{"t":"j","w":1024,"h":1467},{"t":"j","w":1024,"h":1485},{"t":"j","w":1024,"h":1489},{"t":"j","w":1024,"h":1490},{"t":"j","w":1200,"h":1699}],"cover":{"t":"j","w":350,"h":497},"thumbnail":{"t":"j","w":250,"h":355}},"scanlator":"","upload_date":1403964787,"tags":[{"id":3206,"type":"character","name":"shinji ikari","url":"/character/shinji-ikari/","count":1229},{"id":7746,"type":"artist","name":"kuro tengu","url":"/artist/kuro-tengu/","count":63},{"id":17137,"type":"parody","name":"neon genesis evangelion","url":"/parody/neon-genesis-evangelion/","count":2489},{"id":24832,"type":"character","name":"misato katsuragi","url":"/character/misato-katsuragi/","count":339},{"id":25125,"type":"character","name":"asuka langley soryu","url":"/character/asuka-langley-soryu/","count":1513},{"id":31762,"type":"group","name":"tengu no tsuzura","url":"/group/tengu-no-tsuzura/","count":63},{"id":6346,"type":"language","name":"japanese","url":"/language/japanese/","count":191613},{"id":33172,"type":"category","name":"doujinshi","url":"/category/doujinshi/","count":228729},{"id":10314,"type":"tag","name":"schoolgirl uniform","url":"/tag/schoolgirl-uniform/","count":56168},{"id":29859,"type":"tag","name":"blowjob","url":"/tag/blowjob/","count":37321}],"num_pages":38,"num_favorites":66}