{"id":70,"media_id":"750","title":{"english":"(C62) [Utamaru Press (Utamaru Mikio)] ASUKA FAN Vol. 5 (Neon Genesis Evangelion)","japanese":"(C62) [\u3046\u305f\u307e\u308bPress (\u3046\u305f\u307e\u308b\u307f\u304d\u304a)] ASUKA FAN Vol.5 (\u65b0\u4e16\u7d00\u30a8\u30f4\u30a1\u30f3\u30b2\u30ea\u30aa\u30f3)","pretty":"ASUKA FAN Vol. 5"},"images":{"pages":[{"t":"j","w":1200,"h":1702},{"t":"j","w":1035,"h":1498},{"t":"j","w":1034,"h":1504},{"t":"j","w":1033,"h":1508},{"t":"j","w":1024,"h":1511},{"t":"j","w":1027,"h":1511},{"t":"j","w":1034,"h":1511},{"t":"j","w":1029,"h":1506},{"t":"j","w":1017,"h":1506},{"t":"j","w":1026,"h":1511},{"t":"j","w":1016,"h":1511},{"t":"j","w":1021,"h":1511},{"t":"j","w":1008,"h":1500},{"t":"j","w":1022,"h":1511},{"t":"j","w":1011,"h":1506},{"t":"j","w":1020,"h":1511},{"t":"j","w":1010,"h":1511},{"t":"j","w":1022,"h":1511},{"t":"j","w":1010,"h":1504},{"t":"j","w":1016,"h":1492},{"t":"j","w":1013,"h":1511},{"t":"j","w":1018,"h":1511},{"t":"j","w":1013,"h":1511},{"t":"j","w":1018,"h":1511},{"t":"j","w":1014,"h":1511},{"t":"j","w":1004,"h":1504},{"t":"j","w":1015,"h":1511},{"t":"j","w":1004,"h":1511},{"t":"j","w":1011,"h":1511},{"t":"j","w":1018,"h":1511},{"t":"j","w":1014,"h":1511},{"t":"j","w":1020,"h":1511},{"t":"j","w":1013,"h":1505},{"t":"j","w":1200,"h":1702}],"cover":{"t":"j","w":350,"h":496},"thumbnail":{"t":"j","w":250,"h":355}},"scanlator":"","upload_date":1403964790,"tags":[{"id":3206,"type":"character","name":"shinji ikari","url":"/character/shinji-ikari/","count":1231},{"id":7947,"type":"artist","name":"utamaru mikio","url":"/artist/utamaru-mikio/","count":19},{"id":10633,"type":"group","name":"utamaru press","url":"/group/utamaru-press/","count":19},{"id":17137,"type":"parody","name":"neon genesis evangelion","url":"/parody/neon-genesis-evangelion/","count":2492},{"id":25125,"type":"character","name":"asuka langley soryu","url":"/character/asuka-langley-soryu/","count":1515},{"id":6346,"type":"language","name":"japanese","url":"/language/japanese/","count":193003},{"id":33172,"type":"category","name":"doujinshi","url":"/category/doujinshi/","count":231184},{"id":26953,"type":"tag","name":"bukkake","url":"/tag/bukkake/","count":4759}],"num_pages":34,"num_favorites":23}