{"id":72,"media_id":"752","title":{"english":"(SC32) [Utamaru Press (Utamaru Mikio)] Hikari to Asuka (Neon Genesis Evangelion)","japanese":"(\u30b5\u30f3\u30af\u30ea32) [\u3046\u305f\u307e\u308bPress (\u3046\u305f\u307e\u308b\u307f\u304d\u304a)] \u30d2\u30ab\u30ea\u3068\u30a2\u30b9\u30ab (\u65b0\u4e16\u7d00\u30a8\u30f4\u30a1\u30f3\u30b2\u30ea\u30aa\u30f3)","pretty":"Hikari to Asuka"},"images":{"pages":[{"t":"j","w":1066,"h":1510},{"t":"j","w":1022,"h":1510},{"t":"j","w":1009,"h":1510},{"t":"j","w":1013,"h":1511},{"t":"j","w":1016,"h":1511},{"t":"j","w":1014,"h":1511},{"t":"j","w":1014,"h":1510},{"t":"j","w":1006,"h":1510},{"t":"j","w":1014,"h":1508},{"t":"j","w":1016,"h":1513},{"t":"j","w":1015,"h":1509},{"t":"j","w":1018,"h":1510},{"t":"j","w":1019,"h":1510},{"t":"j","w":1014,"h":1510},{"t":"j","w":1010,"h":1508},{"t":"j","w":1028,"h":1510},{"t":"j","w":1010,"h":1510},{"t":"j","w":1030,"h":1511},{"t":"j","w":1008,"h":1511},{"t":"j","w":1028,"h":1512},{"t":"j","w":1009,"h":1508},{"t":"j","w":1027,"h":1509},{"t":"j","w":1021,"h":1509},{"t":"j","w":1028,"h":1513},{"t":"j","w":1011,"h":1509},{"t":"j","w":1068,"h":1508}],"cover":{"t":"j","w":350,"h":496},"thumbnail":{"t":"j","w":250,"h":354}},"scanlator":"","upload_date":1403964792,"tags":[{"id":7947,"type":"artist","name":"utamaru mikio","url":"/artist/utamaru-mikio/","count":19},{"id":10633,"type":"group","name":"utamaru press","url":"/group/utamaru-press/","count":19},{"id":16332,"type":"character","name":"hikari horaki","url":"/character/hikari-horaki/","count":104},{"id":17137,"type":"parody","name":"neon genesis evangelion","url":"/parody/neon-genesis-evangelion/","count":2492},{"id":19954,"type":"tag","name":"yuri","url":"/tag/yuri/","count":20241},{"id":25125,"type":"character","name":"asuka langley soryu","url":"/character/asuka-langley-soryu/","count":1515},{"id":6346,"type":"language","name":"japanese","url":"/language/japanese/","count":191613},{"id":33172,"type":"category","name":"doujinshi","url":"/category/doujinshi/","count":228729},{"id":10314,"type":"tag","name":"schoolgirl uniform","url":"/tag/schoolgirl-uniform/","count":56168},{"id":15348,"type":"tag","name":"ffm threesome","url":"/tag/ffm-threesome/","count":17957},{"id":7155,"type":"tag","name":"cunnilingus","url":"/tag/cunnilingus/","count":4701},{"id":8010,"type":"tag","name":"group","url":"/tag/group/","count":72150}],"num_pages":26,"num_favorites":23}