{"id":75,"media_id":"781","title":{"english":"[Naschbe (Choukyuuten, Fuyuno Pin)] Shin Seiki Nehangelion (Neon Genesis Evangelion)","japanese":"[Naschbe (\u5f35\u4e5d\u5929, \u51ac\u91ce\u3074\u3093)] \u6765\u4e16\u7d00\u30cd\u30cf\u30f3\u30b2\u30ea\u30aa\u30f3 THE NEXT WORLD NEHANGELION (\u65b0\u4e16\u7d00\u30a8\u30f4\u30a1\u30f3\u30b2\u30ea\u30aa\u30f3)","pretty":"Shin Seiki Nehangelion"},"images":{"pages":[{"t":"j","w":721,"h":1022},{"t":"j","w":715,"h":1018},{"t":"j","w":721,"h":1021},{"t":"j","w":721,"h":1021},{"t":"j","w":721,"h":1021},{"t":"j","w":721,"h":1021},{"t":"j","w":721,"h":1021},{"t":"j","w":721,"h":1021},{"t":"j","w":721,"h":1021},{"t":"j","w":721,"h":1021},{"t":"j","w":721,"h":1021},{"t":"j","w":721,"h":1021},{"t":"j","w":721,"h":1021},{"t":"j","w":721,"h":1021},{"t":"j","w":721,"h":1021},{"t":"j","w":721,"h":1021},{"t":"j","w":721,"h":1021},{"t":"j","w":721,"h":1021},{"t":"j","w":721,"h":1021},{"t":"j","w":721,"h":1021},{"t":"j","w":721,"h":1021},{"t":"j","w":721,"h":1021},{"t":"j","w":721,"h":1021},{"t":"j","w":721,"h":1021},{"t":"j","w":721,"h":1021},{"t":"j","w":721,"h":1021},{"t":"j","w":721,"h":1021},{"t":"j","w":721,"h":1021},{"t":"j","w":721,"h":1021},{"t":"j","w":721,"h":1021},{"t":"j","w":721,"h":1021},{"t":"j","w":721,"h":1021},{"t":"j","w":721,"h":1021},{"t":"j","w":721,"h":1021},{"t":"j","w":721,"h":1021},{"t":"j","w":721,"h":1021},{"t":"j","w":721,"h":1021},{"t":"j","w":721,"h":1021},{"t":"j","w":721,"h":1021},{"t":"j","w":721,"h":1021},{"t":"j","w":721,"h":1021},{"t":"j","w":721,"h":1021},{"t":"j","w":721,"h":1021},{"t":"j","w":721,"h":1021},{"t":"j","w":721,"h":1021},{"t":"j","w":721,"h":1021},{"t":"j","w":721,"h":1021},{"t":"j","w":721,"h":1021},{"t":"j","w":721,"h":1021},{"t":"j","w":721,"h":1021},{"t":"j","w":721,"h":1021},{"t":"j","w":721,"h":1021},{"t":"j","w":721,"h":1021},{"t":"j","w":721,"h":1021},{"t":"j","w":721,"h":1021},{"t":"j","w":721,"h":1021},{"t":"j","w":721,"h":1021},{"t":"j","w":721,"h":1021},{"t":"j","w":721,"h":1021},{"t":"j","w":721,"h":1021},{"t":"j","w":721,"h":1021},{"t":"j","w":721,"h":1021},{"t":"j","w":721,"h":1021},{"t":"j","w":721,"h":1021},{"t":"j","w":721,"h":1021},{"t":"j","w":721,"h":1021},{"t":"j","w":721,"h":1021},{"t":"j","w":721,"h":1021},{"t":"j","w":721,"h":1021},{"t":"j","w":721,"h":1021},{"t":"j","w":721,"h":1021},{"t":"j","w":721,"h":1021},{"t":"j","w":721,"h":1021},{"t":"j","w":721,"h":1021},{"t":"j","w":721,"h":1021},{"t":"j","w":721,"h":1021},{"t":"j","w":721,"h":1021},{"t":"j","w":721,"h":1021},{"t":"j","w":715,"h":1018},{"t":"j","w":718,"h":1022}],"cover":{"t":"j","w":350,"h":496},"thumbnail":{"t":"j","w":250,"h":354}},"scanlator":"","upload_date":1403964794,"tags":[{"id":6380,"type":"group","name":"naschbe","url":"/group/naschbe/","count":3},{"id":17137,"type":"parody","name":"neon genesis evangelion","url":"/parody/neon-genesis-evangelion/","count":2489},{"id":24832,"type":"character","name":"misato katsuragi","url":"/character/misato-katsuragi/","count":339},{"id":25125,"type":"character","name":"asuka langley soryu","url":"/character/asuka-langley-soryu/","count":1513},{"id":6346,"type":"language","name":"japanese","url":"/language/japanese/","count":191613},{"id":33172,"type":"category","name":"doujinshi","url":"/category/doujinshi/","count":228729}],"num_pages":80,"num_favorites":12}