{"id":195,"media_id":"459","title":{"english":"(C62) [CHAHO (Natsuki Kotoe)] Rare Cheese Crepe half (Neon Genesis Evangelion)","japanese":"(C62) [\u3061\u3083\u307b (\u90a3\u6708\u7434\u834f)] Rare Cheese Crepe half (\u65b0\u4e16\u7d00\u30a8\u30f4\u30a1\u30f3\u30b2\u30ea\u30aa\u30f3)","pretty":"Rare Cheese Crepe half"},"images":{"pages":[{"t":"j","w":680,"h":958},{"t":"j","w":680,"h":960},{"t":"j","w":680,"h":969},{"t":"j","w":680,"h":960},{"t":"j","w":680,"h":969},{"t":"j","w":680,"h":960},{"t":"j","w":680,"h":969},{"t":"j","w":680,"h":960},{"t":"j","w":680,"h":969},{"t":"j","w":680,"h":960},{"t":"j","w":680,"h":969},{"t":"j","w":680,"h":960},{"t":"j","w":680,"h":969},{"t":"j","w":680,"h":963},{"t":"j","w":680,"h":966},{"t":"j","w":680,"h":954}],"cover":{"t":"j","w":350,"h":493},"thumbnail":{"t":"j","w":250,"h":352}},"scanlator":"","upload_date":1403964930,"tags":[{"id":266,"type":"tag","name":"sundress","url":"/tag/sundress/","count":1070},{"id":6291,"type":"group","name":"chaho","url":"/group/chaho/","count":5},{"id":17137,"type":"parody","name":"neon genesis evangelion","url":"/parody/neon-genesis-evangelion/","count":2492},{"id":23445,"type":"artist","name":"natsuki kotoe","url":"/artist/natsuki-kotoe/","count":6},{"id":24201,"type":"tag","name":"stockings","url":"/tag/stockings/","count":65473},{"id":25125,"type":"character","name":"asuka langley soryu","url":"/character/asuka-langley-soryu/","count":1515},{"id":6346,"type":"language","name":"japanese","url":"/language/japanese/","count":193003},{"id":33172,"type":"category","name":"doujinshi","url":"/category/doujinshi/","count":231184},{"id":35762,"type":"tag","name":"sole female","url":"/tag/sole-female/","count":67502},{"id":8368,"type":"tag","name":"full censorship","url":"/tag/full-censorship/","count":17250}],"num_pages":16,"num_favorites":23}