{"id":197,"media_id":"461","title":{"english":"(SC8) [Sailor Q2 (Ryou)] Ijiwaruna Tenshi yo Sekai wo Warae - Panic Attack in Sailor Q2 2000 (Neon Genesis Evangelion)","japanese":"(\u30b5\u30f3\u30af\u30ea8) [SAILOR Q2 (RY\u00d6)] \u30a4\u30b8\u30ef\u30eb\u30ca\u5929\u4f7f\u30e8\u4e16\u754c\u30f2\u7b11\u30a8 (\u65b0\u4e16\u7d00\u30a8\u30f4\u30a1\u30f3\u30b2\u30ea\u30aa\u30f3)","pretty":"Ijiwaruna Tenshi yo Sekai wo Warae - Panic Attack in Sailor Q2 2000"},"images":{"pages":[{"t":"j","w":900,"h":1300},{"t":"j","w":894,"h":1300},{"t":"j","w":894,"h":1300},{"t":"j","w":894,"h":1300},{"t":"j","w":894,"h":1300},{"t":"j","w":894,"h":1300},{"t":"j","w":894,"h":1300},{"t":"j","w":891,"h":1300},{"t":"j","w":891,"h":1300},{"t":"j","w":890,"h":1300},{"t":"j","w":890,"h":1300},{"t":"j","w":894,"h":1300},{"t":"j","w":894,"h":1300},{"t":"j","w":894,"h":1300},{"t":"j","w":894,"h":1300},{"t":"j","w":891,"h":1300},{"t":"j","w":908,"h":1300},{"t":"j","w":880,"h":1300},{"t":"j","w":898,"h":1300},{"t":"j","w":898,"h":1300},{"t":"j","w":894,"h":1300},{"t":"j","w":894,"h":1300},{"t":"j","w":906,"h":1300},{"t":"j","w":896,"h":1300},{"t":"j","w":897,"h":1300},{"t":"j","w":900,"h":1300},{"t":"j","w":903,"h":1300},{"t":"j","w":899,"h":1300},{"t":"j","w":904,"h":1300},{"t":"j","w":895,"h":1300},{"t":"j","w":894,"h":1300},{"t":"j","w":894,"h":1300},{"t":"j","w":901,"h":1300},{"t":"j","w":901,"h":1300},{"t":"j","w":897,"h":1300},{"t":"j","w":896,"h":1300},{"t":"j","w":896,"h":1300},{"t":"j","w":897,"h":1300},{"t":"j","w":894,"h":1300},{"t":"j","w":894,"h":1300},{"t":"j","w":894,"h":1300},{"t":"j","w":894,"h":1300},{"t":"j","w":894,"h":1300},{"t":"j","w":894,"h":1300},{"t":"j","w":894,"h":1300},{"t":"j","w":894,"h":1300},{"t":"j","w":901,"h":1300},{"t":"j","w":899,"h":1300},{"t":"j","w":900,"h":1300},{"t":"j","w":896,"h":1300},{"t":"j","w":894,"h":1300},{"t":"j","w":880,"h":1300},{"t":"j","w":887,"h":1300},{"t":"j","w":894,"h":1300},{"t":"j","w":894,"h":1300},{"t":"j","w":894,"h":1300},{"t":"j","w":903,"h":1300},{"t":"j","w":894,"h":1300},{"t":"j","w":894,"h":1300},{"t":"j","w":894,"h":1300},{"t":"j","w":896,"h":1300},{"t":"j","w":894,"h":1300},{"t":"j","w":894,"h":1300},{"t":"j","w":901,"h":1300},{"t":"j","w":904,"h":1300},{"t":"j","w":901,"h":1300},{"t":"j","w":901,"h":1300},{"t":"j","w":895,"h":1300},{"t":"j","w":894,"h":1300},{"t":"j","w":910,"h":1300},{"t":"j","w":903,"h":1300},{"t":"j","w":902,"h":1300},{"t":"j","w":896,"h":1300},{"t":"j","w":894,"h":1300},{"t":"j","w":894,"h":1300},{"t":"j","w":896,"h":1300},{"t":"j","w":894,"h":1300},{"t":"j","w":894,"h":1300},{"t":"j","w":894,"h":1300},{"t":"j","w":894,"h":1300},{"t":"j","w":894,"h":1300},{"t":"j","w":894,"h":1300},{"t":"j","w":894,"h":1300},{"t":"j","w":896,"h":1300},{"t":"j","w":894,"h":1300},{"t":"j","w":908,"h":1300},{"t":"j","w":894,"h":1300},{"t":"j","w":894,"h":1300},{"t":"j","w":894,"h":1300},{"t":"j","w":894,"h":1300},{"t":"j","w":894,"h":1300},{"t":"j","w":894,"h":1300},{"t":"j","w":894,"h":1300},{"t":"j","w":894,"h":1300},{"t":"j","w":894,"h":1300},{"t":"j","w":894,"h":1300},{"t":"j","w":894,"h":1300},{"t":"j","w":894,"h":1300},{"t":"j","w":894,"h":1300},{"t":"j","w":894,"h":1300},{"t":"j","w":894,"h":1300},{"t":"j","w":894,"h":1300},{"t":"j","w":894,"h":1300},{"t":"j","w":894,"h":1300},{"t":"j","w":896,"h":1300},{"t":"j","w":894,"h":1300},{"t":"j","w":901,"h":1300},{"t":"j","w":894,"h":1300},{"t":"j","w":894,"h":1300},{"t":"j","w":894,"h":1300},{"t":"j","w":900,"h":1300}],"cover":{"t":"j","w":350,"h":506},"thumbnail":{"t":"j","w":250,"h":361}},"scanlator":"","upload_date":1403964933,"tags":[{"id":4435,"type":"tag","name":"gag","url":"/tag/gag/","count":7148},{"id":9992,"type":"group","name":"sailor q2","url":"/group/sailor-q2/","count":44},{"id":14686,"type":"artist","name":"ryou","url":"/artist/ryou/","count":8},{"id":14695,"type":"artist","name":"ozaki miray","url":"/artist/ozaki-miray/","count":252},{"id":15658,"type":"tag","name":"bondage","url":"/tag/bondage/","count":34540},{"id":16651,"type":"character","name":"ritsuko akagi","url":"/character/ritsuko-akagi/","count":209},{"id":17137,"type":"parody","name":"neon genesis evangelion","url":"/parody/neon-genesis-evangelion/","count":2492},{"id":21779,"type":"character","name":"rei ayanami","url":"/character/rei-ayanami/","count":1196},{"id":24832,"type":"character","name":"misato katsuragi","url":"/character/misato-katsuragi/","count":339},{"id":25125,"type":"character","name":"asuka langley soryu","url":"/character/asuka-langley-soryu/","count":1515},{"id":32341,"type":"tag","name":"shotacon","url":"/tag/shotacon/","count":39737},{"id":6346,"type":"language","name":"japanese","url":"/language/japanese/","count":191613},{"id":33172,"type":"category","name":"doujinshi","url":"/category/doujinshi/","count":228729},{"id":10000,"type":"character","name":"gendo ikari","url":"/character/gendo-ikari/","count":57},{"id":3206,"type":"character","name":"shinji ikari","url":"/character/shinji-ikari/","count":1231},{"id":10314,"type":"tag","name":"schoolgirl uniform","url":"/tag/schoolgirl-uniform/","count":56168},{"id":29013,"type":"tag","name":"dilf","url":"/tag/dilf/","count":15244}],"num_pages":111,"num_favorites":41}