{"id":199,"media_id":"464","title":{"english":"(C65) [HENREIKAI (Kawarajima Kou, Urushihara Satoshi)] Ayanami Club 2 (Evangelion)","japanese":"(C65) [\u7247\u52b1\u4f1a (\u304b\u308f\u3089\u3058\u307e\u6643, \u3046\u308b\u3057\u539f\u667a\u5fd7)] \u7dbe\u6ce2\u5036\u697d\u90e8\u5f10 (\u65b0\u4e16\u7d00\u30a8\u30f4\u30a1\u30f3\u30b2\u30ea\u30aa\u30f3)","pretty":"Ayanami Club 2"},"images":{"pages":[{"t":"j","w":984,"h":1400},{"t":"j","w":930,"h":1400},{"t":"j","w":1200,"h":1583},{"t":"j","w":913,"h":1400},{"t":"j","w":946,"h":1400},{"t":"j","w":932,"h":1400},{"t":"j","w":952,"h":1400},{"t":"j","w":933,"h":1400},{"t":"j","w":954,"h":1400},{"t":"j","w":936,"h":1400},{"t":"j","w":955,"h":1400},{"t":"j","w":943,"h":1400},{"t":"j","w":959,"h":1400},{"t":"j","w":945,"h":1400},{"t":"j","w":961,"h":1400},{"t":"j","w":942,"h":1400},{"t":"j","w":960,"h":1400},{"t":"j","w":941,"h":1400},{"t":"j","w":956,"h":1400},{"t":"j","w":942,"h":1400},{"t":"j","w":960,"h":1400},{"t":"j","w":934,"h":1400},{"t":"j","w":961,"h":1400},{"t":"j","w":934,"h":1400},{"t":"j","w":954,"h":1400},{"t":"j","w":934,"h":1400},{"t":"j","w":960,"h":1400},{"t":"j","w":935,"h":1400},{"t":"j","w":959,"h":1400},{"t":"j","w":934,"h":1400},{"t":"j","w":960,"h":1400},{"t":"j","w":933,"h":1400},{"t":"j","w":959,"h":1400},{"t":"j","w":937,"h":1400},{"t":"j","w":962,"h":1400},{"t":"j","w":935,"h":1400},{"t":"j","w":959,"h":1400},{"t":"j","w":937,"h":1400},{"t":"j","w":960,"h":1400},{"t":"j","w":937,"h":1400},{"t":"j","w":962,"h":1400},{"t":"j","w":975,"h":1400},{"t":"j","w":950,"h":1400},{"t":"j","w":966,"h":1400},{"t":"j","w":980,"h":1400},{"t":"j","w":938,"h":1400},{"t":"j","w":960,"h":1400},{"t":"j","w":926,"h":1400},{"t":"j","w":959,"h":1400},{"t":"j","w":928,"h":1400},{"t":"j","w":958,"h":1400},{"t":"j","w":932,"h":1400},{"t":"j","w":962,"h":1400},{"t":"j","w":940,"h":1400},{"t":"j","w":972,"h":1400},{"t":"j","w":946,"h":1400},{"t":"j","w":962,"h":1400},{"t":"j","w":942,"h":1400},{"t":"j","w":969,"h":1400},{"t":"j","w":945,"h":1400},{"t":"j","w":968,"h":1400},{"t":"j","w":948,"h":1400},{"t":"j","w":963,"h":1400},{"t":"j","w":951,"h":1400},{"t":"j","w":964,"h":1400},{"t":"j","w":947,"h":1400},{"t":"j","w":962,"h":1400},{"t":"j","w":955,"h":1400},{"t":"j","w":968,"h":1400},{"t":"j","w":952,"h":1400},{"t":"j","w":946,"h":1400},{"t":"j","w":954,"h":1400},{"t":"j","w":994,"h":1400}],"cover":{"t":"j","w":350,"h":498},"thumbnail":{"t":"j","w":250,"h":356}},"scanlator":"","upload_date":1403964939,"tags":[{"id":8378,"type":"tag","name":"glasses","url":"/tag/glasses/","count":48279},{"id":8653,"type":"tag","name":"netorare","url":"/tag/netorare/","count":16182},{"id":11248,"type":"artist","name":"kawarajima koh","url":"/artist/kawarajima-koh/","count":119},{"id":16332,"type":"character","name":"hikari horaki","url":"/character/hikari-horaki/","count":104},{"id":17137,"type":"parody","name":"neon genesis evangelion","url":"/parody/neon-genesis-evangelion/","count":2492},{"id":17749,"type":"group","name":"henreikai","url":"/group/henreikai/","count":104},{"id":21779,"type":"character","name":"rei ayanami","url":"/character/rei-ayanami/","count":1196},{"id":25125,"type":"character","name":"asuka langley soryu","url":"/character/asuka-langley-soryu/","count":1515},{"id":27553,"type":"tag","name":"rape","url":"/tag/rape/","count":34191},{"id":28550,"type":"tag","name":"teacher","url":"/tag/teacher/","count":9756},{"id":6346,"type":"language","name":"japanese","url":"/language/japanese/","count":191613},{"id":33172,"type":"category","name":"doujinshi","url":"/category/doujinshi/","count":228729},{"id":3206,"type":"character","name":"shinji ikari","url":"/character/shinji-ikari/","count":1231},{"id":50834,"type":"artist","name":"urushihara satoshi","url":"/artist/urushihara-satoshi/","count":137}],"num_pages":73,"num_favorites":123}