{"id":200,"media_id":"255","title":{"english":"(C68) [Giroutei (Shijima Yukio)] Giroutei \"Nu\" (Naruto)","japanese":"(C68) [\u5993\u697c\u4ead (\u56db\u5cf6\u7531\u7d00\u592b)] \u5993\u697c\u4ead\u300e\u306c\u300f (\u30ca\u30eb\u30c8)","pretty":"Giroutei \"Nu\""},"images":{"pages":[{"t":"j","w":1054,"h":1500},{"t":"j","w":1054,"h":1500},{"t":"j","w":1054,"h":1500},{"t":"j","w":1054,"h":1500},{"t":"j","w":1054,"h":1500},{"t":"j","w":1054,"h":1500},{"t":"j","w":1054,"h":1500},{"t":"j","w":1054,"h":1500},{"t":"j","w":1054,"h":1500},{"t":"j","w":1054,"h":1500},{"t":"j","w":1054,"h":1500},{"t":"j","w":1054,"h":1500},{"t":"j","w":1054,"h":1500},{"t":"j","w":1054,"h":1500},{"t":"j","w":1054,"h":1500},{"t":"j","w":1054,"h":1500},{"t":"j","w":1054,"h":1500},{"t":"j","w":1054,"h":1500}],"cover":{"t":"j","w":350,"h":498},"thumbnail":{"t":"j","w":250,"h":356}},"scanlator":"","upload_date":1403964941,"tags":[{"id":2937,"type":"tag","name":"big breasts","url":"/tag/big-breasts/","count":103273},{"id":7307,"type":"group","name":"giroutei","url":"/group/giroutei/","count":22},{"id":7384,"type":"artist","name":"shijima yukio","url":"/artist/shijima-yukio/","count":124},{"id":11920,"type":"character","name":"sakura haruno","url":"/character/sakura-haruno/","count":479},{"id":13159,"type":"parody","name":"naruto","url":"/parody/naruto/","count":1267},{"id":14801,"type":"character","name":"temari","url":"/character/temari/","count":86},{"id":19954,"type":"tag","name":"yuri","url":"/tag/yuri/","count":20241},{"id":24102,"type":"tag","name":"lactation","url":"/tag/lactation/","count":11870},{"id":28426,"type":"tag","name":"hairy armpits","url":"/tag/hairy-armpits/","count":2541},{"id":6346,"type":"language","name":"japanese","url":"/language/japanese/","count":191613},{"id":33172,"type":"category","name":"doujinshi","url":"/category/doujinshi/","count":228729},{"id":8050,"type":"tag","name":"females only","url":"/tag/females-only/","count":8656},{"id":23632,"type":"tag","name":"big areolae","url":"/tag/big-areolae/","count":3515}],"num_pages":18,"num_favorites":100}