[{"id":196,"title":"Soleil","tags":["shinji ikari","asanagi aoi","mayumi yamagishi","glasses","masturbation","ritsuko akagi","neon genesis evangelion","lolicon","rei ayanami","misato katsuragi","asuka langley soryu","yui ikari","chimatsuriya honpo","japanese","doujinshi","gendo ikari"],"page":98},{"id":195,"title":"Rare Cheese Crepe half","tags":["sundress","chaho","neon genesis evangelion","natsuki kotoe","stockings","asuka langley soryu","japanese","doujinshi","sole female","full censorship"],"page":16},{"id":194,"title":"Milcrepe","tags":["chaho","neon genesis evangelion","izurumi","natsuki kotoe","asuka langley soryu","japanese","doujinshi","full censorship"],"page":17},{"id":193,"title":"Houkago no Taiiku Souko","tags":["rei do","neon genesis evangelion","asuka langley soryu","rape","collar","japanese","doujinshi","group","sole female","schoolboy uniform"],"page":29},{"id":192,"title":"Slow Step","tags":["maid","futanari","bdsm","swimsuit","miko","group","glasses","flavor graphics","english","mizui kaou","nakadashi","sleeping","translated","lolicon","x-ray","defloration","drugs","incest","tankoubon","chloroform","bukkake","rape","sister","bloomers","school swimsuit","manga","schoolgirl uniform","dickgirl on dickgirl","dick growth","frottage"],"page":187},{"id":191,"title":"EDEN","tags":["big breasts","shinji ikari","sakai hamachi","kohakutei","neon genesis evangelion","rei ayanami","bodysuit","asuka langley soryu","japanese","doujinshi","schoolgirl uniform","multi-work series","nakadashi","x-ray"],"page":34},{"id":200,"title":"Giroutei \"Nu\"","tags":["big breasts","giroutei","shijima yukio","sakura haruno","naruto","temari","yuri","lactation","hairy armpits","japanese","doujinshi","females only","big areolae"],"page":18},{"id":199,"title":"Ayanami Club 2","tags":["glasses","netorare","kawarajima koh","hikari horaki","neon genesis evangelion","henreikai","rei ayanami","asuka langley soryu","rape","teacher","japanese","doujinshi","shinji ikari","urushihara satoshi"],"page":73},{"id":198,"title":"Ayanami Club Ichi","tags":["group","kawarajima koh","hikari horaki","neon genesis evangelion","henreikai","rei ayanami","lucretia","rape","japanese","doujinshi","shinji ikari","schoolgirl uniform","nakadashi","urushihara satoshi"],"page":91},{"id":197,"title":"Ijiwaruna Tenshi yo Sekai wo Warae - Panic Attack in Sailor Q2 2000","tags":["gag","sailor q2","ryou","ozaki miray","bondage","ritsuko akagi","neon genesis evangelion","rei ayanami","misato katsuragi","asuka langley soryu","shotacon","japanese","doujinshi","gendo ikari","shinji ikari","schoolgirl uniform","dilf"],"page":111}]