{"id":46,"media_id":"824","title":{"english":"[Anthology] ANGELic IMPACT NUMBER 05 - Shinji Jutai Kokuchi Hen (Neon Genesis Evangelion)","japanese":"[\u30a2\u30f3\u30bd\u30ed\u30b8\u30fc] \u30a8\u30f3\u30b8\u30a7\u30ea\u30c3\u30af\u30fb\u30a4\u30f3\u30d1\u30af\u30c8 NUMBER 05 \u30b7\u30f3\u30b8/\u53d7\u80ce\u544a\u77e5\u7bc7 (\u65b0\u4e16\u7d00\u30a8\u30f4\u30a1\u30f3\u30b2\u30ea\u30aa\u30f3)","pretty":"ANGELic IMPACT NUMBER 05 - Shinji Jutai Kokuchi Hen"},"images":{"pages":[{"t":"j","w":914,"h":1230},{"t":"j","w":889,"h":1223},{"t":"j","w":889,"h":1223},{"t":"j","w":889,"h":1223},{"t":"j","w":889,"h":1223},{"t":"j","w":889,"h":1223},{"t":"j","w":889,"h":1223},{"t":"j","w":889,"h":1223},{"t":"j","w":889,"h":1223},{"t":"j","w":889,"h":1223},{"t":"j","w":889,"h":1223},{"t":"j","w":889,"h":1223},{"t":"j","w":889,"h":1223},{"t":"j","w":889,"h":1223},{"t":"j","w":889,"h":1223},{"t":"j","w":889,"h":1223},{"t":"j","w":889,"h":1223},{"t":"j","w":889,"h":1223},{"t":"j","w":889,"h":1223},{"t":"j","w":889,"h":1223},{"t":"j","w":889,"h":1223},{"t":"j","w":889,"h":1223},{"t":"j","w":889,"h":1223},{"t":"j","w":889,"h":1223},{"t":"j","w":889,"h":1223},{"t":"j","w":889,"h":1223},{"t":"j","w":889,"h":1223},{"t":"j","w":889,"h":1223},{"t":"j","w":889,"h":1223},{"t":"j","w":889,"h":1223},{"t":"j","w":889,"h":1223},{"t":"j","w":889,"h":1223},{"t":"j","w":889,"h":1223},{"t":"j","w":889,"h":1223},{"t":"j","w":889,"h":1223},{"t":"j","w":889,"h":1223},{"t":"j","w":889,"h":1223},{"t":"j","w":889,"h":1223},{"t":"j","w":889,"h":1223},{"t":"j","w":889,"h":1223},{"t":"j","w":889,"h":1223},{"t":"j","w":889,"h":1223},{"t":"j","w":889,"h":1223},{"t":"j","w":889,"h":1223},{"t":"j","w":889,"h":1223},{"t":"j","w":889,"h":1223},{"t":"j","w":889,"h":1223},{"t":"j","w":889,"h":1223},{"t":"j","w":889,"h":1223},{"t":"j","w":889,"h":1223},{"t":"j","w":889,"h":1223},{"t":"j","w":889,"h":1223},{"t":"j","w":889,"h":1223},{"t":"j","w":889,"h":1223},{"t":"j","w":889,"h":1223},{"t":"j","w":889,"h":1223},{"t":"j","w":889,"h":1223},{"t":"j","w":889,"h":1223},{"t":"j","w":889,"h":1223},{"t":"j","w":889,"h":1223},{"t":"j","w":889,"h":1223},{"t":"j","w":889,"h":1223},{"t":"j","w":889,"h":1223},{"t":"j","w":889,"h":1223},{"t":"j","w":889,"h":1223},{"t":"j","w":889,"h":1223},{"t":"j","w":889,"h":1223},{"t":"j","w":889,"h":1223},{"t":"j","w":889,"h":1223},{"t":"j","w":889,"h":1223},{"t":"j","w":889,"h":1223},{"t":"j","w":889,"h":1223},{"t":"j","w":889,"h":1223},{"t":"j","w":889,"h":1223},{"t":"j","w":889,"h":1223},{"t":"j","w":889,"h":1223},{"t":"j","w":889,"h":1223},{"t":"j","w":889,"h":1223},{"t":"j","w":889,"h":1223},{"t":"j","w":889,"h":1223},{"t":"j","w":889,"h":1223},{"t":"j","w":889,"h":1223},{"t":"j","w":889,"h":1223},{"t":"j","w":889,"h":1223},{"t":"j","w":889,"h":1223},{"t":"j","w":889,"h":1223},{"t":"j","w":889,"h":1223},{"t":"j","w":889,"h":1223},{"t":"j","w":889,"h":1223},{"t":"j","w":889,"h":1223},{"t":"j","w":889,"h":1223},{"t":"j","w":889,"h":1223},{"t":"j","w":889,"h":1223},{"t":"j","w":889,"h":1223},{"t":"j","w":889,"h":1223},{"t":"j","w":889,"h":1223},{"t":"j","w":889,"h":1223},{"t":"j","w":889,"h":1223},{"t":"j","w":873,"h":1230},{"t":"j","w":889,"h":1223},{"t":"j","w":889,"h":1223},{"t":"j","w":889,"h":1223},{"t":"j","w":889,"h":1223},{"t":"j","w":889,"h":1223},{"t":"j","w":889,"h":1223},{"t":"j","w":889,"h":1223},{"t":"j","w":889,"h":1223},{"t":"j","w":889,"h":1223},{"t":"j","w":889,"h":1223},{"t":"j","w":889,"h":1223},{"t":"j","w":889,"h":1223},{"t":"j","w":889,"h":1223},{"t":"j","w":889,"h":1223},{"t":"j","w":889,"h":1223},{"t":"j","w":889,"h":1223},{"t":"j","w":889,"h":1223},{"t":"j","w":889,"h":1223},{"t":"j","w":889,"h":1223},{"t":"j","w":889,"h":1223},{"t":"j","w":889,"h":1223},{"t":"j","w":889,"h":1223},{"t":"j","w":889,"h":1223},{"t":"j","w":889,"h":1223},{"t":"j","w":889,"h":1223},{"t":"j","w":889,"h":1223},{"t":"j","w":889,"h":1223},{"t":"j","w":889,"h":1223},{"t":"j","w":889,"h":1223},{"t":"j","w":889,"h":1223},{"t":"j","w":889,"h":1223},{"t":"j","w":889,"h":1223},{"t":"j","w":889,"h":1223},{"t":"j","w":889,"h":1223},{"t":"j","w":889,"h":1223},{"t":"j","w":889,"h":1223},{"t":"j","w":889,"h":1223},{"t":"j","w":889,"h":1223},{"t":"j","w":889,"h":1223},{"t":"j","w":889,"h":1223},{"t":"j","w":889,"h":1223},{"t":"j","w":889,"h":1223},{"t":"j","w":889,"h":1223},{"t":"j","w":889,"h":1223},{"t":"j","w":889,"h":1223},{"t":"j","w":889,"h":1223},{"t":"j","w":889,"h":1223},{"t":"j","w":889,"h":1223},{"t":"j","w":889,"h":1223},{"t":"j","w":889,"h":1223},{"t":"j","w":889,"h":1223},{"t":"j","w":889,"h":1223},{"t":"j","w":889,"h":1223},{"t":"j","w":889,"h":1223},{"t":"j","w":889,"h":1223},{"t":"j","w":889,"h":1223},{"t":"j","w":889,"h":1223},{"t":"j","w":889,"h":1223},{"t":"j","w":889,"h":1223},{"t":"j","w":889,"h":1223},{"t":"j","w":889,"h":1223},{"t":"j","w":889,"h":1223},{"t":"j","w":889,"h":1223},{"t":"j","w":889,"h":1223},{"t":"j","w":889,"h":1223},{"t":"j","w":889,"h":1223},{"t":"j","w":889,"h":1223},{"t":"j","w":889,"h":1223},{"t":"j","w":889,"h":1223},{"t":"j","w":889,"h":1223},{"t":"j","w":889,"h":1223},{"t":"j","w":889,"h":1223},{"t":"j","w":889,"h":1223},{"t":"j","w":889,"h":1223},{"t":"j","w":889,"h":1223},{"t":"j","w":889,"h":1223},{"t":"j","w":889,"h":1223},{"t":"j","w":889,"h":1223},{"t":"j","w":889,"h":1223},{"t":"j","w":889,"h":1223},{"t":"j","w":889,"h":1223},{"t":"j","w":889,"h":1223},{"t":"j","w":889,"h":1223},{"t":"j","w":889,"h":1223},{"t":"j","w":889,"h":1223},{"t":"j","w":889,"h":1223},{"t":"j","w":889,"h":1223},{"t":"j","w":889,"h":1223},{"t":"j","w":889,"h":1223},{"t":"j","w":889,"h":1223},{"t":"j","w":889,"h":1223},{"t":"j","w":889,"h":1223},{"t":"j","w":889,"h":1223},{"t":"j","w":889,"h":1223},{"t":"j","w":1025,"h":1234}],"cover":{"t":"j","w":350,"h":471},"thumbnail":{"t":"j","w":250,"h":336}},"scanlator":"","upload_date":1403964756,"tags":[{"id":3206,"type":"character","name":"shinji ikari","url":"/character/shinji-ikari/","count":1231},{"id":8010,"type":"tag","name":"group","url":"/tag/group/","count":72839},{"id":10988,"type":"tag","name":"anthology","url":"/tag/anthology/","count":10400},{"id":16332,"type":"character","name":"hikari horaki","url":"/character/hikari-horaki/","count":104},{"id":17137,"type":"parody","name":"neon genesis evangelion","url":"/parody/neon-genesis-evangelion/","count":2492},{"id":19954,"type":"tag","name":"yuri","url":"/tag/yuri/","count":20411},{"id":21779,"type":"character","name":"rei ayanami","url":"/character/rei-ayanami/","count":1196},{"id":24832,"type":"character","name":"misato katsuragi","url":"/character/misato-katsuragi/","count":339},{"id":25125,"type":"character","name":"asuka langley soryu","url":"/character/asuka-langley-soryu/","count":1515},{"id":6346,"type":"language","name":"japanese","url":"/language/japanese/","count":193003},{"id":33173,"type":"category","name":"manga","url":"/category/manga/","count":77855},{"id":10314,"type":"tag","name":"schoolgirl uniform","url":"/tag/schoolgirl-uniform/","count":56614},{"id":7752,"type":"tag","name":"schoolboy uniform","url":"/tag/schoolboy-uniform/","count":12400},{"id":10489,"type":"artist","name":"rocket kyoudai","url":"/artist/rocket-kyoudai/","count":38},{"id":18708,"type":"artist","name":"takekawa ao","url":"/artist/takekawa-ao/","count":3},{"id":9780,"type":"artist","name":"fujiya yoshiko","url":"/artist/fujiya-yoshiko/","count":7},{"id":3156,"type":"artist","name":"amou mari","url":"/artist/amou-mari/","count":63},{"id":53292,"type":"artist","name":"gin kemeko","url":"/artist/gin-kemeko/","count":7},{"id":15149,"type":"artist","name":"yamino yomiko","url":"/artist/yamino-yomiko/","count":2},{"id":27007,"type":"artist","name":"sakuratsuki rin","url":"/artist/sakuratsuki-rin/","count":14},{"id":62099,"type":"artist","name":"sawaki","url":"/artist/sawaki/","count":7},{"id":31755,"type":"artist","name":"zaou taishi","url":"/artist/zaou-taishi/","count":28}],"num_pages":194,"num_favorites":37}