{"id":47,"media_id":"831","title":{"english":"[Anthology] ANGELic IMPACT NUMBER 07 - Fukkatsu!! Asuka Hen (Neon Genesis Evangelion)","japanese":"[\u30a2\u30f3\u30bd\u30ed\u30b8\u30fc] \u30a8\u30f3\u30b8\u30a7\u30ea\u30c3\u30af\u30fb\u30a4\u30f3\u30d1\u30af\u30c8 NUMBER 07 \u5fa9\u6d3b!!\u30a2\u30b9\u30ab\u7bc7 (\u65b0\u4e16\u7d00\u30a8\u30f4\u30a1\u30f3\u30b2\u30ea\u30aa\u30f3)","pretty":"ANGELic IMPACT NUMBER 07 - Fukkatsu!! Asuka Hen"},"images":{"pages":[{"t":"j","w":857,"h":1200},{"t":"j","w":834,"h":1230},{"t":"j","w":815,"h":1230},{"t":"j","w":834,"h":1230},{"t":"j","w":838,"h":1230},{"t":"j","w":838,"h":1230},{"t":"j","w":798,"h":1230},{"t":"j","w":827,"h":1230},{"t":"j","w":838,"h":1230},{"t":"j","w":818,"h":1230},{"t":"j","w":838,"h":1230},{"t":"j","w":772,"h":1230},{"t":"j","w":842,"h":1230},{"t":"j","w":846,"h":1230},{"t":"j","w":850,"h":1230},{"t":"j","w":830,"h":1230},{"t":"j","w":858,"h":1230},{"t":"j","w":811,"h":1230},{"t":"j","w":850,"h":1230},{"t":"j","w":820,"h":1238},{"t":"j","w":845,"h":1238},{"t":"j","w":831,"h":1238},{"t":"j","w":856,"h":1238},{"t":"j","w":831,"h":1238},{"t":"j","w":831,"h":1238},{"t":"j","w":825,"h":1238},{"t":"j","w":854,"h":1238},{"t":"j","w":816,"h":1238},{"t":"j","w":834,"h":1238},{"t":"j","w":816,"h":1238},{"t":"j","w":845,"h":1238},{"t":"j","w":830,"h":1238},{"t":"j","w":846,"h":1238},{"t":"j","w":830,"h":1238},{"t":"j","w":818,"h":1238},{"t":"j","w":838,"h":1238},{"t":"j","w":795,"h":1238},{"t":"j","w":830,"h":1238},{"t":"j","w":850,"h":1238},{"t":"j","w":834,"h":1242},{"t":"j","w":845,"h":1242},{"t":"j","w":816,"h":1242},{"t":"j","w":838,"h":1242},{"t":"j","w":830,"h":1242},{"t":"j","w":818,"h":1242},{"t":"j","w":800,"h":1242},{"t":"j","w":836,"h":1242},{"t":"j","w":822,"h":1246},{"t":"j","w":825,"h":1246},{"t":"j","w":815,"h":1246},{"t":"j","w":825,"h":1246},{"t":"j","w":820,"h":1242},{"t":"j","w":805,"h":1242},{"t":"j","w":809,"h":1242},{"t":"j","w":823,"h":1242},{"t":"j","w":804,"h":1242},{"t":"j","w":827,"h":1242},{"t":"j","w":834,"h":1242},{"t":"j","w":830,"h":1242},{"t":"j","w":823,"h":1242},{"t":"j","w":784,"h":1242},{"t":"j","w":811,"h":1242},{"t":"j","w":827,"h":1242},{"t":"j","w":834,"h":1242},{"t":"j","w":827,"h":1242},{"t":"j","w":841,"h":1242},{"t":"j","w":798,"h":1242},{"t":"j","w":822,"h":1246},{"t":"j","w":845,"h":1246},{"t":"j","w":849,"h":1246},{"t":"j","w":793,"h":1204},{"t":"j","w":783,"h":1246},{"t":"j","w":855,"h":1246},{"t":"j","w":817,"h":1246},{"t":"j","w":842,"h":1246},{"t":"j","w":839,"h":1246},{"t":"j","w":796,"h":1246},{"t":"j","w":814,"h":1202},{"t":"j","w":782,"h":1185},{"t":"j","w":828,"h":1238},{"t":"j","w":767,"h":1188},{"t":"j","w":842,"h":1238},{"t":"j","w":849,"h":1238},{"t":"j","w":785,"h":1238},{"t":"j","w":851,"h":1176},{"t":"j","w":804,"h":1238},{"t":"j","w":828,"h":1238},{"t":"j","w":825,"h":1238},{"t":"j","w":816,"h":1194},{"t":"j","w":810,"h":1238},{"t":"j","w":837,"h":1238},{"t":"j","w":831,"h":1238},{"t":"j","w":825,"h":1215},{"t":"j","w":813,"h":1238},{"t":"j","w":819,"h":1238},{"t":"j","w":813,"h":1238},{"t":"j","w":854,"h":1194},{"t":"j","w":819,"h":1238},{"t":"j","w":819,"h":1238},{"t":"j","w":837,"h":1238},{"t":"j","w":844,"h":1238},{"t":"j","w":831,"h":1238},{"t":"j","w":846,"h":1238},{"t":"j","w":774,"h":1238},{"t":"j","w":821,"h":1238},{"t":"j","w":806,"h":1238},{"t":"j","w":857,"h":1238},{"t":"j","w":820,"h":1242},{"t":"j","w":842,"h":1242},{"t":"j","w":822,"h":1242},{"t":"j","w":845,"h":1206},{"t":"j","w":825,"h":1242},{"t":"j","w":852,"h":1242},{"t":"j","w":835,"h":1242},{"t":"j","w":831,"h":1242},{"t":"j","w":825,"h":1242},{"t":"j","w":825,"h":1242},{"t":"j","w":822,"h":1242},{"t":"j","w":842,"h":1242},{"t":"j","w":831,"h":1242},{"t":"j","w":835,"h":1242},{"t":"j","w":822,"h":1242},{"t":"j","w":822,"h":1200},{"t":"j","w":825,"h":1242},{"t":"j","w":816,"h":1242},{"t":"j","w":810,"h":1242},{"t":"j","w":845,"h":1242},{"t":"j","w":810,"h":1242},{"t":"j","w":827,"h":1242},{"t":"j","w":809,"h":1242},{"t":"j","w":812,"h":1242},{"t":"j","w":831,"h":1242},{"t":"j","w":825,"h":1242},{"t":"j","w":1200,"h":888},{"t":"j","w":1200,"h":888},{"t":"j","w":838,"h":1242},{"t":"j","w":828,"h":1242},{"t":"j","w":838,"h":1242},{"t":"j","w":819,"h":1242},{"t":"j","w":1200,"h":888},{"t":"j","w":847,"h":1242},{"t":"j","w":819,"h":1242},{"t":"j","w":834,"h":1242},{"t":"j","w":787,"h":1242},{"t":"j","w":1200,"h":888},{"t":"j","w":853,"h":1242},{"t":"j","w":834,"h":1242},{"t":"j","w":831,"h":1242},{"t":"j","w":834,"h":1200},{"t":"j","w":842,"h":1242},{"t":"j","w":834,"h":1242},{"t":"j","w":822,"h":1242},{"t":"j","w":832,"h":1242},{"t":"j","w":853,"h":1242},{"t":"j","w":838,"h":1242},{"t":"j","w":867,"h":1242},{"t":"j","w":816,"h":1242},{"t":"j","w":849,"h":1242},{"t":"j","w":827,"h":1242},{"t":"j","w":849,"h":1242},{"t":"j","w":824,"h":1242},{"t":"j","w":848,"h":1242},{"t":"j","w":799,"h":1242},{"t":"j","w":845,"h":1242},{"t":"j","w":813,"h":1242},{"t":"j","w":849,"h":1242},{"t":"j","w":835,"h":1242},{"t":"j","w":845,"h":1242},{"t":"j","w":813,"h":1242},{"t":"j","w":824,"h":1242},{"t":"j","w":824,"h":1242},{"t":"j","w":816,"h":1242},{"t":"j","w":813,"h":1242},{"t":"j","w":828,"h":1242},{"t":"j","w":792,"h":1242},{"t":"j","w":824,"h":1242},{"t":"j","w":820,"h":1242},{"t":"j","w":860,"h":1242},{"t":"j","w":798,"h":1242},{"t":"j","w":838,"h":1242},{"t":"j","w":812,"h":1242},{"t":"j","w":827,"h":1242},{"t":"j","w":820,"h":1242},{"t":"j","w":828,"h":1242},{"t":"j","w":799,"h":1242},{"t":"j","w":838,"h":1242},{"t":"j","w":789,"h":1242},{"t":"j","w":845,"h":1200}],"cover":{"t":"j","w":350,"h":490},"thumbnail":{"t":"j","w":250,"h":350}},"scanlator":"","upload_date":1403964757,"tags":[{"id":3206,"type":"character","name":"shinji ikari","url":"/character/shinji-ikari/","count":1310},{"id":6346,"type":"language","name":"japanese","url":"/language/japanese/","count":213997},{"id":8010,"type":"tag","name":"group","url":"/tag/group/","count":82812},{"id":10314,"type":"tag","name":"schoolgirl uniform","url":"/tag/schoolgirl-uniform/","count":63632},{"id":10988,"type":"tag","name":"anthology","url":"/tag/anthology/","count":11300},{"id":17137,"type":"parody","name":"neon genesis evangelion","url":"/parody/neon-genesis-evangelion/","count":2654},{"id":18065,"type":"artist","name":"gran","url":"/artist/gran/","count":9},{"id":19954,"type":"tag","name":"yuri","url":"/tag/yuri/","count":22948},{"id":21779,"type":"character","name":"rei ayanami","url":"/character/rei-ayanami/","count":1276},{"id":24533,"type":"group","name":"peppy angel","url":"/group/peppy-angel/","count":5},{"id":24832,"type":"character","name":"misato katsuragi","url":"/character/misato-katsuragi/","count":355},{"id":25125,"type":"character","name":"asuka langley soryu","url":"/character/asuka-langley-soryu/","count":1622},{"id":26048,"type":"artist","name":"nago k","url":"/artist/nago-k/","count":25},{"id":27007,"type":"artist","name":"sakuratsuki rin","url":"/artist/sakuratsuki-rin/","count":14},{"id":27553,"type":"tag","name":"rape","url":"/tag/rape/","count":39833},{"id":27940,"type":"group","name":"studio boxer","url":"/group/studio-boxer/","count":44},{"id":33173,"type":"category","name":"manga","url":"/category/manga/","count":93618}],"num_pages":188,"num_favorites":41}