{"id":48,"media_id":"832","title":{"english":"[Anthology] ANGELic IMPACT NUMBER 08 - Shingen Hen (Neon Genesis Evangelion)","japanese":"[\u30a2\u30f3\u30bd\u30ed\u30b8\u30fc] \u30a8\u30f3\u30b8\u30a7\u30ea\u30c3\u30af\u30fb\u30a4\u30f3\u30d1\u30af\u30c8 NUMBER 08 \u7bb4\u8a00-\u3057\u3093\u3052\u3093-\u7bc7 (\u65b0\u4e16\u7d00\u30a8\u30f4\u30a1\u30f3\u30b2\u30ea\u30aa\u30f3)","pretty":"ANGELic IMPACT NUMBER 08 - Shingen Hen"},"images":{"pages":[{"t":"j","w":848,"h":1200},{"t":"j","w":841,"h":1238},{"t":"j","w":831,"h":1238},{"t":"j","w":837,"h":1238},{"t":"j","w":841,"h":1238},{"t":"j","w":820,"h":1238},{"t":"j","w":846,"h":1238},{"t":"j","w":824,"h":1238},{"t":"j","w":834,"h":1238},{"t":"j","w":837,"h":1238},{"t":"j","w":841,"h":1238},{"t":"j","w":815,"h":1238},{"t":"j","w":862,"h":1238},{"t":"j","w":837,"h":1238},{"t":"j","w":779,"h":1238},{"t":"j","w":831,"h":1238},{"t":"j","w":799,"h":1238},{"t":"j","w":821,"h":1238},{"t":"j","w":791,"h":1238},{"t":"j","w":821,"h":1238},{"t":"j","w":801,"h":1189},{"t":"j","w":831,"h":1238},{"t":"j","w":802,"h":1238},{"t":"j","w":828,"h":1238},{"t":"j","w":828,"h":1238},{"t":"j","w":835,"h":1238},{"t":"j","w":849,"h":1177},{"t":"j","w":831,"h":1238},{"t":"j","w":824,"h":1238},{"t":"j","w":838,"h":1238},{"t":"j","w":846,"h":1238},{"t":"j","w":824,"h":1238},{"t":"j","w":853,"h":1238},{"t":"j","w":827,"h":1242},{"t":"j","w":849,"h":1242},{"t":"j","w":838,"h":1242},{"t":"j","w":849,"h":1242},{"t":"j","w":838,"h":1242},{"t":"j","w":853,"h":1242},{"t":"j","w":828,"h":1242},{"t":"j","w":845,"h":1242},{"t":"j","w":845,"h":1242},{"t":"j","w":838,"h":1242},{"t":"j","w":828,"h":1242},{"t":"j","w":848,"h":1242},{"t":"j","w":835,"h":1242},{"t":"j","w":853,"h":1242},{"t":"j","w":824,"h":1242},{"t":"j","w":842,"h":1242},{"t":"j","w":825,"h":1242},{"t":"j","w":802,"h":1242},{"t":"j","w":837,"h":1234},{"t":"j","w":851,"h":1234},{"t":"j","w":825,"h":1234},{"t":"j","w":816,"h":1184},{"t":"j","w":772,"h":1199},{"t":"j","w":816,"h":1184},{"t":"j","w":814,"h":1234},{"t":"j","w":811,"h":1234},{"t":"j","w":822,"h":1234},{"t":"j","w":828,"h":1234},{"t":"j","w":846,"h":1234},{"t":"j","w":835,"h":1187},{"t":"j","w":763,"h":1184},{"t":"j","w":828,"h":1234},{"t":"j","w":853,"h":1234},{"t":"j","w":839,"h":1234},{"t":"j","w":849,"h":1187},{"t":"j","w":853,"h":1234},{"t":"j","w":834,"h":1234},{"t":"j","w":834,"h":1234},{"t":"j","w":821,"h":1234},{"t":"j","w":782,"h":1199},{"t":"j","w":789,"h":1234},{"t":"j","w":755,"h":1234},{"t":"j","w":778,"h":1234},{"t":"j","w":851,"h":1234},{"t":"j","w":818,"h":1234},{"t":"j","w":834,"h":1234},{"t":"j","w":837,"h":1234},{"t":"j","w":808,"h":1234},{"t":"j","w":792,"h":1187},{"t":"j","w":824,"h":1183},{"t":"j","w":824,"h":1234},{"t":"j","w":846,"h":1234},{"t":"j","w":821,"h":1195},{"t":"j","w":801,"h":1185},{"t":"j","w":795,"h":1188},{"t":"j","w":781,"h":1139},{"t":"j","w":834,"h":1192},{"t":"j","w":818,"h":1192},{"t":"j","w":828,"h":1234},{"t":"j","w":824,"h":1147},{"t":"j","w":860,"h":1234},{"t":"j","w":824,"h":1159},{"t":"j","w":799,"h":1188},{"t":"j","w":857,"h":1202},{"t":"j","w":834,"h":1234},{"t":"j","w":808,"h":1188},{"t":"j","w":834,"h":1202},{"t":"j","w":822,"h":1234},{"t":"j","w":839,"h":1234},{"t":"j","w":839,"h":1234},{"t":"j","w":766,"h":1122},{"t":"j","w":840,"h":1234},{"t":"j","w":837,"h":1234},{"t":"j","w":848,"h":1234},{"t":"j","w":840,"h":1234},{"t":"j","w":834,"h":1234},{"t":"j","w":806,"h":1234},{"t":"j","w":831,"h":1234},{"t":"j","w":844,"h":1234},{"t":"j","w":847,"h":1234},{"t":"j","w":831,"h":1234},{"t":"j","w":837,"h":1234},{"t":"j","w":849,"h":1234},{"t":"j","w":849,"h":1234},{"t":"j","w":840,"h":1234},{"t":"j","w":845,"h":1234},{"t":"j","w":842,"h":1234},{"t":"j","w":842,"h":1234},{"t":"j","w":831,"h":1234},{"t":"j","w":814,"h":1234},{"t":"j","w":805,"h":1234},{"t":"j","w":828,"h":1234},{"t":"j","w":837,"h":1234},{"t":"j","w":808,"h":1234},{"t":"j","w":837,"h":1234},{"t":"j","w":828,"h":1234},{"t":"j","w":837,"h":1234},{"t":"j","w":834,"h":1234},{"t":"j","w":834,"h":1234},{"t":"j","w":844,"h":1234},{"t":"j","w":831,"h":1234},{"t":"j","w":837,"h":1234},{"t":"j","w":796,"h":1234},{"t":"j","w":787,"h":1172},{"t":"j","w":839,"h":1234},{"t":"j","w":846,"h":1234},{"t":"j","w":819,"h":1234},{"t":"j","w":839,"h":1234},{"t":"j","w":837,"h":1234},{"t":"j","w":841,"h":1234},{"t":"j","w":834,"h":1234},{"t":"j","w":831,"h":1234},{"t":"j","w":834,"h":1234},{"t":"j","w":860,"h":1234},{"t":"j","w":822,"h":1234},{"t":"j","w":851,"h":1234},{"t":"j","w":846,"h":1234},{"t":"j","w":820,"h":1234},{"t":"j","w":828,"h":1234},{"t":"j","w":828,"h":1234},{"t":"j","w":854,"h":1234},{"t":"j","w":808,"h":1234},{"t":"j","w":844,"h":1234},{"t":"j","w":766,"h":1195},{"t":"j","w":784,"h":1187},{"t":"j","w":775,"h":1199},{"t":"j","w":807,"h":1234},{"t":"j","w":766,"h":1184},{"t":"j","w":778,"h":1196},{"t":"j","w":754,"h":1187},{"t":"j","w":813,"h":1234},{"t":"j","w":757,"h":1193},{"t":"j","w":818,"h":1234},{"t":"j","w":762,"h":1188},{"t":"j","w":811,"h":1234},{"t":"j","w":811,"h":1234},{"t":"j","w":831,"h":1234},{"t":"j","w":752,"h":1234},{"t":"j","w":763,"h":1208},{"t":"j","w":805,"h":1178},{"t":"j","w":837,"h":1234},{"t":"j","w":843,"h":1234},{"t":"j","w":834,"h":1234},{"t":"j","w":828,"h":1234},{"t":"j","w":810,"h":1234},{"t":"j","w":848,"h":1234},{"t":"j","w":822,"h":1234},{"t":"j","w":825,"h":1234},{"t":"j","w":822,"h":1234},{"t":"j","w":807,"h":1234},{"t":"j","w":831,"h":1234},{"t":"j","w":825,"h":1234},{"t":"j","w":819,"h":1234},{"t":"j","w":851,"h":1234},{"t":"j","w":821,"h":1234},{"t":"j","w":860,"h":1234},{"t":"j","w":828,"h":1234},{"t":"j","w":629,"h":1158},{"t":"j","w":846,"h":1200}],"cover":{"t":"j","w":350,"h":495},"thumbnail":{"t":"j","w":250,"h":354}},"scanlator":"","upload_date":1403964759,"tags":[{"id":3554,"type":"group","name":"ys company","url":"/group/ys-company/","count":5},{"id":6346,"type":"language","name":"japanese","url":"/language/japanese/","count":213995},{"id":7752,"type":"tag","name":"schoolboy uniform","url":"/tag/schoolboy-uniform/","count":14224},{"id":8010,"type":"tag","name":"group","url":"/tag/group/","count":82812},{"id":10314,"type":"tag","name":"schoolgirl uniform","url":"/tag/schoolgirl-uniform/","count":63631},{"id":10988,"type":"tag","name":"anthology","url":"/tag/anthology/","count":11300},{"id":11665,"type":"character","name":"kaworu nagisa","url":"/character/kaworu-nagisa/","count":235},{"id":16332,"type":"character","name":"hikari horaki","url":"/character/hikari-horaki/","count":109},{"id":16651,"type":"character","name":"ritsuko akagi","url":"/character/ritsuko-akagi/","count":217},{"id":17137,"type":"parody","name":"neon genesis evangelion","url":"/parody/neon-genesis-evangelion/","count":2654},{"id":17274,"type":"group","name":"ehoba","url":"/group/ehoba/","count":5},{"id":21779,"type":"character","name":"rei ayanami","url":"/character/rei-ayanami/","count":1276},{"id":24832,"type":"character","name":"misato katsuragi","url":"/character/misato-katsuragi/","count":355},{"id":24989,"type":"artist","name":"kouno yukiyo","url":"/artist/kouno-yukiyo/","count":67},{"id":25125,"type":"character","name":"asuka langley soryu","url":"/character/asuka-langley-soryu/","count":1622},{"id":26048,"type":"artist","name":"nago k","url":"/artist/nago-k/","count":25},{"id":27553,"type":"tag","name":"rape","url":"/tag/rape/","count":39833},{"id":30661,"type":"artist","name":"tamahara takapon","url":"/artist/tamahara-takapon/","count":5},{"id":30812,"type":"artist","name":"toono gurita","url":"/artist/toono-gurita/","count":3},{"id":31755,"type":"artist","name":"zaou taishi","url":"/artist/zaou-taishi/","count":30},{"id":33027,"type":"artist","name":"araki you","url":"/artist/araki-you/","count":16},{"id":33030,"type":"artist","name":"kawamoto takahiro","url":"/artist/kawamoto-takahiro/","count":36},{"id":33173,"type":"category","name":"manga","url":"/category/manga/","count":93617}],"num_pages":192,"num_favorites":41}