{"id":"49","media_id":"833","title":{"english":"[Anthology] ANGELic IMPACT NUMBER 09 - Saisei Hen (Neon Genesis Evangelion)","japanese":"[\u30a2\u30f3\u30bd\u30ed\u30b8\u30fc] \u30a8\u30f3\u30b8\u30a7\u30ea\u30c3\u30af\u30fb\u30a4\u30f3\u30d1\u30af\u30c8 NUMBER 09 \u518d\u751f\u7bc7 (\u65b0\u4e16\u7d00\u30a8\u30f4\u30a1\u30f3\u30b2\u30ea\u30aa\u30f3)","pretty":"ANGELic IMPACT NUMBER 09 - Saisei Hen"},"images":{"pages":[{"t":"j","w":847,"h":1200},{"t":"j","w":849,"h":1238},{"t":"j","w":835,"h":1238},{"t":"j","w":1200,"h":885},{"t":"j","w":1200,"h":885},{"t":"j","w":842,"h":1238},{"t":"j","w":825,"h":1238},{"t":"j","w":838,"h":1238},{"t":"j","w":813,"h":1238},{"t":"j","w":835,"h":1238},{"t":"j","w":820,"h":1238},{"t":"j","w":820,"h":1238},{"t":"j","w":827,"h":1238},{"t":"j","w":815,"h":1238},{"t":"j","w":832,"h":1238},{"t":"j","w":828,"h":1238},{"t":"j","w":840,"h":1238},{"t":"j","w":842,"h":1238},{"t":"j","w":835,"h":1238},{"t":"j","w":831,"h":1238},{"t":"j","w":809,"h":1238},{"t":"j","w":838,"h":1238},{"t":"j","w":820,"h":1238},{"t":"j","w":831,"h":1238},{"t":"j","w":827,"h":1238},{"t":"j","w":846,"h":1238},{"t":"j","w":826,"h":1238},{"t":"j","w":842,"h":1238},{"t":"j","w":848,"h":1238},{"t":"j","w":838,"h":1238},{"t":"j","w":838,"h":1238},{"t":"j","w":838,"h":1238},{"t":"j","w":822,"h":1238},{"t":"j","w":1008,"h":1242},{"t":"j","w":745,"h":1242},{"t":"j","w":839,"h":1242},{"t":"j","w":843,"h":1242},{"t":"j","w":848,"h":1242},{"t":"j","w":861,"h":1242},{"t":"j","w":832,"h":1242},{"t":"j","w":825,"h":1242},{"t":"j","w":841,"h":1242},{"t":"j","w":835,"h":1242},{"t":"j","w":848,"h":1242},{"t":"j","w":835,"h":1242},{"t":"j","w":828,"h":1242},{"t":"j","w":832,"h":1242},{"t":"j","w":832,"h":1242},{"t":"j","w":832,"h":1242},{"t":"j","w":832,"h":1242},{"t":"j","w":838,"h":1242},{"t":"j","w":838,"h":1242},{"t":"j","w":858,"h":1242},{"t":"j","w":832,"h":1242},{"t":"j","w":810,"h":1242},{"t":"j","w":828,"h":1242},{"t":"j","w":838,"h":1242},{"t":"j","w":832,"h":1242},{"t":"j","w":808,"h":1242},{"t":"j","w":806,"h":1242},{"t":"j","w":835,"h":1242},{"t":"j","w":857,"h":1242},{"t":"j","w":771,"h":1242},{"t":"j","w":845,"h":1242},{"t":"j","w":848,"h":1242},{"t":"j","w":851,"h":1242},{"t":"j","w":848,"h":1242},{"t":"j","w":845,"h":1242},{"t":"j","w":835,"h":1242},{"t":"j","w":845,"h":1242},{"t":"j","w":835,"h":1242},{"t":"j","w":841,"h":1242},{"t":"j","w":845,"h":1242},{"t":"j","w":779,"h":1114},{"t":"j","w":841,"h":1242},{"t":"j","w":818,"h":1242},{"t":"j","w":835,"h":1242},{"t":"j","w":832,"h":1242},{"t":"j","w":808,"h":1242},{"t":"j","w":835,"h":1242},{"t":"j","w":832,"h":1242},{"t":"j","w":839,"h":1242},{"t":"j","w":832,"h":1242},{"t":"j","w":825,"h":1242},{"t":"j","w":851,"h":1242},{"t":"j","w":779,"h":1242},{"t":"j","w":759,"h":1242},{"t":"j","w":843,"h":1242},{"t":"j","w":772,"h":1242},{"t":"j","w":841,"h":1242},{"t":"j","w":828,"h":1242},{"t":"j","w":832,"h":1242},{"t":"j","w":835,"h":1242},{"t":"j","w":850,"h":1242},{"t":"j","w":835,"h":1242},{"t":"j","w":855,"h":1242},{"t":"j","w":848,"h":1242},{"t":"j","w":858,"h":1242},{"t":"j","w":854,"h":1242},{"t":"j","w":843,"h":1242},{"t":"j","w":810,"h":1242},{"t":"j","w":835,"h":1242},{"t":"j","w":848,"h":1242},{"t":"j","w":799,"h":1242},{"t":"j","w":848,"h":1242},{"t":"j","w":796,"h":1242},{"t":"j","w":796,"h":1242},{"t":"j","w":799,"h":1203},{"t":"j","w":796,"h":1199},{"t":"j","w":792,"h":1170},{"t":"j","w":789,"h":1197},{"t":"j","w":796,"h":1193},{"t":"j","w":838,"h":1242},{"t":"j","w":810,"h":1199},{"t":"j","w":839,"h":1242},{"t":"j","w":772,"h":1242},{"t":"j","w":782,"h":1242},{"t":"j","w":800,"h":1193},{"t":"j","w":838,"h":1242},{"t":"j","w":822,"h":1242},{"t":"j","w":835,"h":1242},{"t":"j","w":828,"h":1242},{"t":"j","w":838,"h":1242},{"t":"j","w":825,"h":1242},{"t":"j","w":858,"h":1242},{"t":"j","w":812,"h":1242},{"t":"j","w":828,"h":1242},{"t":"j","w":822,"h":1242},{"t":"j","w":838,"h":1242},{"t":"j","w":815,"h":1242},{"t":"j","w":845,"h":1242},{"t":"j","w":835,"h":1242},{"t":"j","w":843,"h":1242},{"t":"j","w":799,"h":1210},{"t":"j","w":835,"h":1154},{"t":"j","w":815,"h":1242},{"t":"j","w":858,"h":1242},{"t":"j","w":843,"h":1242},{"t":"j","w":828,"h":1210},{"t":"j","w":845,"h":1242},{"t":"j","w":818,"h":1206},{"t":"j","w":845,"h":1242},{"t":"j","w":855,"h":1242},{"t":"j","w":828,"h":1242},{"t":"j","w":841,"h":1209},{"t":"j","w":802,"h":1242},{"t":"j","w":815,"h":1186},{"t":"j","w":841,"h":1242},{"t":"j","w":841,"h":1242},{"t":"j","w":838,"h":1242},{"t":"j","w":858,"h":1242},{"t":"j","w":848,"h":1242},{"t":"j","w":832,"h":1242},{"t":"j","w":835,"h":1242},{"t":"j","w":858,"h":1242},{"t":"j","w":824,"h":1242},{"t":"j","w":861,"h":1242},{"t":"j","w":828,"h":1242},{"t":"j","w":848,"h":1242},{"t":"j","w":835,"h":1242},{"t":"j","w":850,"h":1242},{"t":"j","w":855,"h":1242},{"t":"j","w":855,"h":1242},{"t":"j","w":835,"h":1242},{"t":"j","w":861,"h":1242},{"t":"j","w":825,"h":1242},{"t":"j","w":851,"h":1242},{"t":"j","w":828,"h":1242},{"t":"j","w":851,"h":1242},{"t":"j","w":838,"h":1242},{"t":"j","w":783,"h":1134},{"t":"j","w":835,"h":1242},{"t":"j","w":835,"h":1199},{"t":"j","w":835,"h":1242},{"t":"j","w":810,"h":1242},{"t":"j","w":832,"h":1242},{"t":"j","w":839,"h":1242},{"t":"j","w":835,"h":1242},{"t":"j","w":786,"h":1242},{"t":"j","w":803,"h":1242},{"t":"j","w":810,"h":1242},{"t":"j","w":806,"h":1242},{"t":"j","w":835,"h":1242},{"t":"j","w":818,"h":1242},{"t":"j","w":851,"h":1213},{"t":"j","w":843,"h":1242},{"t":"j","w":818,"h":1242},{"t":"j","w":834,"h":1242},{"t":"j","w":834,"h":1242},{"t":"j","w":855,"h":1242},{"t":"j","w":815,"h":1242},{"t":"j","w":825,"h":1242},{"t":"j","w":835,"h":1190},{"t":"j","w":859,"h":1218},{"t":"j","w":805,"h":1218},{"t":"j","w":834,"h":1149},{"t":"j","w":809,"h":1127},{"t":"j","w":845,"h":1200}],"cover":{"t":"j","w":350,"h":496},"thumbnail":{"t":"j","w":250,"h":354}},"scanlator":"","upload_date":1403964765,"tags":[{"id":3206,"type":"character","name":"shinji ikari","url":"/character/shinji-ikari/","count":1231},{"id":8010,"type":"tag","name":"group","url":"/tag/group/","count":72150},{"id":10988,"type":"tag","name":"anthology","url":"/tag/anthology/","count":10365},{"id":14934,"type":"group","name":"rapture","url":"/group/rapture/","count":1},{"id":17137,"type":"parody","name":"neon genesis evangelion","url":"/parody/neon-genesis-evangelion/","count":2492},{"id":18065,"type":"artist","name":"gran","url":"/artist/gran/","count":9},{"id":19954,"type":"tag","name":"yuri","url":"/tag/yuri/","count":20241},{"id":21779,"type":"character","name":"rei ayanami","url":"/character/rei-ayanami/","count":1196},{"id":24533,"type":"group","name":"peppy angel","url":"/group/peppy-angel/","count":5},{"id":24832,"type":"character","name":"misato katsuragi","url":"/character/misato-katsuragi/","count":339},{"id":25125,"type":"character","name":"asuka langley soryu","url":"/character/asuka-langley-soryu/","count":1515},{"id":27007,"type":"artist","name":"sakuratsuki rin","url":"/artist/sakuratsuki-rin/","count":14},{"id":6346,"type":"language","name":"japanese","url":"/language/japanese/","count":191613},{"id":33173,"type":"category","name":"manga","url":"/category/manga/","count":77142},{"id":10314,"type":"tag","name":"schoolgirl uniform","url":"/tag/schoolgirl-uniform/","count":56168}],"num_pages":198,"num_favorites":20}