{"id":50,"media_id":"836","title":{"english":"[CARNELIAN] Getsurakuyou (Kao no Nai Tsuki / Moonlight Lady)","japanese":"[CARNELIAN] \u6708\u843d\u8449 \u5176\u306e\u5f10 (\u9854\u306e\u306a\u3044\u6708)","pretty":"Getsurakuyou"},"images":{"pages":[{"t":"j","w":713,"h":1008},{"t":"j","w":597,"h":992},{"t":"j","w":627,"h":999},{"t":"j","w":624,"h":996},{"t":"j","w":624,"h":993},{"t":"j","w":627,"h":989},{"t":"j","w":616,"h":990},{"t":"j","w":624,"h":1002},{"t":"j","w":618,"h":990},{"t":"j","w":634,"h":989},{"t":"j","w":666,"h":1002},{"t":"j","w":670,"h":1005},{"t":"j","w":670,"h":1002},{"t":"j","w":669,"h":990},{"t":"j","w":674,"h":1005},{"t":"j","w":657,"h":996},{"t":"j","w":636,"h":1005},{"t":"j","w":702,"h":1005}],"cover":{"t":"j","w":350,"h":495},"thumbnail":{"t":"j","w":250,"h":353}},"scanlator":"","upload_date":1403964771,"tags":[{"id":4570,"type":"artist","name":"carnelian","url":"/artist/carnelian/","count":44},{"id":8010,"type":"tag","name":"group","url":"/tag/group/","count":72839},{"id":9389,"type":"character","name":"tomomi harukawa","url":"/character/tomomi-harukawa/","count":4},{"id":14681,"type":"parody","name":"moonlight lady","url":"/parody/moonlight-lady/","count":9},{"id":15348,"type":"tag","name":"ffm threesome","url":"/tag/ffm-threesome/","count":18197},{"id":19954,"type":"tag","name":"yuri","url":"/tag/yuri/","count":20411},{"id":27986,"type":"group","name":"carnelian","url":"/group/carnelian/","count":34},{"id":30496,"type":"character","name":"suzuna kuraki","url":"/character/suzuna-kuraki/","count":4},{"id":6346,"type":"language","name":"japanese","url":"/language/japanese/","count":193003},{"id":33172,"type":"category","name":"doujinshi","url":"/category/doujinshi/","count":231184}],"num_pages":18,"num_favorites":36}