{"id":53,"media_id":"842","title":{"english":"(C53) [Dai 25 Hohei Shidan] Asuka Darake!! (Neon Genesis Evangelion)","japanese":"(C53) [\u7b2c25\u6b69\u5175\u5e2b\u56e3] \u3042\u3059\u304b\u3060\u3089\u3051!! (\u65b0\u4e16\u7d00\u30a8\u30f4\u30a1\u30f3\u30b2\u30ea\u30aa\u30f3)","pretty":"Asuka Darake!!"},"images":{"pages":[{"t":"j","w":988,"h":1400},{"t":"j","w":933,"h":1400},{"t":"j","w":938,"h":1400},{"t":"j","w":950,"h":1400},{"t":"j","w":939,"h":1400},{"t":"j","w":947,"h":1400},{"t":"j","w":937,"h":1400},{"t":"j","w":953,"h":1400},{"t":"j","w":936,"h":1400},{"t":"j","w":953,"h":1400},{"t":"j","w":938,"h":1400},{"t":"j","w":952,"h":1400},{"t":"j","w":934,"h":1400},{"t":"j","w":951,"h":1400},{"t":"j","w":938,"h":1400},{"t":"j","w":949,"h":1400},{"t":"j","w":934,"h":1400},{"t":"j","w":946,"h":1400},{"t":"j","w":938,"h":1400},{"t":"j","w":943,"h":1400},{"t":"j","w":928,"h":1400},{"t":"j","w":987,"h":1400}],"cover":{"t":"j","w":350,"h":496},"thumbnail":{"t":"j","w":250,"h":354}},"scanlator":"","upload_date":1403964772,"tags":[{"id":3206,"type":"character","name":"shinji ikari","url":"/character/shinji-ikari/","count":1229},{"id":17137,"type":"parody","name":"neon genesis evangelion","url":"/parody/neon-genesis-evangelion/","count":2489},{"id":25125,"type":"character","name":"asuka langley soryu","url":"/character/asuka-langley-soryu/","count":1513},{"id":28800,"type":"tag","name":"bloomers","url":"/tag/bloomers/","count":5648},{"id":6346,"type":"language","name":"japanese","url":"/language/japanese/","count":191613},{"id":33172,"type":"category","name":"doujinshi","url":"/category/doujinshi/","count":228729},{"id":20715,"type":"artist","name":"dai 25 hohei shidan","url":"/artist/dai-25-hohei-shidan/","count":59}],"num_pages":22,"num_favorites":34}