{"id":54,"media_id":"843","title":{"english":"[Dorei Jackie] Asuka-chin Goranshin ~Shinji-kun Mousouchuu~ (Neon Genesis Evangelion)","japanese":"[\u5974\u96b7\u30b8\u30e3\u30c3\u30ad\u30fc] \u30a2\u30b9\u30ab\u3061\u3093\u3054\u4e71\u5fc3 \uff5e\u30b7\u30f3\u30b8\u304f\u3093\u5984\u60f3\u4e2d\uff5e (\u65b0\u4e16\u7d00\u30a8\u30f4\u30a1\u30f3\u30b2\u30ea\u30aa\u30f3)","pretty":"Asukakun Mousouchuu~"},"images":{"pages":[{"t":"j","w":850,"h":1200},{"t":"j","w":850,"h":1200},{"t":"j","w":837,"h":1200},{"t":"j","w":837,"h":1200},{"t":"j","w":850,"h":1200},{"t":"j","w":852,"h":1200},{"t":"j","w":850,"h":1200},{"t":"j","w":850,"h":1200},{"t":"j","w":850,"h":1200},{"t":"j","w":850,"h":1200},{"t":"j","w":852,"h":1200},{"t":"j","w":853,"h":1200},{"t":"j","w":853,"h":1200},{"t":"j","w":850,"h":1200},{"t":"j","w":852,"h":1200},{"t":"j","w":850,"h":1200},{"t":"j","w":850,"h":1200},{"t":"j","w":852,"h":1200},{"t":"j","w":853,"h":1200},{"t":"j","w":853,"h":1200},{"t":"j","w":848,"h":1200},{"t":"j","w":843,"h":1200},{"t":"j","w":848,"h":1200},{"t":"j","w":843,"h":1200},{"t":"j","w":848,"h":1200},{"t":"j","w":843,"h":1200},{"t":"j","w":848,"h":1200},{"t":"j","w":843,"h":1200},{"t":"j","w":848,"h":1200},{"t":"j","w":843,"h":1200},{"t":"j","w":848,"h":1200},{"t":"j","w":843,"h":1200},{"t":"j","w":848,"h":1200},{"t":"j","w":843,"h":1200},{"t":"j","w":848,"h":1200},{"t":"j","w":843,"h":1200},{"t":"j","w":848,"h":1200},{"t":"j","w":843,"h":1200},{"t":"j","w":848,"h":1200},{"t":"j","w":843,"h":1200},{"t":"j","w":848,"h":1200},{"t":"j","w":843,"h":1200},{"t":"j","w":848,"h":1200},{"t":"j","w":843,"h":1200},{"t":"j","w":848,"h":1200},{"t":"j","w":843,"h":1200},{"t":"j","w":848,"h":1200},{"t":"j","w":843,"h":1200},{"t":"j","w":848,"h":1200},{"t":"j","w":850,"h":1200}],"cover":{"t":"j","w":350,"h":494},"thumbnail":{"t":"j","w":250,"h":353}},"scanlator":"","upload_date":1403964773,"tags":[{"id":2937,"type":"tag","name":"big breasts","url":"/tag/big-breasts/","count":103273},{"id":3735,"type":"tag","name":"swimsuit","url":"/tag/swimsuit/","count":19363},{"id":15658,"type":"tag","name":"bondage","url":"/tag/bondage/","count":34540},{"id":17137,"type":"parody","name":"neon genesis evangelion","url":"/parody/neon-genesis-evangelion/","count":2489},{"id":19175,"type":"tag","name":"bikini","url":"/tag/bikini/","count":11157},{"id":21869,"type":"artist","name":"dorei jackie","url":"/artist/dorei-jackie/","count":94},{"id":25125,"type":"character","name":"asuka langley soryu","url":"/character/asuka-langley-soryu/","count":1513},{"id":25614,"type":"tag","name":"paizuri","url":"/tag/paizuri/","count":22785},{"id":6346,"type":"language","name":"japanese","url":"/language/japanese/","count":191613},{"id":33172,"type":"category","name":"doujinshi","url":"/category/doujinshi/","count":228729},{"id":10314,"type":"tag","name":"schoolgirl uniform","url":"/tag/schoolgirl-uniform/","count":56168}],"num_pages":50,"num_favorites":64}