{"id":56,"media_id":"848","title":{"english":"[Studio Q (Natsuka Q-Ya)] ASUKA! (Neon Genesis Evangelion)","japanese":"[\u3059\u305f\u3062\u304aQ (\u5948\u585aQ\u5f25)] ASUKA! (\u65b0\u4e16\u7d00\u30a8\u30f4\u30a1\u30f3\u30b2\u30ea\u30aa\u30f3)","pretty":"ASUKA!"},"images":{"pages":[{"t":"j","w":1200,"h":1718},{"t":"j","w":1200,"h":1726},{"t":"j","w":1200,"h":1726},{"t":"j","w":1200,"h":1726},{"t":"j","w":1200,"h":1726},{"t":"j","w":1200,"h":1726},{"t":"j","w":1200,"h":1726},{"t":"j","w":1200,"h":1726},{"t":"j","w":1200,"h":1726},{"t":"j","w":1200,"h":1726},{"t":"j","w":1200,"h":1726},{"t":"j","w":1200,"h":1726},{"t":"j","w":1200,"h":1726},{"t":"j","w":1200,"h":1726},{"t":"j","w":1200,"h":1726},{"t":"j","w":1200,"h":1726},{"t":"j","w":1200,"h":1726},{"t":"j","w":1200,"h":1726},{"t":"j","w":1200,"h":1726},{"t":"j","w":1200,"h":1726},{"t":"j","w":1200,"h":1726},{"t":"j","w":1200,"h":1726},{"t":"j","w":1200,"h":1726},{"t":"j","w":1200,"h":1726},{"t":"j","w":1200,"h":1726},{"t":"j","w":1200,"h":1726},{"t":"j","w":1200,"h":1726},{"t":"j","w":1200,"h":1726},{"t":"j","w":1200,"h":1726},{"t":"j","w":1200,"h":1718}],"cover":{"t":"j","w":350,"h":501},"thumbnail":{"t":"j","w":250,"h":358}},"scanlator":"","upload_date":1403964775,"tags":[{"id":8010,"type":"tag","name":"group","url":"/tag/group/","count":72150},{"id":8369,"type":"group","name":"studio q","url":"/group/studio-q/","count":104},{"id":16332,"type":"character","name":"hikari horaki","url":"/character/hikari-horaki/","count":104},{"id":17137,"type":"parody","name":"neon genesis evangelion","url":"/parody/neon-genesis-evangelion/","count":2489},{"id":18678,"type":"artist","name":"natsuka q-ya","url":"/artist/natsuka-q-ya/","count":359},{"id":25125,"type":"character","name":"asuka langley soryu","url":"/character/asuka-langley-soryu/","count":1513},{"id":27553,"type":"tag","name":"rape","url":"/tag/rape/","count":34191},{"id":6346,"type":"language","name":"japanese","url":"/language/japanese/","count":191613},{"id":33172,"type":"category","name":"doujinshi","url":"/category/doujinshi/","count":228729},{"id":266,"type":"tag","name":"sundress","url":"/tag/sundress/","count":1065}],"num_pages":30,"num_favorites":38}