{"id":57,"media_id":"735","title":{"english":"[Tail of Nearly (Aiueou, Entokkun, Waka)] Imasara Nadia Tottemo Asuka! ver. 04 (Evangelion, Nadia)","japanese":"[\u30c6\u30fc\u30eb of \u30cb\u30e4\u30ea\u30fc (\u611b\u98e2\u738b\u3001\u3048\u3093\u3068\u3063\u304f\u3093\u3001WAKA)] \u3044\u307e\u3055\u3089\u30ca\u30c7\u30a3\u30a2\u3068\u3063\u3066\u3082\u30a2\u30b9\u30ab\uff01ver.04 (\u65b0\u4e16\u7d00\u30a8\u30f4\u30a1\u30f3\u30b2\u30ea\u30aa\u30f3\u3001\u3075\u3057\u304e\u306e\u6d77\u306e\u30ca\u30c7\u30a3\u30a2)","pretty":"Imasara Nadia Tottemo Asuka! ver. 04"},"images":{"pages":[{"t":"j","w":780,"h":1092},{"t":"j","w":780,"h":1089},{"t":"j","w":780,"h":1089},{"t":"j","w":780,"h":1089},{"t":"j","w":780,"h":1089},{"t":"j","w":780,"h":1089},{"t":"j","w":780,"h":1089},{"t":"j","w":780,"h":1089},{"t":"j","w":780,"h":1089},{"t":"j","w":780,"h":1089},{"t":"j","w":780,"h":1089},{"t":"j","w":780,"h":1089},{"t":"j","w":780,"h":1089},{"t":"j","w":780,"h":1089},{"t":"j","w":780,"h":1089},{"t":"j","w":780,"h":1089},{"t":"j","w":780,"h":1089},{"t":"j","w":780,"h":1089},{"t":"j","w":780,"h":1089},{"t":"j","w":780,"h":1089},{"t":"j","w":780,"h":1089},{"t":"j","w":780,"h":1089},{"t":"j","w":780,"h":1089},{"t":"j","w":780,"h":1089},{"t":"j","w":780,"h":1089},{"t":"j","w":780,"h":1089},{"t":"j","w":780,"h":1089},{"t":"j","w":780,"h":1089},{"t":"j","w":780,"h":1089},{"t":"j","w":780,"h":1089},{"t":"j","w":780,"h":1089},{"t":"j","w":780,"h":1089},{"t":"j","w":780,"h":1089},{"t":"j","w":780,"h":1089},{"t":"j","w":780,"h":1089},{"t":"j","w":780,"h":1089},{"t":"j","w":780,"h":1089},{"t":"j","w":780,"h":1089},{"t":"j","w":780,"h":1089}],"cover":{"t":"j","w":350,"h":490},"thumbnail":{"t":"j","w":250,"h":350}},"scanlator":"","upload_date":1403964776,"tags":[{"id":1009,"type":"artist","name":"aiueou","url":"/artist/aiueou/","count":7},{"id":8010,"type":"tag","name":"group","url":"/tag/group/","count":76826},{"id":11281,"type":"parody","name":"fushigi no umi no nadia","url":"/parody/fushigi-no-umi-no-nadia/","count":158},{"id":17137,"type":"parody","name":"neon genesis evangelion","url":"/parody/neon-genesis-evangelion/","count":2541},{"id":17983,"type":"artist","name":"waka","url":"/artist/waka/","count":63},{"id":19018,"type":"tag","name":"dark skin","url":"/tag/dark-skin/","count":23127},{"id":25125,"type":"character","name":"asuka langley soryu","url":"/character/asuka-langley-soryu/","count":1554},{"id":27468,"type":"character","name":"nadia la arwall","url":"/character/nadia-la-arwall/","count":148},{"id":27553,"type":"tag","name":"rape","url":"/tag/rape/","count":36589},{"id":30752,"type":"group","name":"tail of nearly","url":"/group/tail-of-nearly/","count":40},{"id":32341,"type":"tag","name":"shotacon","url":"/tag/shotacon/","count":42334},{"id":6346,"type":"language","name":"japanese","url":"/language/japanese/","count":201161},{"id":33172,"type":"category","name":"doujinshi","url":"/category/doujinshi/","count":245455},{"id":27938,"type":"artist","name":"kimimaru","url":"/artist/kimimaru/","count":182}],"num_pages":39,"num_favorites":43}