{"id":58,"media_id":"736","title":{"english":"[Tail of Nearly (Doumeki Bararou, St.germain-sal, Waka)] Imasara Nadia Tottemo Asuka! 05 (Evangelion, Nadia)","japanese":"[\u30c6\u30fc\u30eb of \u30cb\u30e4\u30ea\u30fc (\u767e\u76ee\u9b3c\u8594\u8587\u90ce\u3001\u3055\u3093\u3062\u3047\u308b\u307e\u3093\u30fb\u733f\u3001WAKA)] \u3044\u307e\u3055\u3089\u30ca\u30c7\u30a3\u30a2\u3068\u3063\u3066\u3082\u30a2\u30b9\u30ab 05 (\u65b0\u4e16\u7d00\u30a8\u30f4\u30a1\u30f3\u30b2\u30ea\u30aa\u30f3\u3001\u3075\u3057\u304e\u306e\u6d77\u306e\u30ca\u30c7\u30a3\u30a2)","pretty":"Imasara Nadia Tottemo Asuka! 05"},"images":{"pages":[{"t":"j","w":778,"h":1097},{"t":"j","w":780,"h":1099},{"t":"j","w":780,"h":1099},{"t":"j","w":780,"h":1099},{"t":"j","w":780,"h":1099},{"t":"j","w":780,"h":1099},{"t":"j","w":780,"h":1099},{"t":"j","w":780,"h":1099},{"t":"j","w":780,"h":1099},{"t":"j","w":780,"h":1099},{"t":"j","w":780,"h":1099},{"t":"j","w":780,"h":1099},{"t":"j","w":780,"h":1099},{"t":"j","w":780,"h":1099},{"t":"j","w":780,"h":1099},{"t":"j","w":780,"h":1099},{"t":"j","w":780,"h":1099},{"t":"j","w":780,"h":1099},{"t":"j","w":780,"h":1099},{"t":"j","w":780,"h":1099},{"t":"j","w":780,"h":1099},{"t":"j","w":780,"h":1099},{"t":"j","w":780,"h":1099},{"t":"j","w":780,"h":1099},{"t":"j","w":780,"h":1099},{"t":"j","w":780,"h":1099},{"t":"j","w":780,"h":1099},{"t":"j","w":780,"h":1099},{"t":"j","w":780,"h":1099},{"t":"j","w":780,"h":1099},{"t":"j","w":780,"h":1099},{"t":"j","w":780,"h":1099},{"t":"j","w":780,"h":1099},{"t":"j","w":780,"h":1099},{"t":"j","w":780,"h":1099},{"t":"j","w":780,"h":1099},{"t":"j","w":780,"h":1099},{"t":"j","w":780,"h":1099},{"t":"j","w":780,"h":1099},{"t":"j","w":780,"h":1099},{"t":"j","w":780,"h":1099},{"t":"j","w":780,"h":1099}],"cover":{"t":"j","w":350,"h":494},"thumbnail":{"t":"j","w":250,"h":353}},"scanlator":"","upload_date":1403964777,"tags":[{"id":2102,"type":"group","name":"shinnihon pepsitou","url":"/group/shinnihon-pepsitou/","count":108},{"id":3654,"type":"artist","name":"doumeki bararou","url":"/artist/doumeki-bararou/","count":33},{"id":5883,"type":"artist","name":"st.germain-sal","url":"/artist/st-germain-sal/","count":122},{"id":8010,"type":"tag","name":"group","url":"/tag/group/","count":72150},{"id":11281,"type":"parody","name":"fushigi no umi no nadia","url":"/parody/fushigi-no-umi-no-nadia/","count":156},{"id":17137,"type":"parody","name":"neon genesis evangelion","url":"/parody/neon-genesis-evangelion/","count":2492},{"id":17983,"type":"artist","name":"waka","url":"/artist/waka/","count":60},{"id":19018,"type":"tag","name":"dark skin","url":"/tag/dark-skin/","count":21351},{"id":25125,"type":"character","name":"asuka langley soryu","url":"/character/asuka-langley-soryu/","count":1515},{"id":27468,"type":"character","name":"nadia la arwall","url":"/character/nadia-la-arwall/","count":143},{"id":27553,"type":"tag","name":"rape","url":"/tag/rape/","count":34191},{"id":30752,"type":"group","name":"tail of nearly","url":"/group/tail-of-nearly/","count":40},{"id":6346,"type":"language","name":"japanese","url":"/language/japanese/","count":191613},{"id":33172,"type":"category","name":"doujinshi","url":"/category/doujinshi/","count":228729},{"id":10314,"type":"tag","name":"schoolgirl uniform","url":"/tag/schoolgirl-uniform/","count":56168},{"id":22945,"type":"tag","name":"double penetration","url":"/tag/double-penetration/","count":24472},{"id":14283,"type":"tag","name":"anal","url":"/tag/anal/","count":64587},{"id":7752,"type":"tag","name":"schoolboy uniform","url":"/tag/schoolboy-uniform/","count":12400}],"num_pages":42,"num_favorites":40}