{"id":59,"media_id":"737","title":{"english":"[Tail of Nearly] Shadow Defence 3 - Angel Fullback (Neon Genesis Evangelion)","japanese":"[\u30c6\u30fc\u30ebof \u30cb\u30e4\u30ea\u30fc] \u5f71\u8b773 - Angel Fullback (\u65b0\u4e16\u7d00\u30a8\u30f4\u30a1\u30f3\u30b2\u30ea\u30aa\u30f3)","pretty":"Shadow Defence 3 - Angel Fullback"},"images":{"pages":[{"t":"j","w":846,"h":1209},{"t":"j","w":846,"h":1209},{"t":"j","w":846,"h":1209},{"t":"j","w":846,"h":1209},{"t":"j","w":846,"h":1209},{"t":"j","w":846,"h":1209},{"t":"j","w":846,"h":1209},{"t":"j","w":846,"h":1209},{"t":"j","w":846,"h":1209},{"t":"j","w":846,"h":1209},{"t":"j","w":846,"h":1209},{"t":"j","w":846,"h":1209},{"t":"j","w":846,"h":1209},{"t":"j","w":846,"h":1209},{"t":"j","w":846,"h":1209},{"t":"j","w":846,"h":1209},{"t":"j","w":846,"h":1209},{"t":"j","w":846,"h":1209},{"t":"j","w":846,"h":1209},{"t":"j","w":846,"h":1209},{"t":"j","w":846,"h":1209},{"t":"j","w":846,"h":1209},{"t":"j","w":846,"h":1209},{"t":"j","w":846,"h":1209},{"t":"j","w":846,"h":1209},{"t":"j","w":846,"h":1209},{"t":"j","w":846,"h":1209},{"t":"j","w":846,"h":1209},{"t":"j","w":846,"h":1209},{"t":"j","w":846,"h":1209},{"t":"j","w":846,"h":1209},{"t":"j","w":846,"h":1209},{"t":"j","w":846,"h":1209},{"t":"j","w":846,"h":1209},{"t":"j","w":846,"h":1209},{"t":"j","w":846,"h":1209},{"t":"j","w":846,"h":1209},{"t":"j","w":846,"h":1209},{"t":"j","w":846,"h":1209},{"t":"j","w":846,"h":1209},{"t":"j","w":846,"h":1209},{"t":"j","w":846,"h":1209},{"t":"j","w":846,"h":1209},{"t":"j","w":846,"h":1209},{"t":"j","w":846,"h":1209},{"t":"j","w":846,"h":1209},{"t":"j","w":846,"h":1209},{"t":"j","w":846,"h":1209},{"t":"j","w":846,"h":1209},{"t":"j","w":846,"h":1209},{"t":"j","w":846,"h":1209},{"t":"j","w":846,"h":1209},{"t":"j","w":846,"h":1209},{"t":"j","w":846,"h":1209},{"t":"j","w":846,"h":1209},{"t":"j","w":846,"h":1209},{"t":"j","w":846,"h":1209},{"t":"j","w":846,"h":1209},{"t":"j","w":846,"h":1209},{"t":"j","w":846,"h":1209},{"t":"j","w":846,"h":1209},{"t":"j","w":846,"h":1209},{"t":"j","w":846,"h":1209},{"t":"j","w":846,"h":1209},{"t":"j","w":846,"h":1209},{"t":"j","w":846,"h":1209}],"cover":{"t":"j","w":350,"h":500},"thumbnail":{"t":"j","w":250,"h":357}},"scanlator":"","upload_date":1403964778,"tags":[{"id":16332,"type":"character","name":"hikari horaki","url":"/character/hikari-horaki/","count":104},{"id":17137,"type":"parody","name":"neon genesis evangelion","url":"/parody/neon-genesis-evangelion/","count":2492},{"id":21779,"type":"character","name":"rei ayanami","url":"/character/rei-ayanami/","count":1196},{"id":29013,"type":"tag","name":"dilf","url":"/tag/dilf/","count":15244},{"id":30752,"type":"group","name":"tail of nearly","url":"/group/tail-of-nearly/","count":40},{"id":30895,"type":"tag","name":"sunglasses","url":"/tag/sunglasses/","count":978},{"id":6346,"type":"language","name":"japanese","url":"/language/japanese/","count":191613},{"id":33172,"type":"category","name":"doujinshi","url":"/category/doujinshi/","count":228729},{"id":10000,"type":"character","name":"gendo ikari","url":"/character/gendo-ikari/","count":57},{"id":3206,"type":"character","name":"shinji ikari","url":"/character/shinji-ikari/","count":1231},{"id":25125,"type":"character","name":"asuka langley soryu","url":"/character/asuka-langley-soryu/","count":1515},{"id":10314,"type":"tag","name":"schoolgirl uniform","url":"/tag/schoolgirl-uniform/","count":56168},{"id":7752,"type":"tag","name":"schoolboy uniform","url":"/tag/schoolboy-uniform/","count":12311}],"num_pages":66,"num_favorites":14}