{"id":1,"media_id":"9","title":{"english":"(C71) [Arisan-Antenna (Koari)] Eat The Rich! (Sukatto Golf Pangya)","japanese":"(C71) [\u3042\u308a\u3055\u3093\u30a2\u30f3\u30c6\u30ca (\u5c0f\u87fb)] Eat The Rich! (\u30b9\u30ab\u30c3\u3068\u30b4\u30eb\u30d5 \u30d1\u30f3\u30e4)","pretty":"Eat The Rich!"},"images":{"pages":[{"t":"j","w":1050,"h":1500},{"t":"j","w":1050,"h":1500},{"t":"j","w":1050,"h":1500},{"t":"j","w":1050,"h":1500},{"t":"j","w":1050,"h":1500},{"t":"j","w":1050,"h":1500},{"t":"j","w":1050,"h":1500},{"t":"j","w":1050,"h":1500},{"t":"j","w":1050,"h":1500},{"t":"j","w":1050,"h":1500},{"t":"j","w":1050,"h":1500},{"t":"j","w":1050,"h":1500},{"t":"j","w":1050,"h":1500},{"t":"j","w":1050,"h":1500}],"cover":{"t":"j","w":350,"h":500},"thumbnail":{"t":"j","w":250,"h":357}},"scanlator":"","upload_date":1403964736,"tags":[{"id":9063,"type":"artist","name":"koari","url":"/artist/koari/","count":49},{"id":19440,"type":"tag","name":"lolicon","url":"/tag/lolicon/","count":69490},{"id":24876,"type":"group","name":"arisan-antenna","url":"/group/arisan-antenna/","count":50},{"id":28227,"type":"parody","name":"pangya","url":"/parody/pangya/","count":83},{"id":30657,"type":"character","name":"kooh","url":"/character/kooh/","count":43},{"id":31386,"type":"tag","name":"catgirl","url":"/tag/catgirl/","count":8286},{"id":6346,"type":"language","name":"japanese","url":"/language/japanese/","count":191613},{"id":33172,"type":"category","name":"doujinshi","url":"/category/doujinshi/","count":228729},{"id":5452,"type":"tag","name":"gymshorts","url":"/tag/gymshorts/","count":309}],"num_pages":14,"num_favorites":686}