{"id":11,"media_id":"852","title":{"english":"[Sada Ko-ji] 2 ON 1","japanese":"[\u3055\u3060\u3053\u30fc\u3058] \u30c4\u30fc\u30fb\u30aa\u30f3\u30fb\u30ef\u30f3","pretty":"2 ON 1"},"images":{"pages":[{"t":"j","w":500,"h":733},{"t":"j","w":1200,"h":1020},{"t":"j","w":840,"h":1200},{"t":"j","w":840,"h":1200},{"t":"j","w":840,"h":1200},{"t":"j","w":840,"h":1200},{"t":"j","w":840,"h":1200},{"t":"j","w":840,"h":1200},{"t":"j","w":840,"h":1200},{"t":"j","w":840,"h":1200},{"t":"j","w":840,"h":1200},{"t":"j","w":840,"h":1200},{"t":"j","w":840,"h":1200},{"t":"j","w":840,"h":1200},{"t":"j","w":840,"h":1200},{"t":"j","w":840,"h":1200},{"t":"j","w":840,"h":1200},{"t":"j","w":840,"h":1200},{"t":"j","w":840,"h":1200},{"t":"j","w":840,"h":1200},{"t":"j","w":840,"h":1200},{"t":"j","w":840,"h":1200},{"t":"j","w":840,"h":1200},{"t":"j","w":840,"h":1200},{"t":"j","w":840,"h":1200},{"t":"j","w":840,"h":1200},{"t":"j","w":840,"h":1200},{"t":"j","w":840,"h":1200},{"t":"j","w":840,"h":1200},{"t":"j","w":840,"h":1200},{"t":"j","w":840,"h":1200},{"t":"j","w":840,"h":1200},{"t":"j","w":840,"h":1200},{"t":"j","w":840,"h":1200},{"t":"j","w":840,"h":1200},{"t":"j","w":840,"h":1200},{"t":"j","w":840,"h":1200},{"t":"j","w":840,"h":1200},{"t":"j","w":840,"h":1200},{"t":"j","w":840,"h":1200},{"t":"j","w":840,"h":1200},{"t":"j","w":840,"h":1200},{"t":"j","w":840,"h":1200},{"t":"j","w":840,"h":1200},{"t":"j","w":840,"h":1200},{"t":"j","w":840,"h":1200},{"t":"j","w":840,"h":1200},{"t":"j","w":840,"h":1200},{"t":"j","w":840,"h":1200},{"t":"j","w":840,"h":1200},{"t":"j","w":840,"h":1200},{"t":"j","w":840,"h":1200},{"t":"j","w":840,"h":1200},{"t":"j","w":840,"h":1200},{"t":"j","w":840,"h":1200},{"t":"j","w":840,"h":1200},{"t":"j","w":840,"h":1200},{"t":"j","w":840,"h":1200},{"t":"j","w":840,"h":1200},{"t":"j","w":840,"h":1200},{"t":"j","w":840,"h":1200},{"t":"j","w":840,"h":1200},{"t":"j","w":840,"h":1200},{"t":"j","w":840,"h":1200},{"t":"j","w":840,"h":1200},{"t":"j","w":840,"h":1200},{"t":"j","w":840,"h":1200},{"t":"j","w":840,"h":1200},{"t":"j","w":840,"h":1200},{"t":"j","w":840,"h":1200},{"t":"j","w":840,"h":1200},{"t":"j","w":840,"h":1200},{"t":"j","w":840,"h":1200},{"t":"j","w":840,"h":1200},{"t":"j","w":840,"h":1200},{"t":"j","w":840,"h":1200},{"t":"j","w":840,"h":1200},{"t":"j","w":840,"h":1200},{"t":"j","w":840,"h":1200},{"t":"j","w":840,"h":1200},{"t":"j","w":840,"h":1200},{"t":"j","w":840,"h":1200},{"t":"j","w":840,"h":1200},{"t":"j","w":840,"h":1200},{"t":"j","w":840,"h":1200},{"t":"j","w":840,"h":1200},{"t":"j","w":840,"h":1200},{"t":"j","w":840,"h":1200},{"t":"j","w":840,"h":1200},{"t":"j","w":840,"h":1200},{"t":"j","w":840,"h":1200},{"t":"j","w":840,"h":1200},{"t":"j","w":840,"h":1200},{"t":"j","w":840,"h":1200},{"t":"j","w":840,"h":1200},{"t":"j","w":840,"h":1200},{"t":"j","w":840,"h":1200},{"t":"j","w":840,"h":1200},{"t":"j","w":840,"h":1200},{"t":"j","w":840,"h":1200},{"t":"j","w":840,"h":1200},{"t":"j","w":840,"h":1200},{"t":"j","w":840,"h":1200},{"t":"j","w":840,"h":1200},{"t":"j","w":840,"h":1200},{"t":"j","w":840,"h":1200},{"t":"j","w":840,"h":1200},{"t":"j","w":840,"h":1200},{"t":"j","w":840,"h":1200},{"t":"j","w":840,"h":1200},{"t":"j","w":840,"h":1200},{"t":"j","w":840,"h":1200},{"t":"j","w":840,"h":1200},{"t":"j","w":840,"h":1200},{"t":"j","w":840,"h":1200},{"t":"j","w":840,"h":1200},{"t":"j","w":840,"h":1200},{"t":"j","w":840,"h":1200},{"t":"j","w":840,"h":1200},{"t":"j","w":840,"h":1200},{"t":"j","w":840,"h":1200},{"t":"j","w":840,"h":1200},{"t":"j","w":840,"h":1200},{"t":"j","w":840,"h":1200},{"t":"j","w":840,"h":1200},{"t":"j","w":840,"h":1200},{"t":"j","w":840,"h":1200},{"t":"j","w":840,"h":1200},{"t":"j","w":840,"h":1200},{"t":"j","w":840,"h":1200},{"t":"j","w":840,"h":1200},{"t":"j","w":840,"h":1200},{"t":"j","w":840,"h":1200},{"t":"j","w":840,"h":1200},{"t":"j","w":840,"h":1200},{"t":"j","w":840,"h":1200},{"t":"j","w":840,"h":1200},{"t":"j","w":840,"h":1200},{"t":"j","w":840,"h":1200},{"t":"j","w":840,"h":1200},{"t":"j","w":840,"h":1200},{"t":"j","w":840,"h":1200},{"t":"j","w":840,"h":1200},{"t":"j","w":840,"h":1200},{"t":"j","w":840,"h":1200},{"t":"j","w":840,"h":1200},{"t":"j","w":840,"h":1200},{"t":"j","w":840,"h":1200},{"t":"j","w":840,"h":1200},{"t":"j","w":840,"h":1200},{"t":"j","w":840,"h":1200},{"t":"j","w":840,"h":1200},{"t":"j","w":840,"h":1200},{"t":"j","w":840,"h":1200},{"t":"j","w":840,"h":1200},{"t":"j","w":840,"h":1200},{"t":"j","w":840,"h":1200},{"t":"j","w":840,"h":1200},{"t":"j","w":840,"h":1200},{"t":"j","w":840,"h":1200},{"t":"j","w":840,"h":1200},{"t":"j","w":840,"h":1200},{"t":"j","w":1200,"h":1100}],"cover":{"t":"j","w":350,"h":513},"thumbnail":{"t":"j","w":250,"h":367}},"scanlator":"","upload_date":1403964738,"tags":[{"id":370,"type":"tag","name":"business suit","url":"/tag/business-suit/","count":3209},{"id":8010,"type":"tag","name":"group","url":"/tag/group/","count":72150},{"id":9162,"type":"tag","name":"masturbation","url":"/tag/masturbation/","count":9228},{"id":14971,"type":"tag","name":"sex toys","url":"/tag/sex-toys/","count":20823},{"id":15408,"type":"tag","name":"femdom","url":"/tag/femdom/","count":17418},{"id":15658,"type":"tag","name":"bondage","url":"/tag/bondage/","count":34540},{"id":16533,"type":"tag","name":"sleeping","url":"/tag/sleeping/","count":4317},{"id":19954,"type":"tag","name":"yuri","url":"/tag/yuri/","count":20241},{"id":21481,"type":"artist","name":"sada ko-ji","url":"/artist/sada-ko-ji/","count":115},{"id":22079,"type":"tag","name":"drugs","url":"/tag/drugs/","count":6723},{"id":23237,"type":"tag","name":"tankoubon","url":"/tag/tankoubon/","count":25051},{"id":25614,"type":"tag","name":"paizuri","url":"/tag/paizuri/","count":22785},{"id":27553,"type":"tag","name":"rape","url":"/tag/rape/","count":34191},{"id":28800,"type":"tag","name":"bloomers","url":"/tag/bloomers/","count":5672},{"id":6346,"type":"language","name":"japanese","url":"/language/japanese/","count":191613},{"id":33173,"type":"category","name":"manga","url":"/category/manga/","count":77142},{"id":10314,"type":"tag","name":"schoolgirl uniform","url":"/tag/schoolgirl-uniform/","count":56168},{"id":23965,"type":"tag","name":"chloroform","url":"/tag/chloroform/","count":1871}],"num_pages":163,"num_favorites":71}