{"id":12,"media_id":"853","title":{"english":"[RAYMON] Tsuyu ni Nureta Akaki Hana","japanese":"[RAYMON] \u9732\u306b\u6fe1\u308c\u305f\u6731\u304d\u83ef","pretty":"Tsuyu ni Nureta Akaki Hana"},"images":{"pages":[{"t":"j","w":1200,"h":1008},{"t":"j","w":1200,"h":1073},{"t":"j","w":844,"h":1200},{"t":"j","w":843,"h":1200},{"t":"j","w":100,"h":1200},{"t":"j","w":833,"h":1200},{"t":"j","w":833,"h":1200},{"t":"j","w":833,"h":1200},{"t":"j","w":833,"h":1200},{"t":"j","w":833,"h":1200},{"t":"j","w":833,"h":1200},{"t":"j","w":833,"h":1200},{"t":"j","w":833,"h":1200},{"t":"j","w":833,"h":1200},{"t":"j","w":833,"h":1200},{"t":"j","w":833,"h":1200},{"t":"j","w":833,"h":1200},{"t":"j","w":833,"h":1200},{"t":"j","w":833,"h":1200},{"t":"j","w":833,"h":1200},{"t":"j","w":833,"h":1200},{"t":"j","w":833,"h":1200},{"t":"j","w":833,"h":1200},{"t":"j","w":833,"h":1200},{"t":"j","w":833,"h":1200},{"t":"j","w":833,"h":1200},{"t":"j","w":833,"h":1200},{"t":"j","w":833,"h":1200},{"t":"j","w":833,"h":1200},{"t":"j","w":833,"h":1200},{"t":"j","w":833,"h":1200},{"t":"j","w":833,"h":1200},{"t":"j","w":833,"h":1200},{"t":"j","w":833,"h":1200},{"t":"j","w":833,"h":1200},{"t":"j","w":833,"h":1200},{"t":"j","w":833,"h":1200},{"t":"j","w":833,"h":1200},{"t":"j","w":833,"h":1200},{"t":"j","w":833,"h":1200},{"t":"j","w":833,"h":1200},{"t":"j","w":833,"h":1200},{"t":"j","w":833,"h":1200},{"t":"j","w":833,"h":1200},{"t":"j","w":833,"h":1200},{"t":"j","w":833,"h":1200},{"t":"j","w":833,"h":1200},{"t":"j","w":833,"h":1200},{"t":"j","w":833,"h":1200},{"t":"j","w":833,"h":1200},{"t":"j","w":833,"h":1200},{"t":"j","w":833,"h":1200},{"t":"j","w":833,"h":1200},{"t":"j","w":833,"h":1200},{"t":"j","w":833,"h":1200},{"t":"j","w":833,"h":1200},{"t":"j","w":833,"h":1200},{"t":"j","w":833,"h":1200},{"t":"j","w":833,"h":1200},{"t":"j","w":833,"h":1200},{"t":"j","w":833,"h":1200},{"t":"j","w":833,"h":1200},{"t":"j","w":833,"h":1200},{"t":"j","w":833,"h":1200},{"t":"j","w":833,"h":1200},{"t":"j","w":833,"h":1200},{"t":"j","w":833,"h":1200},{"t":"j","w":833,"h":1200},{"t":"j","w":833,"h":1200},{"t":"j","w":833,"h":1200},{"t":"j","w":833,"h":1200},{"t":"j","w":833,"h":1200},{"t":"j","w":833,"h":1200},{"t":"j","w":833,"h":1200},{"t":"j","w":833,"h":1200},{"t":"j","w":833,"h":1200},{"t":"j","w":833,"h":1200},{"t":"j","w":833,"h":1200},{"t":"j","w":833,"h":1200},{"t":"j","w":833,"h":1200},{"t":"j","w":833,"h":1200},{"t":"j","w":833,"h":1200},{"t":"j","w":833,"h":1200},{"t":"j","w":833,"h":1200},{"t":"j","w":833,"h":1200},{"t":"j","w":833,"h":1200},{"t":"j","w":833,"h":1200},{"t":"j","w":833,"h":1200},{"t":"j","w":833,"h":1200},{"t":"j","w":833,"h":1200},{"t":"j","w":833,"h":1200},{"t":"j","w":833,"h":1200},{"t":"j","w":833,"h":1200},{"t":"j","w":833,"h":1200},{"t":"j","w":833,"h":1200},{"t":"j","w":833,"h":1200},{"t":"j","w":833,"h":1200},{"t":"j","w":833,"h":1200},{"t":"j","w":833,"h":1200},{"t":"j","w":833,"h":1200},{"t":"j","w":833,"h":1200},{"t":"j","w":833,"h":1200},{"t":"j","w":833,"h":1200},{"t":"j","w":833,"h":1200},{"t":"j","w":833,"h":1200},{"t":"j","w":833,"h":1200},{"t":"j","w":833,"h":1200},{"t":"j","w":833,"h":1200},{"t":"j","w":833,"h":1200},{"t":"j","w":833,"h":1200},{"t":"j","w":833,"h":1200},{"t":"j","w":833,"h":1200},{"t":"j","w":833,"h":1200},{"t":"j","w":833,"h":1200},{"t":"j","w":833,"h":1200},{"t":"j","w":833,"h":1200},{"t":"j","w":833,"h":1200},{"t":"j","w":833,"h":1200},{"t":"j","w":833,"h":1200},{"t":"j","w":833,"h":1200},{"t":"j","w":833,"h":1200},{"t":"j","w":833,"h":1200},{"t":"j","w":833,"h":1200},{"t":"j","w":833,"h":1200},{"t":"j","w":833,"h":1200},{"t":"j","w":833,"h":1200},{"t":"j","w":833,"h":1200},{"t":"j","w":833,"h":1200},{"t":"j","w":833,"h":1200},{"t":"j","w":833,"h":1200},{"t":"j","w":833,"h":1200},{"t":"j","w":833,"h":1200},{"t":"j","w":833,"h":1200},{"t":"j","w":833,"h":1200},{"t":"j","w":833,"h":1200},{"t":"j","w":833,"h":1200},{"t":"j","w":833,"h":1200},{"t":"j","w":833,"h":1200},{"t":"j","w":833,"h":1200},{"t":"j","w":833,"h":1200},{"t":"j","w":833,"h":1200},{"t":"j","w":833,"h":1200},{"t":"j","w":833,"h":1200},{"t":"j","w":833,"h":1200},{"t":"j","w":833,"h":1200},{"t":"j","w":833,"h":1200},{"t":"j","w":833,"h":1200},{"t":"j","w":833,"h":1200},{"t":"j","w":833,"h":1200},{"t":"j","w":833,"h":1200},{"t":"j","w":833,"h":1200},{"t":"j","w":833,"h":1200},{"t":"j","w":833,"h":1200},{"t":"j","w":833,"h":1200},{"t":"j","w":833,"h":1200},{"t":"j","w":833,"h":1200},{"t":"j","w":833,"h":1200},{"t":"j","w":833,"h":1200},{"t":"j","w":833,"h":1200},{"t":"j","w":833,"h":1200},{"t":"j","w":833,"h":1200},{"t":"j","w":833,"h":1200},{"t":"j","w":833,"h":1200},{"t":"j","w":833,"h":1200},{"t":"j","w":833,"h":1200},{"t":"j","w":833,"h":1200},{"t":"j","w":833,"h":1200},{"t":"j","w":833,"h":1200},{"t":"j","w":833,"h":1200},{"t":"j","w":833,"h":1200},{"t":"j","w":833,"h":1200},{"t":"j","w":833,"h":1200},{"t":"j","w":833,"h":1200},{"t":"j","w":833,"h":1200},{"t":"j","w":833,"h":1200},{"t":"j","w":833,"h":1200},{"t":"j","w":833,"h":1200},{"t":"j","w":833,"h":1200},{"t":"j","w":833,"h":1200}],"cover":{"t":"j","w":350,"h":294},"thumbnail":{"t":"j","w":250,"h":210}},"scanlator":"","upload_date":1403964738,"tags":[{"id":779,"type":"tag","name":"futanari","url":"/tag/futanari/","count":23173},{"id":2937,"type":"tag","name":"big breasts","url":"/tag/big-breasts/","count":103273},{"id":3391,"type":"tag","name":"nun","url":"/tag/nun/","count":1384},{"id":4068,"type":"tag","name":"glory hole","url":"/tag/glory-hole/","count":260},{"id":5810,"type":"tag","name":"strap-on","url":"/tag/strap-on/","count":4031},{"id":7155,"type":"tag","name":"cunnilingus","url":"/tag/cunnilingus/","count":4595},{"id":8010,"type":"tag","name":"group","url":"/tag/group/","count":72150},{"id":8378,"type":"tag","name":"glasses","url":"/tag/glasses/","count":48279},{"id":8391,"type":"tag","name":"public use","url":"/tag/public-use/","count":787},{"id":13720,"type":"tag","name":"nakadashi","url":"/tag/nakadashi/","count":42357},{"id":14283,"type":"tag","name":"anal","url":"/tag/anal/","count":64587},{"id":14971,"type":"tag","name":"sex toys","url":"/tag/sex-toys/","count":20823},{"id":15658,"type":"tag","name":"bondage","url":"/tag/bondage/","count":34540},{"id":16828,"type":"tag","name":"hairy","url":"/tag/hairy/","count":9305},{"id":19954,"type":"tag","name":"yuri","url":"/tag/yuri/","count":20241},{"id":22487,"type":"artist","name":"raymon","url":"/artist/raymon/","count":233},{"id":22942,"type":"tag","name":"incest","url":"/tag/incest/","count":28107},{"id":22945,"type":"tag","name":"double penetration","url":"/tag/double-penetration/","count":24472},{"id":23132,"type":"tag","name":"bunny girl","url":"/tag/bunny-girl/","count":5128},{"id":23237,"type":"tag","name":"tankoubon","url":"/tag/tankoubon/","count":25051},{"id":25614,"type":"tag","name":"paizuri","url":"/tag/paizuri/","count":22785},{"id":26130,"type":"tag","name":"fingering","url":"/tag/fingering/","count":5148},{"id":27553,"type":"tag","name":"rape","url":"/tag/rape/","count":34191},{"id":28031,"type":"tag","name":"sister","url":"/tag/sister/","count":14429},{"id":28550,"type":"tag","name":"teacher","url":"/tag/teacher/","count":9616},{"id":31337,"type":"tag","name":"kunoichi","url":"/tag/kunoichi/","count":1038},{"id":6346,"type":"language","name":"japanese","url":"/language/japanese/","count":191613},{"id":33173,"type":"category","name":"manga","url":"/category/manga/","count":77142},{"id":23965,"type":"tag","name":"chloroform","url":"/tag/chloroform/","count":1858}],"num_pages":179,"num_favorites":332}