{"id":13,"media_id":"854","title":{"english":"[Hagio Nobuto] AD Paradise","japanese":"[\u8429\u5c3e\u30ce\u30d6\u30c8] AD\u30d1\u30e9\u30c0\u30a4\u30b9","pretty":"AD Paradise"},"images":{"pages":[{"t":"j","w":1200,"h":528},{"t":"j","w":1200,"h":813},{"t":"j","w":1200,"h":115},{"t":"j","w":964,"h":1400},{"t":"j","w":964,"h":1400},{"t":"j","w":964,"h":1400},{"t":"j","w":1200,"h":858},{"t":"j","w":964,"h":1400},{"t":"j","w":964,"h":1400},{"t":"j","w":964,"h":1400},{"t":"j","w":964,"h":1400},{"t":"j","w":964,"h":1400},{"t":"j","w":964,"h":1400},{"t":"j","w":964,"h":1400},{"t":"j","w":964,"h":1400},{"t":"j","w":964,"h":1400},{"t":"j","w":964,"h":1400},{"t":"j","w":964,"h":1400},{"t":"j","w":964,"h":1400},{"t":"j","w":964,"h":1400},{"t":"j","w":964,"h":1400},{"t":"j","w":964,"h":1400},{"t":"j","w":964,"h":1400},{"t":"j","w":964,"h":1400},{"t":"j","w":964,"h":1400},{"t":"j","w":964,"h":1400},{"t":"j","w":964,"h":1400},{"t":"j","w":964,"h":1400},{"t":"j","w":964,"h":1400},{"t":"j","w":964,"h":1400},{"t":"j","w":964,"h":1400},{"t":"j","w":964,"h":1400},{"t":"j","w":964,"h":1400},{"t":"j","w":964,"h":1400},{"t":"j","w":964,"h":1400},{"t":"j","w":964,"h":1400},{"t":"j","w":964,"h":1400},{"t":"j","w":964,"h":1400},{"t":"j","w":964,"h":1400},{"t":"j","w":964,"h":1400},{"t":"j","w":964,"h":1400},{"t":"j","w":964,"h":1400},{"t":"j","w":964,"h":1400},{"t":"j","w":964,"h":1400},{"t":"j","w":964,"h":1400},{"t":"j","w":964,"h":1400},{"t":"j","w":964,"h":1400},{"t":"j","w":964,"h":1400},{"t":"j","w":964,"h":1400},{"t":"j","w":964,"h":1400},{"t":"j","w":964,"h":1400},{"t":"j","w":964,"h":1400},{"t":"j","w":964,"h":1400},{"t":"j","w":964,"h":1400},{"t":"j","w":964,"h":1400},{"t":"j","w":964,"h":1400},{"t":"j","w":964,"h":1400},{"t":"j","w":964,"h":1400},{"t":"j","w":964,"h":1400},{"t":"j","w":964,"h":1400},{"t":"j","w":964,"h":1400},{"t":"j","w":964,"h":1400},{"t":"j","w":964,"h":1400},{"t":"j","w":964,"h":1400},{"t":"j","w":964,"h":1400},{"t":"j","w":964,"h":1400},{"t":"j","w":964,"h":1400},{"t":"j","w":964,"h":1400},{"t":"j","w":964,"h":1400},{"t":"j","w":964,"h":1400},{"t":"j","w":964,"h":1400},{"t":"j","w":964,"h":1400},{"t":"j","w":964,"h":1400},{"t":"j","w":964,"h":1400},{"t":"j","w":964,"h":1400},{"t":"j","w":964,"h":1400},{"t":"j","w":964,"h":1400},{"t":"j","w":964,"h":1400},{"t":"j","w":964,"h":1400},{"t":"j","w":964,"h":1400},{"t":"j","w":964,"h":1400},{"t":"j","w":964,"h":1400},{"t":"j","w":964,"h":1400},{"t":"j","w":964,"h":1400},{"t":"j","w":964,"h":1400},{"t":"j","w":964,"h":1400},{"t":"j","w":964,"h":1400},{"t":"j","w":964,"h":1400},{"t":"j","w":964,"h":1400},{"t":"j","w":964,"h":1400},{"t":"j","w":964,"h":1400},{"t":"j","w":964,"h":1400},{"t":"j","w":964,"h":1400},{"t":"j","w":964,"h":1400},{"t":"j","w":964,"h":1400},{"t":"j","w":964,"h":1400},{"t":"j","w":964,"h":1400},{"t":"j","w":964,"h":1400},{"t":"j","w":964,"h":1400},{"t":"j","w":964,"h":1400},{"t":"j","w":964,"h":1400},{"t":"j","w":964,"h":1400},{"t":"j","w":964,"h":1400},{"t":"j","w":964,"h":1400},{"t":"j","w":964,"h":1400},{"t":"j","w":964,"h":1400},{"t":"j","w":964,"h":1400},{"t":"j","w":964,"h":1400},{"t":"j","w":964,"h":1400},{"t":"j","w":964,"h":1400},{"t":"j","w":964,"h":1400},{"t":"j","w":964,"h":1400},{"t":"j","w":964,"h":1400},{"t":"j","w":964,"h":1400},{"t":"j","w":964,"h":1400},{"t":"j","w":964,"h":1400},{"t":"j","w":964,"h":1400},{"t":"j","w":964,"h":1400},{"t":"j","w":964,"h":1400},{"t":"j","w":964,"h":1400},{"t":"j","w":964,"h":1400},{"t":"j","w":964,"h":1400},{"t":"j","w":964,"h":1400},{"t":"j","w":964,"h":1400},{"t":"j","w":964,"h":1400},{"t":"j","w":964,"h":1400},{"t":"j","w":964,"h":1400},{"t":"j","w":964,"h":1400},{"t":"j","w":964,"h":1400},{"t":"j","w":964,"h":1400},{"t":"j","w":964,"h":1400},{"t":"j","w":964,"h":1400},{"t":"j","w":964,"h":1400},{"t":"j","w":964,"h":1400},{"t":"j","w":964,"h":1400},{"t":"j","w":964,"h":1400},{"t":"j","w":964,"h":1400},{"t":"j","w":964,"h":1400},{"t":"j","w":964,"h":1400},{"t":"j","w":964,"h":1400},{"t":"j","w":964,"h":1400},{"t":"j","w":964,"h":1400},{"t":"j","w":964,"h":1400},{"t":"j","w":964,"h":1400},{"t":"j","w":964,"h":1400},{"t":"j","w":964,"h":1400},{"t":"j","w":964,"h":1400},{"t":"j","w":964,"h":1400},{"t":"j","w":964,"h":1400},{"t":"j","w":964,"h":1400},{"t":"j","w":964,"h":1400},{"t":"j","w":964,"h":1400},{"t":"j","w":964,"h":1400},{"t":"j","w":964,"h":1400},{"t":"j","w":964,"h":1400},{"t":"j","w":964,"h":1400},{"t":"j","w":964,"h":1400},{"t":"j","w":964,"h":1400},{"t":"j","w":964,"h":1400},{"t":"j","w":964,"h":1400},{"t":"j","w":964,"h":1400},{"t":"j","w":964,"h":1400},{"t":"j","w":964,"h":1400},{"t":"j","w":964,"h":1400},{"t":"j","w":964,"h":1400},{"t":"j","w":964,"h":1400},{"t":"j","w":964,"h":1400},{"t":"j","w":964,"h":1400},{"t":"j","w":964,"h":1400},{"t":"j","w":964,"h":1400},{"t":"j","w":964,"h":1400},{"t":"j","w":964,"h":1400},{"t":"j","w":964,"h":1400},{"t":"j","w":964,"h":1400},{"t":"j","w":964,"h":1400},{"t":"j","w":964,"h":1400},{"t":"j","w":964,"h":1400},{"t":"j","w":964,"h":1400},{"t":"j","w":964,"h":1400},{"t":"j","w":964,"h":1400},{"t":"j","w":964,"h":1400},{"t":"j","w":964,"h":1400},{"t":"j","w":964,"h":1400},{"t":"j","w":964,"h":1400},{"t":"j","w":964,"h":1400},{"t":"j","w":964,"h":1400},{"t":"j","w":964,"h":1400},{"t":"j","w":964,"h":1400},{"t":"j","w":964,"h":1400},{"t":"j","w":964,"h":1400},{"t":"j","w":964,"h":1400},{"t":"j","w":964,"h":1400},{"t":"j","w":964,"h":1400},{"t":"j","w":964,"h":1400},{"t":"j","w":964,"h":1400},{"t":"j","w":964,"h":1400},{"t":"j","w":964,"h":1400},{"t":"j","w":964,"h":1400},{"t":"j","w":964,"h":1400},{"t":"j","w":964,"h":1400},{"t":"j","w":964,"h":1400},{"t":"j","w":964,"h":1400},{"t":"j","w":964,"h":1400},{"t":"j","w":964,"h":1400},{"t":"j","w":964,"h":1400},{"t":"j","w":964,"h":1400},{"t":"j","w":964,"h":1400},{"t":"j","w":964,"h":1400},{"t":"j","w":964,"h":1400},{"t":"j","w":964,"h":1400},{"t":"j","w":964,"h":1400},{"t":"j","w":964,"h":1400},{"t":"j","w":964,"h":1400},{"t":"j","w":964,"h":1400},{"t":"j","w":964,"h":1400},{"t":"j","w":964,"h":1400},{"t":"j","w":964,"h":1400},{"t":"j","w":964,"h":1400},{"t":"j","w":964,"h":1400},{"t":"j","w":964,"h":1400},{"t":"j","w":964,"h":1400},{"t":"j","w":964,"h":1400},{"t":"j","w":964,"h":1400},{"t":"j","w":964,"h":1400},{"t":"j","w":964,"h":1400},{"t":"j","w":964,"h":1400}],"cover":{"t":"j","w":350,"h":154},"thumbnail":{"t":"j","w":250,"h":110}},"scanlator":"","upload_date":1403964739,"tags":[{"id":2937,"type":"tag","name":"big breasts","url":"/tag/big-breasts/","count":103273},{"id":3735,"type":"tag","name":"swimsuit","url":"/tag/swimsuit/","count":19363},{"id":6525,"type":"tag","name":"nurse","url":"/tag/nurse/","count":3629},{"id":16815,"type":"artist","name":"hagio nobuto","url":"/artist/hagio-nobuto/","count":1},{"id":23237,"type":"tag","name":"tankoubon","url":"/tag/tankoubon/","count":25051},{"id":25614,"type":"tag","name":"paizuri","url":"/tag/paizuri/","count":22785},{"id":6346,"type":"language","name":"japanese","url":"/language/japanese/","count":191613},{"id":33173,"type":"category","name":"manga","url":"/category/manga/","count":77142}],"num_pages":226,"num_favorites":113}