{"id":14,"media_id":"856","title":{"english":"[Amadume Ryuuta] Kimochi Ii Koto - A Pleasant Thing","japanese":"[\u7518\u8a70\u7559\u592a] \u304d\u3082\u3061\u30a4\u30a4\u30b3\u30c8","pretty":"Kimochi Ii Koto - A Pleasant Thing"},"images":{"pages":[{"t":"j","w":956,"h":1200},{"t":"j","w":961,"h":1200},{"t":"j","w":439,"h":1200},{"t":"j","w":440,"h":1200},{"t":"j","w":1229,"h":1600},{"t":"j","w":1118,"h":1600},{"t":"j","w":828,"h":1200},{"t":"j","w":830,"h":1200},{"t":"j","w":828,"h":1200},{"t":"j","w":829,"h":1200},{"t":"j","w":829,"h":1200},{"t":"j","w":829,"h":1200},{"t":"j","w":829,"h":1200},{"t":"j","w":829,"h":1200},{"t":"j","w":829,"h":1200},{"t":"j","w":829,"h":1200},{"t":"j","w":829,"h":1200},{"t":"j","w":829,"h":1200},{"t":"j","w":829,"h":1200},{"t":"j","w":829,"h":1200},{"t":"j","w":829,"h":1200},{"t":"j","w":829,"h":1200},{"t":"j","w":829,"h":1200},{"t":"j","w":829,"h":1200},{"t":"j","w":829,"h":1200},{"t":"j","w":829,"h":1200},{"t":"j","w":829,"h":1200},{"t":"j","w":829,"h":1200},{"t":"j","w":829,"h":1200},{"t":"j","w":829,"h":1200},{"t":"j","w":829,"h":1200},{"t":"j","w":829,"h":1200},{"t":"j","w":829,"h":1200},{"t":"j","w":829,"h":1200},{"t":"j","w":829,"h":1200},{"t":"j","w":829,"h":1200},{"t":"j","w":829,"h":1200},{"t":"j","w":829,"h":1200},{"t":"j","w":829,"h":1200},{"t":"j","w":829,"h":1200},{"t":"j","w":829,"h":1200},{"t":"j","w":829,"h":1200},{"t":"j","w":829,"h":1200},{"t":"j","w":829,"h":1200},{"t":"j","w":829,"h":1200},{"t":"j","w":829,"h":1200},{"t":"j","w":829,"h":1200},{"t":"j","w":829,"h":1200},{"t":"j","w":829,"h":1200},{"t":"j","w":829,"h":1200},{"t":"j","w":829,"h":1200},{"t":"j","w":829,"h":1200},{"t":"j","w":829,"h":1200},{"t":"j","w":829,"h":1200},{"t":"j","w":829,"h":1200},{"t":"j","w":829,"h":1200},{"t":"j","w":829,"h":1200},{"t":"j","w":829,"h":1200},{"t":"j","w":829,"h":1200},{"t":"j","w":829,"h":1200},{"t":"j","w":829,"h":1200},{"t":"j","w":829,"h":1200},{"t":"j","w":829,"h":1200},{"t":"j","w":829,"h":1200},{"t":"j","w":829,"h":1200},{"t":"j","w":829,"h":1200},{"t":"j","w":829,"h":1200},{"t":"j","w":829,"h":1200},{"t":"j","w":829,"h":1200},{"t":"j","w":829,"h":1200},{"t":"j","w":829,"h":1200},{"t":"j","w":829,"h":1200},{"t":"j","w":829,"h":1200},{"t":"j","w":829,"h":1200},{"t":"j","w":829,"h":1200},{"t":"j","w":829,"h":1200},{"t":"j","w":829,"h":1200},{"t":"j","w":829,"h":1200},{"t":"j","w":829,"h":1200},{"t":"j","w":829,"h":1200},{"t":"j","w":829,"h":1200},{"t":"j","w":829,"h":1200},{"t":"j","w":829,"h":1200},{"t":"j","w":829,"h":1200},{"t":"j","w":829,"h":1200},{"t":"j","w":829,"h":1200},{"t":"j","w":829,"h":1200},{"t":"j","w":829,"h":1200},{"t":"j","w":1200,"h":860},{"t":"j","w":829,"h":1200},{"t":"j","w":829,"h":1200},{"t":"j","w":829,"h":1200},{"t":"j","w":829,"h":1200},{"t":"j","w":829,"h":1200},{"t":"j","w":829,"h":1200},{"t":"j","w":829,"h":1200},{"t":"j","w":829,"h":1200},{"t":"j","w":829,"h":1200},{"t":"j","w":829,"h":1200},{"t":"j","w":829,"h":1200},{"t":"j","w":829,"h":1200},{"t":"j","w":829,"h":1200},{"t":"j","w":829,"h":1200},{"t":"j","w":829,"h":1200},{"t":"j","w":829,"h":1200},{"t":"j","w":829,"h":1200},{"t":"j","w":829,"h":1200},{"t":"j","w":829,"h":1200},{"t":"j","w":829,"h":1200},{"t":"j","w":829,"h":1200},{"t":"j","w":829,"h":1200},{"t":"j","w":829,"h":1200},{"t":"j","w":829,"h":1200},{"t":"j","w":829,"h":1200},{"t":"j","w":829,"h":1200},{"t":"j","w":829,"h":1200},{"t":"j","w":829,"h":1200},{"t":"j","w":1200,"h":856},{"t":"j","w":829,"h":1200},{"t":"j","w":829,"h":1200},{"t":"j","w":829,"h":1200},{"t":"j","w":829,"h":1200},{"t":"j","w":829,"h":1200},{"t":"j","w":829,"h":1200},{"t":"j","w":829,"h":1200},{"t":"j","w":829,"h":1200},{"t":"j","w":829,"h":1200},{"t":"j","w":829,"h":1200},{"t":"j","w":829,"h":1200},{"t":"j","w":829,"h":1200},{"t":"j","w":829,"h":1200},{"t":"j","w":829,"h":1200},{"t":"j","w":829,"h":1200},{"t":"j","w":829,"h":1200},{"t":"j","w":829,"h":1200},{"t":"j","w":829,"h":1200},{"t":"j","w":829,"h":1200},{"t":"j","w":829,"h":1200},{"t":"j","w":829,"h":1200},{"t":"j","w":829,"h":1200},{"t":"j","w":829,"h":1200},{"t":"j","w":829,"h":1200},{"t":"j","w":829,"h":1200},{"t":"j","w":829,"h":1200},{"t":"j","w":829,"h":1200},{"t":"j","w":829,"h":1200},{"t":"j","w":829,"h":1200},{"t":"j","w":829,"h":1200},{"t":"j","w":829,"h":1200},{"t":"j","w":829,"h":1200},{"t":"j","w":829,"h":1200},{"t":"j","w":829,"h":1200},{"t":"j","w":829,"h":1200},{"t":"j","w":829,"h":1200},{"t":"j","w":829,"h":1200},{"t":"j","w":829,"h":1200},{"t":"j","w":829,"h":1200},{"t":"j","w":829,"h":1200},{"t":"j","w":829,"h":1200},{"t":"j","w":829,"h":1200},{"t":"j","w":829,"h":1200},{"t":"j","w":829,"h":1200},{"t":"j","w":829,"h":1200},{"t":"j","w":829,"h":1200},{"t":"j","w":829,"h":1200},{"t":"j","w":829,"h":1200},{"t":"j","w":829,"h":1200}],"cover":{"t":"j","w":350,"h":439},"thumbnail":{"t":"j","w":250,"h":314}},"scanlator":"","upload_date":1403964739,"tags":[{"id":779,"type":"tag","name":"futanari","url":"/tag/futanari/","count":24529},{"id":2937,"type":"tag","name":"big breasts","url":"/tag/big-breasts/","count":112335},{"id":3735,"type":"tag","name":"swimsuit","url":"/tag/swimsuit/","count":20709},{"id":5529,"type":"tag","name":"urethra insertion","url":"/tag/urethra-insertion/","count":3207},{"id":8010,"type":"tag","name":"group","url":"/tag/group/","count":76825},{"id":8378,"type":"tag","name":"glasses","url":"/tag/glasses/","count":51399},{"id":13136,"type":"tag","name":"facesitting","url":"/tag/facesitting/","count":1832},{"id":14283,"type":"tag","name":"anal","url":"/tag/anal/","count":69440},{"id":14971,"type":"tag","name":"sex toys","url":"/tag/sex-toys/","count":22509},{"id":15408,"type":"tag","name":"femdom","url":"/tag/femdom/","count":18746},{"id":15658,"type":"tag","name":"bondage","url":"/tag/bondage/","count":36484},{"id":19018,"type":"tag","name":"dark skin","url":"/tag/dark-skin/","count":23127},{"id":19440,"type":"tag","name":"lolicon","url":"/tag/lolicon/","count":73396},{"id":22942,"type":"tag","name":"incest","url":"/tag/incest/","count":30187},{"id":22945,"type":"tag","name":"double penetration","url":"/tag/double-penetration/","count":25999},{"id":23237,"type":"tag","name":"tankoubon","url":"/tag/tankoubon/","count":26058},{"id":24676,"type":"tag","name":"rimjob","url":"/tag/rimjob/","count":4547},{"id":25614,"type":"tag","name":"paizuri","url":"/tag/paizuri/","count":24700},{"id":29859,"type":"tag","name":"blowjob","url":"/tag/blowjob/","count":42232},{"id":32341,"type":"tag","name":"shotacon","url":"/tag/shotacon/","count":42334},{"id":6346,"type":"language","name":"japanese","url":"/language/japanese/","count":201161},{"id":33173,"type":"category","name":"manga","url":"/category/manga/","count":84081},{"id":10314,"type":"tag","name":"schoolgirl uniform","url":"/tag/schoolgirl-uniform/","count":59519},{"id":35968,"type":"tag","name":"dickgirl on male","url":"/tag/dickgirl-on-male/","count":2686},{"id":15348,"type":"tag","name":"ffm threesome","url":"/tag/ffm-threesome/","count":19628},{"id":24380,"type":"tag","name":"pantyhose","url":"/tag/pantyhose/","count":15994},{"id":55214,"type":"artist","name":"amadume ryuuta","url":"/artist/amadume-ryuuta/","count":58}],"num_pages":167,"num_favorites":763}