{"id":3,"media_id":"254","title":{"english":"(C68) [Kashiwa-Ya (Hiyo Hiyo)] Sakurasaku Heisei Juunana Nen (Naruto)","japanese":"(C68) [\u304b\u3057\u308f\u5c4b (\u3072\u3088\u3072\u3088)] \u30b5\u30af\u30e9\u30b5\u30af\u5e73\u6210\u5341\u4e03\u5e74 (\u30ca\u30eb\u30c8)","pretty":"Sakurasaku Heisei Juunana Nen"},"images":{"pages":[{"t":"j","w":1065,"h":1511},{"t":"j","w":1053,"h":1508},{"t":"j","w":1060,"h":1511},{"t":"j","w":1053,"h":1511},{"t":"j","w":1058,"h":1511},{"t":"j","w":1058,"h":1513},{"t":"j","w":1056,"h":1511},{"t":"j","w":1051,"h":1508},{"t":"j","w":1056,"h":1511},{"t":"j","w":1056,"h":1511},{"t":"j","w":1058,"h":1511},{"t":"j","w":1056,"h":1511},{"t":"j","w":1056,"h":1508},{"t":"j","w":1053,"h":1511},{"t":"j","w":1056,"h":1511},{"t":"j","w":1053,"h":1511},{"t":"j","w":1056,"h":1511},{"t":"j","w":1065,"h":1506}],"cover":{"t":"j","w":350,"h":497},"thumbnail":{"t":"j","w":250,"h":355}},"scanlator":"","upload_date":1403964737,"tags":[{"id":976,"type":"artist","name":"hiyo hiyo","url":"/artist/hiyo-hiyo/","count":157},{"id":8010,"type":"tag","name":"group","url":"/tag/group/","count":72150},{"id":11920,"type":"character","name":"sakura haruno","url":"/character/sakura-haruno/","count":479},{"id":13159,"type":"parody","name":"naruto","url":"/parody/naruto/","count":1267},{"id":13552,"type":"group","name":"kashiwa-ya","url":"/group/kashiwa-ya/","count":111},{"id":32341,"type":"tag","name":"shotacon","url":"/tag/shotacon/","count":39737},{"id":6346,"type":"language","name":"japanese","url":"/language/japanese/","count":191613},{"id":33172,"type":"category","name":"doujinshi","url":"/category/doujinshi/","count":228729},{"id":7718,"type":"character","name":"naruto uzumaki","url":"/character/naruto-uzumaki/","count":634},{"id":29859,"type":"tag","name":"blowjob","url":"/tag/blowjob/","count":37321}],"num_pages":18,"num_favorites":263}