{"id":4,"media_id":"290","title":{"english":"(C67) [Shikisokuzekuu (Shake, Kuma)] Honey Bunny (Naruto)","japanese":"(C67) [\u8272\u5373\u662f\u7a7a (\u3057\u3083\u3051\u3001\u304f\u307e)] Honey Bunny (\u30ca\u30eb\u30c8)","pretty":"Honey Bunny"},"images":{"pages":[{"t":"j","w":778,"h":1103},{"t":"j","w":776,"h":1105},{"t":"j","w":776,"h":1105},{"t":"j","w":776,"h":1105},{"t":"j","w":776,"h":1105},{"t":"j","w":776,"h":1105},{"t":"j","w":776,"h":1105},{"t":"j","w":776,"h":1105},{"t":"j","w":776,"h":1105},{"t":"j","w":776,"h":1105},{"t":"j","w":776,"h":1105},{"t":"j","w":776,"h":1105},{"t":"j","w":776,"h":1105},{"t":"j","w":776,"h":1105},{"t":"j","w":776,"h":1105},{"t":"j","w":776,"h":1105},{"t":"j","w":776,"h":1105},{"t":"j","w":776,"h":1105},{"t":"j","w":776,"h":1105},{"t":"j","w":776,"h":1105},{"t":"j","w":776,"h":1105},{"t":"j","w":776,"h":1105},{"t":"j","w":776,"h":1105},{"t":"j","w":776,"h":1105},{"t":"j","w":776,"h":1105},{"t":"j","w":776,"h":1105},{"t":"j","w":776,"h":1105},{"t":"j","w":776,"h":1105},{"t":"j","w":776,"h":1105},{"t":"j","w":776,"h":1105},{"t":"j","w":776,"h":1093}],"cover":{"t":"j","w":350,"h":496},"thumbnail":{"t":"j","w":250,"h":354}},"scanlator":"","upload_date":1403964737,"tags":[{"id":2937,"type":"tag","name":"big breasts","url":"/tag/big-breasts/","count":103273},{"id":4314,"type":"artist","name":"shake","url":"/artist/shake/","count":89},{"id":7706,"type":"character","name":"ino yamanaka","url":"/character/ino-yamanaka/","count":94},{"id":11430,"type":"character","name":"neji hyuga","url":"/character/neji-hyuga/","count":21},{"id":13159,"type":"parody","name":"naruto","url":"/parody/naruto/","count":1267},{"id":14971,"type":"tag","name":"sex toys","url":"/tag/sex-toys/","count":20823},{"id":16298,"type":"group","name":"shikisokuzekuu","url":"/group/shikisokuzekuu/","count":4},{"id":19954,"type":"tag","name":"yuri","url":"/tag/yuri/","count":20241},{"id":22942,"type":"tag","name":"incest","url":"/tag/incest/","count":28107},{"id":25439,"type":"character","name":"hinata hyuga","url":"/character/hinata-hyuga/","count":436},{"id":29859,"type":"tag","name":"blowjob","url":"/tag/blowjob/","count":37321},{"id":31787,"type":"artist","name":"kuma","url":"/artist/kuma/","count":14},{"id":6346,"type":"language","name":"japanese","url":"/language/japanese/","count":191613},{"id":33172,"type":"category","name":"doujinshi","url":"/category/doujinshi/","count":228729}],"num_pages":31,"num_favorites":124}