{"id":5,"media_id":"465","title":{"english":"(C66) [HENREIKAI (Karashima Hiroyuki, Kawarajima Kou, Urushihara Satoshi)] Ayanami Club 3 (Evangelion, Keroro Gunsou)","japanese":"(C66) [\u7247\u52b1\u4f1a (\u304b\u3089\u3057\u307e\u3072\u308d\u3086\u304d, \u304b\u308f\u3089\u3058\u307e\u6643, \u3046\u308b\u3057\u539f\u667a\u5fd7)] \u7dbe\u6ce2\u5036\u697d\u90e8\u53c2 (\u65b0\u4e16\u7d00\u30a8\u30f4\u30a1\u30f3\u30b2\u30ea\u30aa\u30f3, \u30b1\u30ed\u30ed\u8ecd\u66f9)","pretty":"Ayanami Club 3"},"images":{"pages":[{"t":"j","w":985,"h":1400},{"t":"j","w":944,"h":1400},{"t":"j","w":933,"h":1400},{"t":"j","w":952,"h":1400},{"t":"j","w":929,"h":1400},{"t":"j","w":948,"h":1400},{"t":"j","w":928,"h":1400},{"t":"j","w":954,"h":1400},{"t":"j","w":937,"h":1400},{"t":"j","w":951,"h":1400},{"t":"j","w":933,"h":1400},{"t":"j","w":944,"h":1400},{"t":"j","w":935,"h":1400},{"t":"j","w":955,"h":1400},{"t":"j","w":941,"h":1400},{"t":"j","w":953,"h":1400},{"t":"j","w":942,"h":1400},{"t":"j","w":952,"h":1400},{"t":"j","w":933,"h":1400},{"t":"j","w":948,"h":1400},{"t":"j","w":933,"h":1400},{"t":"j","w":954,"h":1400},{"t":"j","w":929,"h":1400},{"t":"j","w":948,"h":1400},{"t":"j","w":937,"h":1400},{"t":"j","w":951,"h":1400},{"t":"j","w":937,"h":1400},{"t":"j","w":950,"h":1400},{"t":"j","w":934,"h":1400},{"t":"j","w":956,"h":1400},{"t":"j","w":936,"h":1400},{"t":"j","w":956,"h":1400},{"t":"j","w":934,"h":1400},{"t":"j","w":949,"h":1400},{"t":"j","w":935,"h":1400},{"t":"j","w":956,"h":1400},{"t":"j","w":935,"h":1400},{"t":"j","w":946,"h":1400},{"t":"j","w":937,"h":1400},{"t":"j","w":955,"h":1400},{"t":"j","w":934,"h":1400},{"t":"j","w":951,"h":1400},{"t":"j","w":930,"h":1400},{"t":"j","w":950,"h":1400},{"t":"j","w":938,"h":1400},{"t":"j","w":948,"h":1400},{"t":"j","w":936,"h":1400},{"t":"j","w":955,"h":1400},{"t":"j","w":942,"h":1400},{"t":"j","w":954,"h":1400},{"t":"j","w":938,"h":1400},{"t":"j","w":955,"h":1400},{"t":"j","w":943,"h":1400},{"t":"j","w":954,"h":1400},{"t":"j","w":942,"h":1400},{"t":"j","w":952,"h":1400},{"t":"j","w":940,"h":1400},{"t":"j","w":958,"h":1400},{"t":"j","w":947,"h":1400},{"t":"j","w":961,"h":1400},{"t":"j","w":972,"h":1400},{"t":"j","w":965,"h":1400},{"t":"j","w":950,"h":1400},{"t":"j","w":968,"h":1400},{"t":"j","w":953,"h":1400},{"t":"j","w":959,"h":1400},{"t":"j","w":940,"h":1400},{"t":"j","w":986,"h":1400}],"cover":{"t":"j","w":350,"h":497},"thumbnail":{"t":"j","w":250,"h":355}},"scanlator":"","upload_date":1403964737,"tags":[{"id":8378,"type":"tag","name":"glasses","url":"/tag/glasses/","count":48279},{"id":8653,"type":"tag","name":"netorare","url":"/tag/netorare/","count":15879},{"id":10173,"type":"artist","name":"karashima hiroyuki","url":"/artist/karashima-hiroyuki/","count":10},{"id":11248,"type":"artist","name":"kawarajima koh","url":"/artist/kawarajima-koh/","count":118},{"id":16332,"type":"character","name":"hikari horaki","url":"/character/hikari-horaki/","count":104},{"id":17137,"type":"parody","name":"neon genesis evangelion","url":"/parody/neon-genesis-evangelion/","count":2489},{"id":17749,"type":"group","name":"henreikai","url":"/group/henreikai/","count":103},{"id":19440,"type":"tag","name":"lolicon","url":"/tag/lolicon/","count":69490},{"id":20525,"type":"tag","name":"defloration","url":"/tag/defloration/","count":23209},{"id":21779,"type":"character","name":"rei ayanami","url":"/character/rei-ayanami/","count":1195},{"id":27553,"type":"tag","name":"rape","url":"/tag/rape/","count":34191},{"id":29013,"type":"tag","name":"dilf","url":"/tag/dilf/","count":15244},{"id":6346,"type":"language","name":"japanese","url":"/language/japanese/","count":191613},{"id":33172,"type":"category","name":"doujinshi","url":"/category/doujinshi/","count":228729},{"id":50834,"type":"artist","name":"urushihara satoshi","url":"/artist/urushihara-satoshi/","count":137}],"num_pages":68,"num_favorites":254}