{"id":7,"media_id":"552","title":{"english":"[Maniac Street (E.C.H)] ebuange 7 (Neon Genesis Evangelion)","japanese":"[Maniac Street (E.C.H)] \u3048\u3076\u3041\u3093\u30527 (\u65b0\u4e16\u7d00\u30a8\u30f4\u30a1\u30f3\u30b2\u30ea\u30aa\u30f3)","pretty":"ebuange 7"},"images":{"pages":[{"t":"j","w":779,"h":1100},{"t":"j","w":779,"h":1100},{"t":"j","w":779,"h":1100},{"t":"j","w":779,"h":1100},{"t":"j","w":779,"h":1100},{"t":"j","w":779,"h":1100},{"t":"j","w":779,"h":1100},{"t":"j","w":779,"h":1100},{"t":"j","w":779,"h":1100},{"t":"j","w":779,"h":1100},{"t":"j","w":779,"h":1100},{"t":"j","w":779,"h":1100},{"t":"j","w":779,"h":1100},{"t":"j","w":779,"h":1100},{"t":"j","w":779,"h":1100},{"t":"j","w":779,"h":1100},{"t":"j","w":779,"h":1100},{"t":"j","w":779,"h":1100},{"t":"j","w":779,"h":1100},{"t":"j","w":779,"h":1100},{"t":"j","w":779,"h":1100},{"t":"j","w":779,"h":1100},{"t":"j","w":779,"h":1100},{"t":"j","w":450,"h":321}],"cover":{"t":"j","w":350,"h":494},"thumbnail":{"t":"j","w":250,"h":353}},"scanlator":"","upload_date":1403964737,"tags":[{"id":7256,"type":"tag","name":"mmf threesome","url":"/tag/mmf-threesome/","count":9641},{"id":8010,"type":"tag","name":"group","url":"/tag/group/","count":72150},{"id":16458,"type":"group","name":"maniac street","url":"/group/maniac-street/","count":105},{"id":17137,"type":"parody","name":"neon genesis evangelion","url":"/parody/neon-genesis-evangelion/","count":2492},{"id":17349,"type":"tag","name":"tracksuit","url":"/tag/tracksuit/","count":1701},{"id":25125,"type":"character","name":"asuka langley soryu","url":"/character/asuka-langley-soryu/","count":1515},{"id":27553,"type":"tag","name":"rape","url":"/tag/rape/","count":34191},{"id":29212,"type":"artist","name":"e.c.h","url":"/artist/e-c-h/","count":7},{"id":6346,"type":"language","name":"japanese","url":"/language/japanese/","count":191613},{"id":33172,"type":"category","name":"doujinshi","url":"/category/doujinshi/","count":228729},{"id":19928,"type":"character","name":"kensuke aida","url":"/character/kensuke-aida/","count":14},{"id":8112,"type":"character","name":"touji suzuhara","url":"/character/touji-suzuhara/","count":33},{"id":10314,"type":"tag","name":"schoolgirl uniform","url":"/tag/schoolgirl-uniform/","count":56168}],"num_pages":24,"num_favorites":132}