{"id":8,"media_id":"654","title":{"english":"[Gambler Club] Kuromisama Daikatsuyaku!! (Onegai My Melody) [Request]","japanese":"[\u30ae\u30e3\u30f3\u30d6\u30e9\u30fc\u5036\u697d\u90e8 (\u9999\u5742\u7d14)] \u30af\u30ed\u30df\u3055\u307e\u5927\u6d3b\u8e8d\uff01\uff01 (\u304a\u306d\u304c\u3044\u30de\u30a4\u30e1\u30ed\u30c7\u30a3) [Request]","pretty":"Kuromisama Daikatsuyaku!!"},"images":{"pages":[{"t":"j","w":1200,"h":1694},{"t":"j","w":1200,"h":1694},{"t":"j","w":1200,"h":1694},{"t":"j","w":1200,"h":1694},{"t":"j","w":1200,"h":1694},{"t":"j","w":1200,"h":1694},{"t":"j","w":1200,"h":1694},{"t":"j","w":1200,"h":1694},{"t":"j","w":1200,"h":1694},{"t":"j","w":1200,"h":1694},{"t":"j","w":1200,"h":1694},{"t":"j","w":1200,"h":1694},{"t":"j","w":1200,"h":1694},{"t":"j","w":1200,"h":1694},{"t":"j","w":1200,"h":1694},{"t":"j","w":1200,"h":1694}],"cover":{"t":"j","w":350,"h":494},"thumbnail":{"t":"j","w":250,"h":353}},"scanlator":"","upload_date":1403964737,"tags":[{"id":6377,"type":"character","name":"kurumi nui","url":"/character/kurumi-nui/","count":12},{"id":19440,"type":"tag","name":"lolicon","url":"/tag/lolicon/","count":69490},{"id":20525,"type":"tag","name":"defloration","url":"/tag/defloration/","count":23209},{"id":23351,"type":"parody","name":"onegai my melody","url":"/parody/onegai-my-melody/","count":102},{"id":25227,"type":"artist","name":"kousaka jun","url":"/artist/kousaka-jun/","count":281},{"id":27332,"type":"group","name":"gambler club","url":"/group/gambler-club/","count":281},{"id":6346,"type":"language","name":"japanese","url":"/language/japanese/","count":191613},{"id":33172,"type":"category","name":"doujinshi","url":"/category/doujinshi/","count":228729},{"id":25601,"type":"tag","name":"small breasts","url":"/tag/small-breasts/","count":6915}],"num_pages":16,"num_favorites":56}