{"id":9,"media_id":"732","title":{"english":"(C57) [Tail of Nearly (Aiueoh, St.germain-sal, Waka)] Imasara Nadia Tottemo Asuka! (Neon Genesis Evangelion, Fushigi no Umi no Nadia [Nadia The Secret Of Blue Water])","japanese":"(C57) [\u30c6\u30fc\u30eb of \u30cb\u30e4\u30ea\u30fc (\u611b\u98e2\u738b\u3001\u3055\u3093\u3062\u3047\u308b\u307e\u3093\u30fb\u733f\u3001WAKA)] \u3044\u307e\u3055\u3089\u30ca\u30c7\u30a3\u30a2\u3068\u3063\u3066\u3082\u30a2\u30b9\u30ab\uff01 (\u65b0\u4e16\u7d00\u30a8\u30f4\u30a1\u30f3\u30b2\u30ea\u30aa\u30f3\u3001\u3075\u3057\u304e\u306e\u6d77\u306e\u30ca\u30c7\u30a3\u30a2)","pretty":"Imasara Nadia Tottemo Asuka!"},"images":{"pages":[{"t":"j","w":779,"h":1122},{"t":"j","w":779,"h":1124},{"t":"j","w":779,"h":1124},{"t":"j","w":779,"h":1139},{"t":"j","w":779,"h":1139},{"t":"j","w":779,"h":1139},{"t":"j","w":779,"h":1139},{"t":"j","w":779,"h":1139},{"t":"j","w":779,"h":1139},{"t":"j","w":779,"h":1139},{"t":"j","w":779,"h":1139},{"t":"j","w":779,"h":1139},{"t":"j","w":779,"h":1139},{"t":"j","w":779,"h":1139},{"t":"j","w":779,"h":1139},{"t":"j","w":779,"h":1139},{"t":"j","w":779,"h":1139},{"t":"j","w":779,"h":1139},{"t":"j","w":779,"h":1139},{"t":"j","w":779,"h":1139},{"t":"j","w":779,"h":1139},{"t":"j","w":779,"h":1139},{"t":"j","w":779,"h":1139},{"t":"j","w":779,"h":1139},{"t":"j","w":779,"h":1139},{"t":"j","w":779,"h":1139},{"t":"j","w":779,"h":1139},{"t":"j","w":779,"h":1139},{"t":"j","w":779,"h":1139},{"t":"j","w":779,"h":1139},{"t":"j","w":779,"h":1139},{"t":"j","w":779,"h":1139},{"t":"j","w":779,"h":1139},{"t":"j","w":779,"h":1139},{"t":"j","w":779,"h":1139},{"t":"j","w":779,"h":1139},{"t":"j","w":779,"h":1139},{"t":"j","w":779,"h":1139},{"t":"j","w":779,"h":1116}],"cover":{"t":"j","w":350,"h":504},"thumbnail":{"t":"j","w":250,"h":360}},"scanlator":"","upload_date":1403964737,"tags":[{"id":1009,"type":"artist","name":"aiueou","url":"/artist/aiueou/","count":7},{"id":2937,"type":"tag","name":"big breasts","url":"/tag/big-breasts/","count":103273},{"id":5883,"type":"artist","name":"st.germain-sal","url":"/artist/st-germain-sal/","count":122},{"id":8010,"type":"tag","name":"group","url":"/tag/group/","count":72150},{"id":8378,"type":"tag","name":"glasses","url":"/tag/glasses/","count":48279},{"id":11281,"type":"parody","name":"fushigi no umi no nadia","url":"/parody/fushigi-no-umi-no-nadia/","count":156},{"id":14283,"type":"tag","name":"anal","url":"/tag/anal/","count":64587},{"id":15658,"type":"tag","name":"bondage","url":"/tag/bondage/","count":34540},{"id":17137,"type":"parody","name":"neon genesis evangelion","url":"/parody/neon-genesis-evangelion/","count":2489},{"id":17983,"type":"artist","name":"waka","url":"/artist/waka/","count":60},{"id":19018,"type":"tag","name":"dark skin","url":"/tag/dark-skin/","count":21056},{"id":19440,"type":"tag","name":"lolicon","url":"/tag/lolicon/","count":69490},{"id":19954,"type":"tag","name":"yuri","url":"/tag/yuri/","count":20241},{"id":22945,"type":"tag","name":"double penetration","url":"/tag/double-penetration/","count":24472},{"id":25125,"type":"character","name":"asuka langley soryu","url":"/character/asuka-langley-soryu/","count":1513},{"id":27468,"type":"character","name":"nadia la arwall","url":"/character/nadia-la-arwall/","count":143},{"id":30752,"type":"group","name":"tail of nearly","url":"/group/tail-of-nearly/","count":40},{"id":32341,"type":"tag","name":"shotacon","url":"/tag/shotacon/","count":39737},{"id":6346,"type":"language","name":"japanese","url":"/language/japanese/","count":191613},{"id":33172,"type":"category","name":"doujinshi","url":"/category/doujinshi/","count":228729}],"num_pages":39,"num_favorites":129}