{"id":144,"media_id":"540","title":{"english":"(C70) [Kohakutei (Sakai Hamachi)] More!3 (Neon Genesis Evangelion) [English] [Darknemo, gatexor, AT]","japanese":"(C70) [\u7425\u73c0\u4ead (\u583a\u306f\u307e\u3061)] More!3 (\u65b0\u4e16\u7d00\u30a8\u30f4\u30a1\u30f3\u30b2\u30ea\u30aa\u30f3) [\u82f1\u8a33]","pretty":"More!3"},"images":{"pages":[{"t":"j","w":1200,"h":1694},{"t":"j","w":1200,"h":1694},{"t":"j","w":1200,"h":1694},{"t":"j","w":1200,"h":1694},{"t":"j","w":1200,"h":1694},{"t":"j","w":1200,"h":1694},{"t":"j","w":1200,"h":1694},{"t":"j","w":1200,"h":1694},{"t":"j","w":1200,"h":1694},{"t":"j","w":1200,"h":1694},{"t":"j","w":1200,"h":1694},{"t":"j","w":1200,"h":1694},{"t":"j","w":1200,"h":1694},{"t":"j","w":1200,"h":1694},{"t":"j","w":1200,"h":1694},{"t":"j","w":1200,"h":1694},{"t":"j","w":1200,"h":1694},{"t":"j","w":1200,"h":1694},{"t":"j","w":1200,"h":1694},{"t":"j","w":1200,"h":1694},{"t":"j","w":1200,"h":1694},{"t":"j","w":1200,"h":1694},{"t":"j","w":1200,"h":1694},{"t":"j","w":1200,"h":1694},{"t":"j","w":1200,"h":1694},{"t":"j","w":1200,"h":1694},{"t":"j","w":1200,"h":1694},{"t":"j","w":1200,"h":1694},{"t":"j","w":1200,"h":1694},{"t":"j","w":1200,"h":1694},{"t":"j","w":1200,"h":1694},{"t":"j","w":1200,"h":1694},{"t":"j","w":1200,"h":1694},{"t":"j","w":1200,"h":1694},{"t":"j","w":704,"h":480}],"cover":{"t":"j","w":350,"h":494},"thumbnail":{"t":"j","w":250,"h":353}},"scanlator":"","upload_date":1403964872,"tags":[{"id":3206,"type":"character","name":"shinji ikari","url":"/character/shinji-ikari/","count":1229},{"id":8444,"type":"artist","name":"sakai hamachi","url":"/artist/sakai-hamachi/","count":285},{"id":11229,"type":"group","name":"kohakutei","url":"/group/kohakutei/","count":186},{"id":12227,"type":"language","name":"english","url":"/language/english/","count":69378},{"id":17137,"type":"parody","name":"neon genesis evangelion","url":"/parody/neon-genesis-evangelion/","count":2489},{"id":17249,"type":"language","name":"translated","url":"/language/translated/","count":109734},{"id":20525,"type":"tag","name":"defloration","url":"/tag/defloration/","count":23209},{"id":25125,"type":"character","name":"asuka langley soryu","url":"/character/asuka-langley-soryu/","count":1513},{"id":33172,"type":"category","name":"doujinshi","url":"/category/doujinshi/","count":228729},{"id":10314,"type":"tag","name":"schoolgirl uniform","url":"/tag/schoolgirl-uniform/","count":56168},{"id":28521,"type":"tag","name":"voyeurism","url":"/tag/voyeurism/","count":1129},{"id":35762,"type":"tag","name":"sole female","url":"/tag/sole-female/","count":66202},{"id":7752,"type":"tag","name":"schoolboy uniform","url":"/tag/schoolboy-uniform/","count":12311}],"num_pages":35,"num_favorites":836}