{"id":145,"media_id":"541","title":{"english":"(C67) [Kohakutei (Sakai Hamachi)] EDEN -Rei5- (Neon Genesis Evangelion)","japanese":"(C67) [\u7425\u73c0\u4ead (\u583a\u306f\u307e\u3061)] EDEN -Rei5- (\u65b0\u4e16\u7d00\u30a8\u30f4\u30a1\u30f3\u30b2\u30ea\u30aa\u30f3)","pretty":"EDEN"},"images":{"pages":[{"t":"j","w":987,"h":1400},{"t":"j","w":955,"h":1400},{"t":"j","w":949,"h":1400},{"t":"j","w":955,"h":1400},{"t":"j","w":942,"h":1400},{"t":"j","w":958,"h":1400},{"t":"j","w":946,"h":1400},{"t":"j","w":959,"h":1400},{"t":"j","w":938,"h":1400},{"t":"j","w":952,"h":1400},{"t":"j","w":945,"h":1400},{"t":"j","w":957,"h":1400},{"t":"j","w":937,"h":1400},{"t":"j","w":946,"h":1400},{"t":"j","w":956,"h":1400},{"t":"j","w":955,"h":1400},{"t":"j","w":951,"h":1400},{"t":"j","w":956,"h":1400},{"t":"j","w":943,"h":1400},{"t":"j","w":950,"h":1400},{"t":"j","w":955,"h":1400},{"t":"j","w":957,"h":1400},{"t":"j","w":952,"h":1400},{"t":"j","w":953,"h":1400},{"t":"j","w":959,"h":1400},{"t":"j","w":965,"h":1400},{"t":"j","w":952,"h":1400},{"t":"j","w":964,"h":1400},{"t":"j","w":953,"h":1400},{"t":"j","w":958,"h":1400},{"t":"j","w":963,"h":1400},{"t":"j","w":965,"h":1400},{"t":"j","w":927,"h":1400},{"t":"j","w":993,"h":1400}],"cover":{"t":"j","w":350,"h":496},"thumbnail":{"t":"j","w":250,"h":355}},"scanlator":"","upload_date":1403964873,"tags":[{"id":3206,"type":"character","name":"shinji ikari","url":"/character/shinji-ikari/","count":1243},{"id":11229,"type":"group","name":"kohakutei","url":"/group/kohakutei/","count":191},{"id":17137,"type":"parody","name":"neon genesis evangelion","url":"/parody/neon-genesis-evangelion/","count":2508},{"id":21779,"type":"character","name":"rei ayanami","url":"/character/rei-ayanami/","count":1219},{"id":25125,"type":"character","name":"asuka langley soryu","url":"/character/asuka-langley-soryu/","count":1540},{"id":6346,"type":"language","name":"japanese","url":"/language/japanese/","count":197135},{"id":33172,"type":"category","name":"doujinshi","url":"/category/doujinshi/","count":238435},{"id":20525,"type":"tag","name":"defloration","url":"/tag/defloration/","count":24093},{"id":21572,"type":"tag","name":"multi-work series","url":"/tag/multi-work-series/","count":15196},{"id":8010,"type":"tag","name":"group","url":"/tag/group/","count":74927},{"id":8444,"type":"artist","name":"sakai hamachi","url":"/artist/sakai-hamachi/","count":292}],"num_pages":34,"num_favorites":49}