{"id":146,"media_id":"542","title":{"english":"(SC34)[Kohakutei (Sakai Hamachi)] MONO -Asuka- (Neon Genesis Evangelion)","japanese":"(\u30b5\u30f3\u30af\u30ea34) [\u7425\u73c0\u4ead (\u583a\u306f\u307e\u3061)] MONO-Asuka- (\u65b0\u4e16\u7d00\u30a8\u30f4\u30a1\u30f3\u30b2\u30ea\u30aa\u30f3)","pretty":"MONO"},"images":{"pages":[{"t":"j","w":1133,"h":1600},{"t":"j","w":1133,"h":1600},{"t":"j","w":1133,"h":1600},{"t":"j","w":1133,"h":1600},{"t":"j","w":1133,"h":1600},{"t":"j","w":1133,"h":1600},{"t":"j","w":1133,"h":1600},{"t":"j","w":1133,"h":1600},{"t":"j","w":1133,"h":1600},{"t":"j","w":1133,"h":1600},{"t":"j","w":1133,"h":1600},{"t":"j","w":1133,"h":1600},{"t":"j","w":1133,"h":1600},{"t":"j","w":1133,"h":1600}],"cover":{"t":"j","w":350,"h":494},"thumbnail":{"t":"j","w":250,"h":353}},"scanlator":"","upload_date":1403964874,"tags":[{"id":3206,"type":"character","name":"shinji ikari","url":"/character/shinji-ikari/","count":1231},{"id":8444,"type":"artist","name":"sakai hamachi","url":"/artist/sakai-hamachi/","count":287},{"id":11229,"type":"group","name":"kohakutei","url":"/group/kohakutei/","count":188},{"id":17137,"type":"parody","name":"neon genesis evangelion","url":"/parody/neon-genesis-evangelion/","count":2492},{"id":25125,"type":"character","name":"asuka langley soryu","url":"/character/asuka-langley-soryu/","count":1515},{"id":6346,"type":"language","name":"japanese","url":"/language/japanese/","count":193003},{"id":33172,"type":"category","name":"doujinshi","url":"/category/doujinshi/","count":231184},{"id":10314,"type":"tag","name":"schoolgirl uniform","url":"/tag/schoolgirl-uniform/","count":56614},{"id":28800,"type":"tag","name":"bloomers","url":"/tag/bloomers/","count":5672},{"id":35762,"type":"tag","name":"sole female","url":"/tag/sole-female/","count":67502},{"id":35763,"type":"tag","name":"sole male","url":"/tag/sole-male/","count":61245}],"num_pages":14,"num_favorites":54}