{"id":147,"media_id":"543","title":{"english":"[Krutta] SLAVE ASUKA \uff5eRenewal version\uff5e (Neon Genesis Evangelion)","japanese":"[K\u308b\u3063\u592a] SLAVE ASUKA \uff5eRenewal version\uff5e (\u65b0\u4e16\u7d00\u30a8\u30f4\u30a1\u30f3\u30b2\u30ea\u30aa\u30f3)","pretty":"SLAVE ASUKA \uff5eRenewal version\uff5e"},"images":{"pages":[{"t":"j","w":1099,"h":1558},{"t":"j","w":1099,"h":1558},{"t":"j","w":1075,"h":1555},{"t":"j","w":1037,"h":1546},{"t":"j","w":1059,"h":1546},{"t":"j","w":1040,"h":1552},{"t":"j","w":1062,"h":1546},{"t":"j","w":1043,"h":1549},{"t":"j","w":1054,"h":1552},{"t":"j","w":1040,"h":1549},{"t":"j","w":1051,"h":1546},{"t":"j","w":1038,"h":1541},{"t":"j","w":1049,"h":1544},{"t":"j","w":1046,"h":1546},{"t":"j","w":1056,"h":1544},{"t":"j","w":1048,"h":1546},{"t":"j","w":1054,"h":1546},{"t":"j","w":1046,"h":1546},{"t":"j","w":1054,"h":1549},{"t":"j","w":1052,"h":1546},{"t":"j","w":1054,"h":1546},{"t":"j","w":1051,"h":1549},{"t":"j","w":1062,"h":1554},{"t":"j","w":1060,"h":1546},{"t":"j","w":1054,"h":1549},{"t":"j","w":1046,"h":1549},{"t":"j","w":1059,"h":1549},{"t":"j","w":1051,"h":1549},{"t":"j","w":1059,"h":1549},{"t":"j","w":1054,"h":1552},{"t":"j","w":1043,"h":1549},{"t":"j","w":1049,"h":1549},{"t":"j","w":1029,"h":1549},{"t":"j","w":1051,"h":1549}],"cover":{"t":"j","w":350,"h":496},"thumbnail":{"t":"j","w":250,"h":354}},"scanlator":"","upload_date":1403964874,"tags":[{"id":1088,"type":"tag","name":"bdsm","url":"/tag/bdsm/","count":1953},{"id":2820,"type":"tag","name":"scat","url":"/tag/scat/","count":5965},{"id":4435,"type":"tag","name":"gag","url":"/tag/gag/","count":7189},{"id":10879,"type":"group","name":"krutta fan","url":"/group/krutta-fan/","count":4},{"id":15658,"type":"tag","name":"bondage","url":"/tag/bondage/","count":34802},{"id":17137,"type":"parody","name":"neon genesis evangelion","url":"/parody/neon-genesis-evangelion/","count":2492},{"id":25125,"type":"character","name":"asuka langley soryu","url":"/character/asuka-langley-soryu/","count":1515},{"id":31880,"type":"tag","name":"bbm","url":"/tag/bbm/","count":11848},{"id":6346,"type":"language","name":"japanese","url":"/language/japanese/","count":193003},{"id":33172,"type":"category","name":"doujinshi","url":"/category/doujinshi/","count":231184},{"id":10314,"type":"tag","name":"schoolgirl uniform","url":"/tag/schoolgirl-uniform/","count":56614},{"id":5357,"type":"tag","name":"humiliation","url":"/tag/humiliation/","count":1799},{"id":24676,"type":"tag","name":"rimjob","url":"/tag/rimjob/","count":4223},{"id":59241,"type":"artist","name":"krutta","url":"/artist/krutta/","count":2}],"num_pages":34,"num_favorites":53}