{"id":148,"media_id":"544","title":{"english":"[MANIAC STREET] 3 Days (Neon Genesis Evangelion)","japanese":"[Maniac Street] 3days (\u65b0\u4e16\u7d00\u30a8\u30f4\u30a1\u30f3\u30b2\u30ea\u30aa\u30f3)","pretty":"3 Days"},"images":{"pages":[{"t":"j","w":916,"h":1300},{"t":"j","w":917,"h":1300},{"t":"j","w":916,"h":1300},{"t":"j","w":916,"h":1300},{"t":"j","w":916,"h":1300},{"t":"j","w":916,"h":1300},{"t":"j","w":916,"h":1300},{"t":"j","w":916,"h":1300},{"t":"j","w":916,"h":1300},{"t":"j","w":916,"h":1300},{"t":"j","w":916,"h":1300},{"t":"j","w":916,"h":1300},{"t":"j","w":916,"h":1300},{"t":"j","w":916,"h":1300},{"t":"j","w":916,"h":1300},{"t":"j","w":917,"h":1300},{"t":"j","w":915,"h":1300},{"t":"j","w":916,"h":1300},{"t":"j","w":916,"h":1300}],"cover":{"t":"j","w":350,"h":497},"thumbnail":{"t":"j","w":250,"h":355}},"scanlator":"","upload_date":1403964875,"tags":[{"id":3206,"type":"character","name":"shinji ikari","url":"/character/shinji-ikari/","count":1231},{"id":16458,"type":"group","name":"maniac street","url":"/group/maniac-street/","count":105},{"id":17137,"type":"parody","name":"neon genesis evangelion","url":"/parody/neon-genesis-evangelion/","count":2492},{"id":19018,"type":"tag","name":"dark skin","url":"/tag/dark-skin/","count":21056},{"id":20905,"type":"tag","name":"full color","url":"/tag/full-color/","count":33404},{"id":25125,"type":"character","name":"asuka langley soryu","url":"/character/asuka-langley-soryu/","count":1515},{"id":29212,"type":"artist","name":"e.c.h","url":"/artist/e-c-h/","count":7},{"id":32341,"type":"tag","name":"shotacon","url":"/tag/shotacon/","count":39737},{"id":6346,"type":"language","name":"japanese","url":"/language/japanese/","count":191613},{"id":33172,"type":"category","name":"doujinshi","url":"/category/doujinshi/","count":228729},{"id":35762,"type":"tag","name":"sole female","url":"/tag/sole-female/","count":66202},{"id":35763,"type":"tag","name":"sole male","url":"/tag/sole-male/","count":60070}],"num_pages":19,"num_favorites":60}