[{"id":141,"title":"More!","tags":["big breasts","shinji ikari","sakai hamachi","kohakutei","neon genesis evangelion","footjob","asuka langley soryu","japanese","doujinshi","schoolgirl uniform","sole female","sole male"],"page":35},{"id":144,"title":"More!3","tags":["shinji ikari","sakai hamachi","kohakutei","english","neon genesis evangelion","translated","defloration","asuka langley soryu","doujinshi","schoolgirl uniform","voyeurism","sole female","schoolboy uniform"],"page":35},{"id":142,"title":"More!2","tags":["shinji ikari","sakai hamachi","kohakutei","neon genesis evangelion","apron","asuka langley soryu","school swimsuit","japanese","doujinshi","schoolgirl uniform","sole male","sole female","schoolboy uniform"],"page":32},{"id":143,"title":"More!3","tags":["shinji ikari","sakai hamachi","kohakutei","neon genesis evangelion","asuka langley soryu","japanese","doujinshi","schoolgirl uniform","sole female","schoolboy uniform"],"page":34},{"id":146,"title":"MONO","tags":["shinji ikari","sakai hamachi","kohakutei","neon genesis evangelion","asuka langley soryu","japanese","doujinshi","schoolgirl uniform","bloomers","sole female","sole male"],"page":14},{"id":145,"title":"EDEN","tags":["shinji ikari","kohakutei","neon genesis evangelion","rei ayanami","asuka langley soryu","japanese","doujinshi","defloration","multi-work series","group","sakai hamachi"],"page":34},{"id":150,"title":"ebuange 4 german","tags":["maniac street","neon genesis evangelion","asuka langley soryu","e.c.h","japanese","doujinshi","ryoji kaji","netorare","cheating","dilf","sole female","sole male"],"page":20},{"id":149,"title":"ebuange 3 comic","tags":["maniac street","neon genesis evangelion","black olive","asuka langley soryu","e.c.h","japanese","doujinshi","shinji ikari","small breasts","sole female","sole male"],"page":22},{"id":148,"title":"3 Days","tags":["shinji ikari","maniac street","neon genesis evangelion","dark skin","full color","asuka langley soryu","e.c.h","shotacon","japanese","doujinshi","sole female","sole male"],"page":19},{"id":147,"title":"SLAVE ASUKA ～Renewal version～","tags":["bdsm","scat","gag","krutta fan","bondage","neon genesis evangelion","asuka langley soryu","bbm","japanese","doujinshi","schoolgirl uniform","humiliation","rimjob","krutta"],"page":34}]