{"id":271,"media_id":"1569","title":{"english":"(C59) [Daihonei (TYPE.90)] EMPIRE 3 (Nadesico, Love Hina)","japanese":"(C59) [\u5927\u672c\u55b6 (TYPE.90)] EMPIRE 3 (\u30ca\u30c7\u30b7\u30b3, \u30e9\u30d6\u3072\u306a)","pretty":"EMPIRE 3"},"images":{"pages":[{"t":"j","w":1075,"h":1517},{"t":"j","w":1075,"h":1517},{"t":"j","w":1075,"h":1517},{"t":"j","w":1075,"h":1517},{"t":"j","w":1075,"h":1517},{"t":"j","w":1075,"h":1517},{"t":"j","w":1075,"h":1517},{"t":"j","w":1075,"h":1517},{"t":"j","w":1075,"h":1517},{"t":"j","w":1075,"h":1517},{"t":"j","w":1075,"h":1517},{"t":"j","w":1075,"h":1517},{"t":"j","w":1075,"h":1517},{"t":"j","w":1075,"h":1517},{"t":"j","w":1075,"h":1517},{"t":"j","w":1075,"h":1517},{"t":"j","w":1075,"h":1517},{"t":"j","w":1075,"h":1517},{"t":"j","w":1075,"h":1517},{"t":"j","w":1075,"h":1517},{"t":"j","w":1075,"h":1517},{"t":"j","w":1075,"h":1517},{"t":"j","w":1075,"h":1517},{"t":"j","w":1075,"h":1517},{"t":"j","w":1075,"h":1517},{"t":"j","w":1075,"h":1517},{"t":"j","w":1075,"h":1517},{"t":"j","w":1075,"h":1517},{"t":"j","w":1075,"h":1517},{"t":"j","w":1075,"h":1517},{"t":"j","w":1075,"h":1517},{"t":"j","w":1075,"h":1517},{"t":"j","w":1075,"h":1517},{"t":"j","w":1075,"h":1517},{"t":"j","w":1075,"h":1517},{"t":"j","w":1075,"h":1517},{"t":"j","w":1075,"h":1517},{"t":"j","w":1075,"h":1517},{"t":"j","w":1075,"h":1517},{"t":"j","w":1075,"h":1517},{"t":"j","w":1075,"h":1517},{"t":"j","w":1075,"h":1517},{"t":"j","w":1075,"h":1517},{"t":"j","w":1075,"h":1517},{"t":"j","w":1075,"h":1517},{"t":"j","w":1075,"h":1517},{"t":"j","w":1075,"h":1517},{"t":"j","w":1075,"h":1517},{"t":"j","w":1075,"h":1517},{"t":"j","w":1075,"h":1517},{"t":"j","w":1075,"h":1517},{"t":"j","w":1075,"h":1517},{"t":"j","w":1075,"h":1517},{"t":"j","w":1075,"h":1517},{"t":"j","w":1075,"h":1517},{"t":"j","w":1075,"h":1517},{"t":"j","w":1075,"h":1517},{"t":"j","w":1075,"h":1517},{"t":"j","w":1075,"h":1517},{"t":"j","w":1075,"h":1517},{"t":"j","w":1075,"h":1517},{"t":"j","w":1075,"h":1517},{"t":"j","w":1075,"h":1517},{"t":"j","w":1075,"h":1517},{"t":"j","w":1075,"h":1517},{"t":"j","w":1075,"h":1517},{"t":"j","w":1075,"h":1517},{"t":"j","w":1075,"h":1517},{"t":"j","w":1075,"h":1517},{"t":"j","w":1075,"h":1517},{"t":"j","w":1075,"h":1517},{"t":"j","w":1075,"h":1517},{"t":"j","w":1075,"h":1517},{"t":"j","w":1075,"h":1517},{"t":"j","w":1075,"h":1517},{"t":"j","w":1075,"h":1517},{"t":"j","w":1075,"h":1517},{"t":"j","w":1075,"h":1517},{"t":"j","w":1075,"h":1517},{"t":"j","w":1075,"h":1517},{"t":"j","w":1075,"h":1517},{"t":"j","w":1075,"h":1517}],"cover":{"t":"j","w":350,"h":494},"thumbnail":{"t":"j","w":250,"h":353}},"scanlator":"","upload_date":1403965041,"tags":[{"id":394,"type":"parody","name":"love hina","url":"/parody/love-hina/","count":467},{"id":779,"type":"tag","name":"futanari","url":"/tag/futanari/","count":23173},{"id":5810,"type":"tag","name":"strap-on","url":"/tag/strap-on/","count":4031},{"id":8010,"type":"tag","name":"group","url":"/tag/group/","count":72150},{"id":13477,"type":"artist","name":"type.90","url":"/artist/type-90/","count":368},{"id":14283,"type":"tag","name":"anal","url":"/tag/anal/","count":64587},{"id":15041,"type":"parody","name":"martian successor nadesico","url":"/parody/martian-successor-nadesico/","count":385},{"id":15658,"type":"tag","name":"bondage","url":"/tag/bondage/","count":34540},{"id":19440,"type":"tag","name":"lolicon","url":"/tag/lolicon/","count":69490},{"id":22926,"type":"character","name":"shinobu maehara","url":"/character/shinobu-maehara/","count":244},{"id":27384,"type":"tag","name":"mind break","url":"/tag/mind-break/","count":13136},{"id":28556,"type":"group","name":"daihonei","url":"/group/daihonei/","count":116},{"id":28778,"type":"tag","name":"large insertions","url":"/tag/large-insertions/","count":1462},{"id":28807,"type":"character","name":"ruri hoshino","url":"/character/ruri-hoshino/","count":301},{"id":32484,"type":"tag","name":"stomach deformation","url":"/tag/stomach-deformation/","count":4634},{"id":32602,"type":"tag","name":"fisting","url":"/tag/fisting/","count":2230},{"id":6346,"type":"language","name":"japanese","url":"/language/japanese/","count":191613},{"id":33172,"type":"category","name":"doujinshi","url":"/category/doujinshi/","count":228729},{"id":10314,"type":"tag","name":"schoolgirl uniform","url":"/tag/schoolgirl-uniform/","count":56168},{"id":14971,"type":"tag","name":"sex toys","url":"/tag/sex-toys/","count":20823},{"id":5820,"type":"tag","name":"piercing","url":"/tag/piercing/","count":5567},{"id":8378,"type":"tag","name":"glasses","url":"/tag/glasses/","count":48279},{"id":6343,"type":"tag","name":"pregnant","url":"/tag/pregnant/","count":9150}],"num_pages":82,"num_favorites":138}