{"id":272,"media_id":"1570","title":{"english":"(C61) [Daihonei (TYPE.90)] EMPIRE 4 (Various)","japanese":"(C61) [\u5927\u672c\u55b6 (TYPE.90)] EMPIRE 4 (\u3088\u308d\u305a)","pretty":"EMPIRE 4"},"images":{"pages":[{"t":"j","w":724,"h":1046},{"t":"j","w":724,"h":1052},{"t":"j","w":724,"h":1052},{"t":"j","w":724,"h":1052},{"t":"j","w":724,"h":1052},{"t":"j","w":724,"h":1052},{"t":"j","w":724,"h":1052},{"t":"j","w":724,"h":1052},{"t":"j","w":724,"h":1052},{"t":"j","w":724,"h":1052},{"t":"j","w":724,"h":1052},{"t":"j","w":724,"h":1052},{"t":"j","w":724,"h":1052},{"t":"j","w":724,"h":1052},{"t":"j","w":724,"h":1052},{"t":"j","w":724,"h":1052},{"t":"j","w":724,"h":1052},{"t":"j","w":724,"h":1052},{"t":"j","w":724,"h":1052},{"t":"j","w":724,"h":1052},{"t":"j","w":724,"h":1052},{"t":"j","w":724,"h":1052},{"t":"j","w":724,"h":1052},{"t":"j","w":724,"h":1052},{"t":"j","w":724,"h":1052},{"t":"j","w":724,"h":1052},{"t":"j","w":724,"h":1052},{"t":"j","w":724,"h":1052},{"t":"j","w":724,"h":1052},{"t":"j","w":724,"h":1052},{"t":"j","w":724,"h":1052},{"t":"j","w":724,"h":1052},{"t":"j","w":724,"h":1052},{"t":"j","w":724,"h":1052},{"t":"j","w":724,"h":1052},{"t":"j","w":724,"h":1052},{"t":"j","w":724,"h":1052},{"t":"j","w":724,"h":1052},{"t":"j","w":724,"h":1052},{"t":"j","w":724,"h":1052},{"t":"j","w":724,"h":1052},{"t":"j","w":724,"h":1052},{"t":"j","w":724,"h":1052},{"t":"j","w":724,"h":1052},{"t":"j","w":724,"h":1052},{"t":"j","w":724,"h":1052},{"t":"j","w":724,"h":1052},{"t":"j","w":724,"h":1052},{"t":"j","w":724,"h":1052},{"t":"j","w":724,"h":1052},{"t":"j","w":724,"h":1052},{"t":"j","w":724,"h":1052},{"t":"j","w":724,"h":1052},{"t":"j","w":724,"h":1052},{"t":"j","w":724,"h":1052},{"t":"j","w":724,"h":1052},{"t":"j","w":724,"h":1052},{"t":"j","w":724,"h":1052},{"t":"j","w":724,"h":1052},{"t":"j","w":724,"h":1052},{"t":"j","w":724,"h":1052},{"t":"j","w":724,"h":1052},{"t":"j","w":724,"h":1052},{"t":"j","w":724,"h":1052},{"t":"j","w":724,"h":1052},{"t":"j","w":724,"h":1052},{"t":"j","w":724,"h":1052},{"t":"j","w":724,"h":1052},{"t":"j","w":724,"h":1052},{"t":"j","w":724,"h":1052},{"t":"j","w":724,"h":1052},{"t":"j","w":724,"h":1052},{"t":"j","w":724,"h":1052},{"t":"j","w":724,"h":1052},{"t":"j","w":724,"h":1052},{"t":"j","w":724,"h":1052},{"t":"j","w":724,"h":1052},{"t":"j","w":724,"h":1052},{"t":"j","w":724,"h":1052},{"t":"j","w":724,"h":1052},{"t":"j","w":900,"h":1306},{"t":"j","w":724,"h":1052},{"t":"j","w":724,"h":1046}],"cover":{"t":"j","w":350,"h":506},"thumbnail":{"t":"j","w":250,"h":361}},"scanlator":"","upload_date":1403965043,"tags":[{"id":779,"type":"tag","name":"futanari","url":"/tag/futanari/","count":23173},{"id":1627,"type":"character","name":"hatoko kobayashi","url":"/character/hatoko-kobayashi/","count":22},{"id":2937,"type":"tag","name":"big breasts","url":"/tag/big-breasts/","count":103273},{"id":4435,"type":"tag","name":"gag","url":"/tag/gag/","count":7148},{"id":5620,"type":"tag","name":"double anal","url":"/tag/double-anal/","count":1153},{"id":8010,"type":"tag","name":"group","url":"/tag/group/","count":72150},{"id":8378,"type":"tag","name":"glasses","url":"/tag/glasses/","count":48279},{"id":13136,"type":"tag","name":"facesitting","url":"/tag/facesitting/","count":1715},{"id":13477,"type":"artist","name":"type.90","url":"/artist/type-90/","count":368},{"id":14283,"type":"tag","name":"anal","url":"/tag/anal/","count":64587},{"id":14971,"type":"tag","name":"sex toys","url":"/tag/sex-toys/","count":20823},{"id":15041,"type":"parody","name":"martian successor nadesico","url":"/parody/martian-successor-nadesico/","count":386},{"id":15658,"type":"tag","name":"bondage","url":"/tag/bondage/","count":34540},{"id":17137,"type":"parody","name":"neon genesis evangelion","url":"/parody/neon-genesis-evangelion/","count":2489},{"id":17758,"type":"character","name":"misaki suzuhara","url":"/character/misaki-suzuhara/","count":51},{"id":19440,"type":"tag","name":"lolicon","url":"/tag/lolicon/","count":69490},{"id":19954,"type":"tag","name":"yuri","url":"/tag/yuri/","count":20241},{"id":20282,"type":"tag","name":"footjob","url":"/tag/footjob/","count":9290},{"id":21779,"type":"character","name":"rei ayanami","url":"/character/rei-ayanami/","count":1195},{"id":21969,"type":"parody","name":"angelic layer","url":"/parody/angelic-layer/","count":68},{"id":22945,"type":"tag","name":"double penetration","url":"/tag/double-penetration/","count":24472},{"id":25125,"type":"character","name":"asuka langley soryu","url":"/character/asuka-langley-soryu/","count":1513},{"id":27217,"type":"tag","name":"guro","url":"/tag/guro/","count":2449},{"id":27553,"type":"tag","name":"rape","url":"/tag/rape/","count":34191},{"id":28556,"type":"group","name":"daihonei","url":"/group/daihonei/","count":116},{"id":28778,"type":"tag","name":"large insertions","url":"/tag/large-insertions/","count":1462},{"id":28807,"type":"character","name":"ruri hoshino","url":"/character/ruri-hoshino/","count":301},{"id":32602,"type":"tag","name":"fisting","url":"/tag/fisting/","count":2238},{"id":6346,"type":"language","name":"japanese","url":"/language/japanese/","count":191613},{"id":33172,"type":"category","name":"doujinshi","url":"/category/doujinshi/","count":228729}],"num_pages":83,"num_favorites":175}