{"id":273,"media_id":"1571","title":{"english":"(C70) [GUST (Gust-san)] Iro-5 (Mahou Sensei Negima!)","japanese":"(C70) [GUST (\u30ac\u30b9\u30c8\u3055\u3093)] iro-5 (\u9b54\u6cd5\u5148\u751f\u30cd\u30ae\u307e\uff01)","pretty":"Iro-5"},"images":{"pages":[{"t":"j","w":1050,"h":1500},{"t":"j","w":1050,"h":1500},{"t":"j","w":1050,"h":1500},{"t":"j","w":1050,"h":1500},{"t":"j","w":1050,"h":1500},{"t":"j","w":1050,"h":1500},{"t":"j","w":1050,"h":1500},{"t":"j","w":1050,"h":1500},{"t":"j","w":1050,"h":1500},{"t":"j","w":1050,"h":1500},{"t":"j","w":1050,"h":1500},{"t":"j","w":1050,"h":1500},{"t":"j","w":1050,"h":1500},{"t":"j","w":1050,"h":1500},{"t":"j","w":1050,"h":1500},{"t":"j","w":1050,"h":1500},{"t":"j","w":1050,"h":1500},{"t":"j","w":1050,"h":1500},{"t":"j","w":1050,"h":1500},{"t":"j","w":1050,"h":1500},{"t":"j","w":1050,"h":1500},{"t":"j","w":1050,"h":1500},{"t":"j","w":1050,"h":1500},{"t":"j","w":1050,"h":1500},{"t":"j","w":1050,"h":1500},{"t":"j","w":1050,"h":1500},{"t":"j","w":1050,"h":1500},{"t":"j","w":1050,"h":1500},{"t":"j","w":1050,"h":1500},{"t":"j","w":1050,"h":1500},{"t":"j","w":1050,"h":1500},{"t":"j","w":1050,"h":1500},{"t":"j","w":1050,"h":1500},{"t":"j","w":1050,"h":1500},{"t":"j","w":1050,"h":1500},{"t":"j","w":1050,"h":1500},{"t":"j","w":1050,"h":1500},{"t":"j","w":1050,"h":1500},{"t":"j","w":1050,"h":1500},{"t":"j","w":1050,"h":1500},{"t":"j","w":1050,"h":1500},{"t":"j","w":1050,"h":1500}],"cover":{"t":"j","w":350,"h":500},"thumbnail":{"t":"j","w":250,"h":357}},"scanlator":"","upload_date":1403965046,"tags":[{"id":2889,"type":"group","name":"gust","url":"/group/gust/","count":157},{"id":2937,"type":"tag","name":"big breasts","url":"/tag/big-breasts/","count":103273},{"id":6009,"type":"character","name":"ako izumi","url":"/character/ako-izumi/","count":29},{"id":8010,"type":"tag","name":"group","url":"/tag/group/","count":72150},{"id":15785,"type":"tag","name":"harem","url":"/tag/harem/","count":7615},{"id":16166,"type":"parody","name":"mahou sensei negima","url":"/parody/mahou-sensei-negima/","count":588},{"id":20678,"type":"artist","name":"gust-san","url":"/artist/gust-san/","count":79},{"id":22945,"type":"tag","name":"double penetration","url":"/tag/double-penetration/","count":24472},{"id":25614,"type":"tag","name":"paizuri","url":"/tag/paizuri/","count":22785},{"id":27321,"type":"character","name":"yuuna akashi","url":"/character/yuuna-akashi/","count":42},{"id":29859,"type":"tag","name":"blowjob","url":"/tag/blowjob/","count":37321},{"id":30733,"type":"character","name":"asuna kagurazaka","url":"/character/asuna-kagurazaka/","count":216},{"id":6346,"type":"language","name":"japanese","url":"/language/japanese/","count":191613},{"id":33172,"type":"category","name":"doujinshi","url":"/category/doujinshi/","count":228729}],"num_pages":42,"num_favorites":86}