{"id":274,"media_id":"1572","title":{"english":"[Daihonei (TYPE.90)] EMPIRE HARD CORE 5 (Mai-HiME, Genshiken)","japanese":"[\u5927\u672c\u55b6 (TYPE.90)] EMPIRE HARD CORE 5 (\u821e-HiME, \u3052\u3093\u3057\u3051\u3093)","pretty":"EMPIRE HARD CORE 5"},"images":{"pages":[{"t":"j","w":1050,"h":1500},{"t":"j","w":1050,"h":1500},{"t":"j","w":1050,"h":1500},{"t":"j","w":1050,"h":1500},{"t":"j","w":1050,"h":1500},{"t":"j","w":1050,"h":1500},{"t":"j","w":1050,"h":1500},{"t":"j","w":1050,"h":1500},{"t":"j","w":1050,"h":1500},{"t":"j","w":1050,"h":1500},{"t":"j","w":1050,"h":1500},{"t":"j","w":1050,"h":1500},{"t":"j","w":1050,"h":1500},{"t":"j","w":1050,"h":1500},{"t":"j","w":1050,"h":1500},{"t":"j","w":1050,"h":1500},{"t":"j","w":1050,"h":1500},{"t":"j","w":1050,"h":1500},{"t":"j","w":1050,"h":1500},{"t":"j","w":1050,"h":1500},{"t":"j","w":1050,"h":1500},{"t":"j","w":1050,"h":1500},{"t":"j","w":1050,"h":1500},{"t":"j","w":1050,"h":1500},{"t":"j","w":1050,"h":1500},{"t":"j","w":1050,"h":1500},{"t":"j","w":1050,"h":1500},{"t":"j","w":1050,"h":1500},{"t":"j","w":1050,"h":1500},{"t":"j","w":1050,"h":1500},{"t":"j","w":1050,"h":1500},{"t":"j","w":1050,"h":1500},{"t":"j","w":1050,"h":1500},{"t":"j","w":1050,"h":1500},{"t":"j","w":1050,"h":1500},{"t":"j","w":1050,"h":1500},{"t":"j","w":1050,"h":1500},{"t":"j","w":1050,"h":1500}],"cover":{"t":"j","w":350,"h":500},"thumbnail":{"t":"j","w":250,"h":357}},"scanlator":"","upload_date":1403965047,"tags":[{"id":2937,"type":"tag","name":"big breasts","url":"/tag/big-breasts/","count":103273},{"id":4312,"type":"character","name":"kanako ohno","url":"/character/kanako-ohno/","count":109},{"id":8010,"type":"tag","name":"group","url":"/tag/group/","count":72150},{"id":10811,"type":"tag","name":"double vaginal","url":"/tag/double-vaginal/","count":1490},{"id":12695,"type":"tag","name":"prostitution","url":"/tag/prostitution/","count":5613},{"id":13477,"type":"artist","name":"type.90","url":"/artist/type-90/","count":370},{"id":20347,"type":"character","name":"mai tokiha","url":"/character/mai-tokiha/","count":74},{"id":25614,"type":"tag","name":"paizuri","url":"/tag/paizuri/","count":22785},{"id":27553,"type":"tag","name":"rape","url":"/tag/rape/","count":34191},{"id":28556,"type":"group","name":"daihonei","url":"/group/daihonei/","count":118},{"id":30709,"type":"parody","name":"mai-hime","url":"/parody/mai-hime/","count":186},{"id":31210,"type":"parody","name":"genshiken","url":"/parody/genshiken/","count":177},{"id":6346,"type":"language","name":"japanese","url":"/language/japanese/","count":191613},{"id":33172,"type":"category","name":"doujinshi","url":"/category/doujinshi/","count":228729},{"id":10314,"type":"tag","name":"schoolgirl uniform","url":"/tag/schoolgirl-uniform/","count":56168},{"id":190,"type":"tag","name":"maid","url":"/tag/maid/","count":10550},{"id":22945,"type":"tag","name":"double penetration","url":"/tag/double-penetration/","count":24472},{"id":8378,"type":"tag","name":"glasses","url":"/tag/glasses/","count":48279},{"id":3735,"type":"tag","name":"swimsuit","url":"/tag/swimsuit/","count":19363}],"num_pages":38,"num_favorites":138}