{"id":275,"media_id":"1575","title":{"english":"(C65) [Daihon'ei (TYPE.90)] AMPIRE 6 (Various)","japanese":"(C65) [\u5927\u672c\u55b6 (TYPE.90)] AMPIRE 6 (\u3088\u308d\u305a)","pretty":"AMPIRE 6"},"images":{"pages":[{"t":"j","w":1074,"h":1497},{"t":"j","w":1074,"h":1497},{"t":"j","w":1074,"h":1497},{"t":"j","w":1074,"h":1497},{"t":"j","w":1074,"h":1497},{"t":"j","w":1074,"h":1497},{"t":"j","w":1074,"h":1497},{"t":"j","w":1074,"h":1497},{"t":"j","w":1074,"h":1497},{"t":"j","w":1074,"h":1497},{"t":"j","w":1074,"h":1497},{"t":"j","w":1074,"h":1497},{"t":"j","w":1074,"h":1497},{"t":"j","w":1074,"h":1497},{"t":"j","w":1074,"h":1497},{"t":"j","w":1074,"h":1497},{"t":"j","w":1074,"h":1497},{"t":"j","w":1074,"h":1497},{"t":"j","w":1074,"h":1497},{"t":"j","w":1074,"h":1497},{"t":"j","w":1074,"h":1497},{"t":"j","w":1074,"h":1497},{"t":"j","w":1074,"h":1497},{"t":"j","w":1074,"h":1497},{"t":"j","w":1074,"h":1497},{"t":"j","w":1074,"h":1497},{"t":"j","w":1074,"h":1497},{"t":"j","w":1074,"h":1497},{"t":"j","w":1074,"h":1497},{"t":"j","w":1074,"h":1497},{"t":"j","w":1074,"h":1497},{"t":"j","w":1074,"h":1497},{"t":"j","w":1074,"h":1497},{"t":"j","w":1074,"h":1497},{"t":"j","w":1074,"h":1497},{"t":"j","w":1074,"h":1497},{"t":"j","w":1074,"h":1497},{"t":"j","w":1074,"h":1497},{"t":"j","w":1074,"h":1497},{"t":"j","w":1074,"h":1497},{"t":"j","w":1074,"h":1497},{"t":"j","w":1074,"h":1497},{"t":"j","w":1074,"h":1497},{"t":"j","w":1074,"h":1497},{"t":"j","w":1074,"h":1497},{"t":"j","w":1074,"h":1497},{"t":"j","w":1074,"h":1497},{"t":"j","w":1074,"h":1497},{"t":"j","w":1074,"h":1497},{"t":"j","w":1074,"h":1497},{"t":"j","w":1074,"h":1497},{"t":"j","w":1074,"h":1497},{"t":"j","w":1074,"h":1497},{"t":"j","w":1074,"h":1497},{"t":"j","w":1074,"h":1497},{"t":"j","w":1074,"h":1497},{"t":"j","w":1074,"h":1497},{"t":"j","w":1074,"h":1497},{"t":"j","w":1074,"h":1497},{"t":"j","w":1074,"h":1497},{"t":"j","w":1074,"h":1497},{"t":"j","w":1074,"h":1497},{"t":"j","w":1074,"h":1497},{"t":"j","w":1074,"h":1497},{"t":"j","w":1074,"h":1497},{"t":"j","w":1074,"h":1497},{"t":"j","w":1074,"h":1497},{"t":"j","w":1074,"h":1497},{"t":"j","w":1074,"h":1497},{"t":"j","w":1074,"h":1497},{"t":"j","w":1074,"h":1497},{"t":"j","w":1074,"h":1497},{"t":"j","w":1074,"h":1497},{"t":"j","w":1074,"h":1497}],"cover":{"t":"j","w":350,"h":488},"thumbnail":{"t":"j","w":250,"h":348}},"scanlator":"","upload_date":1403965048,"tags":[{"id":190,"type":"tag","name":"maid","url":"/tag/maid/","count":10550},{"id":2819,"type":"character","name":"eclair","url":"/character/eclair/","count":54},{"id":2937,"type":"tag","name":"big breasts","url":"/tag/big-breasts/","count":103273},{"id":4966,"type":"parody","name":"onegai teacher","url":"/parody/onegai-teacher/","count":262},{"id":5620,"type":"tag","name":"double anal","url":"/tag/double-anal/","count":1153},{"id":6343,"type":"tag","name":"pregnant","url":"/tag/pregnant/","count":9150},{"id":6525,"type":"tag","name":"nurse","url":"/tag/nurse/","count":3653},{"id":8010,"type":"tag","name":"group","url":"/tag/group/","count":72150},{"id":8129,"type":"character","name":"lumiere","url":"/character/lumiere/","count":45},{"id":10811,"type":"tag","name":"double vaginal","url":"/tag/double-vaginal/","count":1490},{"id":13477,"type":"artist","name":"type.90","url":"/artist/type-90/","count":370},{"id":13989,"type":"tag","name":"ahegao","url":"/tag/ahegao/","count":29344},{"id":14283,"type":"tag","name":"anal","url":"/tag/anal/","count":64587},{"id":15041,"type":"parody","name":"martian successor nadesico","url":"/parody/martian-successor-nadesico/","count":386},{"id":19440,"type":"tag","name":"lolicon","url":"/tag/lolicon/","count":69490},{"id":20457,"type":"parody","name":"onegai twins","url":"/parody/onegai-twins/","count":100},{"id":21682,"type":"parody","name":"azumanga daioh","url":"/parody/azumanga-daioh/","count":232},{"id":22945,"type":"tag","name":"double penetration","url":"/tag/double-penetration/","count":24673},{"id":24102,"type":"tag","name":"lactation","url":"/tag/lactation/","count":11870},{"id":24115,"type":"tag","name":"angel","url":"/tag/angel/","count":725},{"id":24676,"type":"tag","name":"rimjob","url":"/tag/rimjob/","count":4223},{"id":27384,"type":"tag","name":"mind break","url":"/tag/mind-break/","count":13136},{"id":27553,"type":"tag","name":"rape","url":"/tag/rape/","count":34191},{"id":28556,"type":"group","name":"daihonei","url":"/group/daihonei/","count":118},{"id":28778,"type":"tag","name":"large insertions","url":"/tag/large-insertions/","count":1472},{"id":31300,"type":"parody","name":"kiddy grade","url":"/parody/kiddy-grade/","count":67},{"id":32484,"type":"tag","name":"stomach deformation","url":"/tag/stomach-deformation/","count":4704},{"id":32602,"type":"tag","name":"fisting","url":"/tag/fisting/","count":2238},{"id":6346,"type":"language","name":"japanese","url":"/language/japanese/","count":191613},{"id":33172,"type":"category","name":"doujinshi","url":"/category/doujinshi/","count":228729},{"id":25140,"type":"character","name":"sakaki","url":"/character/sakaki/","count":123},{"id":10314,"type":"tag","name":"schoolgirl uniform","url":"/tag/schoolgirl-uniform/","count":56168}],"num_pages":74,"num_favorites":295}