{"id":276,"media_id":"1577","title":{"english":"[John K. Pe-ta] Geki!! Monzetsu Operation [English] [TCup] [Decensored]","japanese":"[\u30b8\u30e7\u30f3\u30fbK\u30fb\u30da\u30fc\u592a] \u6fc0!!\u60b6\u7d76\u30aa\u30da\u30ec\u30fc\u30b7\u30e7\u30f3 [\u82f1\u8a33] [\u7121\u4fee\u6b63]","pretty":"Geki!! Monzetsu Operation"},"images":{"pages":[{"t":"j","w":1200,"h":513},{"t":"j","w":1200,"h":806},{"t":"j","w":874,"h":1244},{"t":"j","w":874,"h":1244},{"t":"j","w":876,"h":1244},{"t":"j","w":876,"h":1244},{"t":"j","w":876,"h":1244},{"t":"j","w":876,"h":1244},{"t":"j","w":876,"h":1244},{"t":"j","w":876,"h":1244},{"t":"j","w":876,"h":1244},{"t":"j","w":876,"h":1244},{"t":"j","w":876,"h":1244},{"t":"j","w":876,"h":1244},{"t":"j","w":876,"h":1244},{"t":"j","w":876,"h":1244},{"t":"j","w":876,"h":1244},{"t":"j","w":876,"h":1244},{"t":"j","w":876,"h":1244},{"t":"j","w":876,"h":1244},{"t":"j","w":876,"h":1244},{"t":"j","w":876,"h":1244},{"t":"j","w":876,"h":1244},{"t":"j","w":876,"h":1244},{"t":"j","w":876,"h":1244},{"t":"j","w":876,"h":1244},{"t":"j","w":876,"h":1244},{"t":"j","w":876,"h":1244},{"t":"j","w":876,"h":1244},{"t":"j","w":876,"h":1244},{"t":"j","w":876,"h":1244},{"t":"j","w":876,"h":1244},{"t":"j","w":876,"h":1244},{"t":"j","w":876,"h":1244},{"t":"j","w":876,"h":1244},{"t":"j","w":876,"h":1244},{"t":"j","w":876,"h":1244},{"t":"j","w":876,"h":1244},{"t":"j","w":876,"h":1244},{"t":"j","w":876,"h":1244},{"t":"j","w":876,"h":1244},{"t":"j","w":876,"h":1244},{"t":"j","w":876,"h":1244},{"t":"j","w":876,"h":1244},{"t":"j","w":876,"h":1244},{"t":"j","w":876,"h":1244},{"t":"j","w":876,"h":1244},{"t":"j","w":876,"h":1244},{"t":"j","w":876,"h":1244},{"t":"j","w":876,"h":1244},{"t":"j","w":876,"h":1244},{"t":"j","w":876,"h":1244},{"t":"j","w":876,"h":1244},{"t":"j","w":876,"h":1244},{"t":"j","w":876,"h":1244},{"t":"j","w":876,"h":1244},{"t":"j","w":876,"h":1244},{"t":"j","w":876,"h":1244},{"t":"j","w":876,"h":1244},{"t":"j","w":876,"h":1244},{"t":"j","w":876,"h":1244},{"t":"j","w":876,"h":1244},{"t":"j","w":876,"h":1244},{"t":"j","w":876,"h":1244},{"t":"j","w":876,"h":1244},{"t":"j","w":876,"h":1244},{"t":"j","w":876,"h":1244},{"t":"j","w":876,"h":1244},{"t":"j","w":876,"h":1244},{"t":"j","w":876,"h":1244},{"t":"j","w":876,"h":1244},{"t":"j","w":876,"h":1244},{"t":"j","w":876,"h":1244},{"t":"j","w":876,"h":1244},{"t":"j","w":876,"h":1244},{"t":"j","w":876,"h":1244},{"t":"j","w":876,"h":1244},{"t":"j","w":876,"h":1244},{"t":"j","w":876,"h":1244},{"t":"j","w":876,"h":1244},{"t":"j","w":876,"h":1244},{"t":"j","w":876,"h":1244},{"t":"j","w":876,"h":1244},{"t":"j","w":876,"h":1244},{"t":"j","w":876,"h":1244},{"t":"j","w":876,"h":1244},{"t":"j","w":876,"h":1244},{"t":"j","w":876,"h":1244},{"t":"j","w":876,"h":1244},{"t":"j","w":876,"h":1244},{"t":"j","w":876,"h":1244},{"t":"j","w":876,"h":1244},{"t":"j","w":876,"h":1244},{"t":"j","w":876,"h":1244},{"t":"j","w":876,"h":1244},{"t":"j","w":876,"h":1244},{"t":"j","w":876,"h":1244},{"t":"j","w":876,"h":1244},{"t":"j","w":876,"h":1244},{"t":"j","w":876,"h":1244},{"t":"j","w":876,"h":1244},{"t":"j","w":876,"h":1244},{"t":"j","w":876,"h":1244},{"t":"j","w":876,"h":1244},{"t":"j","w":876,"h":1244},{"t":"j","w":876,"h":1244},{"t":"j","w":876,"h":1244},{"t":"j","w":876,"h":1244},{"t":"j","w":876,"h":1244},{"t":"j","w":876,"h":1244},{"t":"j","w":876,"h":1244},{"t":"j","w":876,"h":1244},{"t":"j","w":876,"h":1244},{"t":"j","w":876,"h":1244},{"t":"j","w":876,"h":1244},{"t":"j","w":876,"h":1244},{"t":"j","w":876,"h":1244},{"t":"j","w":876,"h":1244},{"t":"j","w":876,"h":1244},{"t":"j","w":876,"h":1244},{"t":"j","w":876,"h":1244},{"t":"j","w":876,"h":1244},{"t":"j","w":876,"h":1244},{"t":"j","w":876,"h":1244},{"t":"j","w":876,"h":1244},{"t":"j","w":876,"h":1244},{"t":"j","w":876,"h":1244},{"t":"j","w":876,"h":1244},{"t":"j","w":876,"h":1244},{"t":"j","w":876,"h":1244},{"t":"j","w":876,"h":1244},{"t":"j","w":876,"h":1244},{"t":"j","w":876,"h":1244},{"t":"j","w":876,"h":1244},{"t":"j","w":876,"h":1244},{"t":"j","w":876,"h":1244},{"t":"j","w":876,"h":1244},{"t":"j","w":876,"h":1244},{"t":"j","w":876,"h":1244},{"t":"j","w":876,"h":1244},{"t":"j","w":876,"h":1244},{"t":"j","w":876,"h":1244},{"t":"j","w":876,"h":1244},{"t":"j","w":876,"h":1244},{"t":"j","w":876,"h":1244},{"t":"j","w":876,"h":1244},{"t":"j","w":876,"h":1244},{"t":"j","w":876,"h":1244},{"t":"j","w":876,"h":1244},{"t":"j","w":876,"h":1244},{"t":"j","w":876,"h":1244},{"t":"j","w":876,"h":1244},{"t":"j","w":876,"h":1244},{"t":"j","w":876,"h":1244},{"t":"j","w":876,"h":1244},{"t":"j","w":876,"h":1244},{"t":"j","w":876,"h":1244},{"t":"j","w":876,"h":1244},{"t":"j","w":876,"h":1244},{"t":"j","w":876,"h":1244},{"t":"j","w":876,"h":1244},{"t":"j","w":876,"h":1244},{"t":"j","w":876,"h":1244},{"t":"j","w":876,"h":1244},{"t":"j","w":876,"h":1244},{"t":"j","w":876,"h":1244},{"t":"j","w":876,"h":1244},{"t":"j","w":876,"h":1244},{"t":"j","w":876,"h":1244},{"t":"j","w":876,"h":1244},{"t":"j","w":876,"h":1244},{"t":"j","w":876,"h":1244}],"cover":{"t":"j","w":350,"h":150},"thumbnail":{"t":"j","w":250,"h":107}},"scanlator":"","upload_date":1403965049,"tags":[{"id":2937,"type":"tag","name":"big breasts","url":"/tag/big-breasts/","count":103273},{"id":3735,"type":"tag","name":"swimsuit","url":"/tag/swimsuit/","count":19363},{"id":5529,"type":"tag","name":"urethra insertion","url":"/tag/urethra-insertion/","count":2993},{"id":7288,"type":"tag","name":"vomit","url":"/tag/vomit/","count":889},{"id":8010,"type":"tag","name":"group","url":"/tag/group/","count":72150},{"id":8378,"type":"tag","name":"glasses","url":"/tag/glasses/","count":48279},{"id":8693,"type":"tag","name":"uncensored","url":"/tag/uncensored/","count":7295},{"id":9260,"type":"tag","name":"cheating","url":"/tag/cheating/","count":11721},{"id":9842,"type":"artist","name":"john k. pe-ta","url":"/artist/john-k-pe-ta/","count":255},{"id":10476,"type":"tag","name":"urination","url":"/tag/urination/","count":7051},{"id":12227,"type":"language","name":"english","url":"/language/english/","count":69378},{"id":13720,"type":"tag","name":"nakadashi","url":"/tag/nakadashi/","count":42357},{"id":13989,"type":"tag","name":"ahegao","url":"/tag/ahegao/","count":29344},{"id":14283,"type":"tag","name":"anal","url":"/tag/anal/","count":64587},{"id":14971,"type":"tag","name":"sex toys","url":"/tag/sex-toys/","count":20823},{"id":15658,"type":"tag","name":"bondage","url":"/tag/bondage/","count":34540},{"id":17249,"type":"language","name":"translated","url":"/language/translated/","count":109734},{"id":20035,"type":"tag","name":"x-ray","url":"/tag/x-ray/","count":20947},{"id":21989,"type":"tag","name":"inflation","url":"/tag/inflation/","count":5149},{"id":22942,"type":"tag","name":"incest","url":"/tag/incest/","count":28107},{"id":22945,"type":"tag","name":"double penetration","url":"/tag/double-penetration/","count":24472},{"id":23237,"type":"tag","name":"tankoubon","url":"/tag/tankoubon/","count":25051},{"id":24102,"type":"tag","name":"lactation","url":"/tag/lactation/","count":11870},{"id":24201,"type":"tag","name":"stockings","url":"/tag/stockings/","count":64784},{"id":25614,"type":"tag","name":"paizuri","url":"/tag/paizuri/","count":22785},{"id":25996,"type":"tag","name":"gaping","url":"/tag/gaping/","count":1042},{"id":27553,"type":"tag","name":"rape","url":"/tag/rape/","count":34191},{"id":28031,"type":"tag","name":"sister","url":"/tag/sister/","count":14429},{"id":29224,"type":"tag","name":"impregnation","url":"/tag/impregnation/","count":15414},{"id":30555,"type":"tag","name":"big penis","url":"/tag/big-penis/","count":9176},{"id":31775,"type":"tag","name":"tentacles","url":"/tag/tentacles/","count":13276},{"id":32484,"type":"tag","name":"stomach deformation","url":"/tag/stomach-deformation/","count":4634},{"id":32602,"type":"tag","name":"fisting","url":"/tag/fisting/","count":2230},{"id":33173,"type":"category","name":"manga","url":"/category/manga/","count":77142},{"id":10314,"type":"tag","name":"schoolgirl uniform","url":"/tag/schoolgirl-uniform/","count":56168},{"id":7752,"type":"tag","name":"schoolboy uniform","url":"/tag/schoolboy-uniform/","count":12311}],"num_pages":172,"num_favorites":1807}