{"id":277,"media_id":"1579","title":{"english":"[John K. Pe-ta] Monzetsu Caligula Machine [English] [TCup] [Decensored]","japanese":"[\u30b8\u30e7\u30f3\u30fbK\u30fb\u307a\u30fc\u592a] \u60b6\u7d76\u30ab\u30ea\u30ae\u30e5\u30e9\u30de\u30b7\u30fc\u30f3 [\u82f1\u8a33] [\u7121\u4fee\u6b63]","pretty":"Monzetsu Caligula Machine"},"images":{"pages":[{"t":"j","w":1004,"h":1416},{"t":"j","w":1004,"h":1416},{"t":"j","w":1004,"h":1416},{"t":"j","w":1004,"h":1416},{"t":"j","w":1004,"h":1416},{"t":"j","w":1004,"h":1416},{"t":"j","w":1004,"h":1416},{"t":"j","w":1004,"h":1416},{"t":"j","w":1004,"h":1416},{"t":"j","w":1004,"h":1416},{"t":"j","w":1004,"h":1416},{"t":"j","w":1004,"h":1416},{"t":"j","w":1004,"h":1416},{"t":"j","w":1004,"h":1416},{"t":"j","w":1004,"h":1416},{"t":"j","w":1004,"h":1416},{"t":"j","w":1004,"h":1416},{"t":"j","w":1004,"h":1416},{"t":"j","w":1004,"h":1416},{"t":"j","w":1004,"h":1416},{"t":"j","w":1004,"h":1416},{"t":"j","w":1004,"h":1416},{"t":"j","w":1004,"h":1416},{"t":"j","w":1004,"h":1416},{"t":"j","w":1004,"h":1416},{"t":"j","w":1004,"h":1416},{"t":"j","w":1004,"h":1416},{"t":"j","w":1004,"h":1416},{"t":"j","w":1004,"h":1416},{"t":"j","w":1004,"h":1416},{"t":"j","w":1004,"h":1416},{"t":"j","w":1004,"h":1416},{"t":"j","w":1004,"h":1416},{"t":"j","w":1004,"h":1416},{"t":"j","w":1004,"h":1416},{"t":"j","w":1004,"h":1416},{"t":"j","w":1004,"h":1416},{"t":"j","w":1004,"h":1416},{"t":"j","w":1004,"h":1416},{"t":"j","w":1004,"h":1416},{"t":"j","w":1004,"h":1416},{"t":"j","w":1004,"h":1416},{"t":"j","w":1004,"h":1416},{"t":"j","w":1004,"h":1416},{"t":"j","w":1004,"h":1416},{"t":"j","w":1004,"h":1416},{"t":"j","w":1004,"h":1416},{"t":"j","w":1004,"h":1416},{"t":"j","w":1004,"h":1416},{"t":"j","w":1004,"h":1416},{"t":"j","w":1004,"h":1416},{"t":"j","w":1004,"h":1416},{"t":"j","w":1004,"h":1416},{"t":"j","w":1004,"h":1416},{"t":"j","w":1004,"h":1416},{"t":"j","w":1004,"h":1416},{"t":"j","w":1004,"h":1416},{"t":"j","w":1004,"h":1416},{"t":"j","w":1004,"h":1416},{"t":"j","w":1004,"h":1416},{"t":"j","w":1004,"h":1416},{"t":"j","w":1004,"h":1416},{"t":"j","w":1004,"h":1416},{"t":"j","w":1004,"h":1416},{"t":"j","w":1004,"h":1416},{"t":"j","w":1004,"h":1416},{"t":"j","w":1004,"h":1416},{"t":"j","w":1004,"h":1416},{"t":"j","w":1004,"h":1416},{"t":"j","w":1004,"h":1416},{"t":"j","w":1004,"h":1416},{"t":"j","w":1004,"h":1416},{"t":"j","w":1004,"h":1416},{"t":"j","w":1004,"h":1416},{"t":"j","w":1004,"h":1416},{"t":"j","w":1004,"h":1416},{"t":"j","w":1004,"h":1416},{"t":"j","w":1004,"h":1416},{"t":"j","w":1004,"h":1416},{"t":"j","w":1004,"h":1416},{"t":"j","w":1004,"h":1416},{"t":"j","w":1004,"h":1416},{"t":"j","w":1004,"h":1416},{"t":"j","w":1004,"h":1416},{"t":"j","w":1004,"h":1416},{"t":"j","w":1004,"h":1416},{"t":"j","w":1004,"h":1416},{"t":"j","w":1004,"h":1416},{"t":"j","w":1004,"h":1416},{"t":"j","w":1004,"h":1416},{"t":"j","w":1004,"h":1416},{"t":"j","w":1004,"h":1416},{"t":"j","w":1004,"h":1416},{"t":"j","w":1004,"h":1416},{"t":"j","w":1004,"h":1416},{"t":"j","w":1004,"h":1416},{"t":"j","w":1004,"h":1416},{"t":"j","w":1004,"h":1416},{"t":"j","w":1004,"h":1416},{"t":"j","w":1004,"h":1416},{"t":"j","w":1004,"h":1416},{"t":"j","w":1004,"h":1416},{"t":"j","w":1004,"h":1416},{"t":"j","w":1004,"h":1416},{"t":"j","w":1004,"h":1416},{"t":"j","w":1004,"h":1416},{"t":"j","w":1004,"h":1416},{"t":"j","w":1004,"h":1416},{"t":"j","w":1004,"h":1416},{"t":"j","w":1004,"h":1416},{"t":"j","w":1004,"h":1416},{"t":"j","w":1004,"h":1416},{"t":"j","w":1004,"h":1416},{"t":"j","w":1004,"h":1416},{"t":"j","w":1004,"h":1416},{"t":"j","w":1004,"h":1416},{"t":"j","w":1004,"h":1416},{"t":"j","w":1004,"h":1416},{"t":"j","w":1004,"h":1416},{"t":"j","w":1004,"h":1416},{"t":"j","w":1004,"h":1416},{"t":"j","w":1004,"h":1416},{"t":"j","w":1004,"h":1416},{"t":"j","w":1004,"h":1416},{"t":"j","w":1004,"h":1416},{"t":"j","w":1004,"h":1416},{"t":"j","w":1004,"h":1416},{"t":"j","w":1004,"h":1416},{"t":"j","w":1004,"h":1416},{"t":"j","w":1004,"h":1416},{"t":"j","w":1004,"h":1416},{"t":"j","w":1004,"h":1416},{"t":"j","w":1004,"h":1416},{"t":"j","w":1004,"h":1416},{"t":"j","w":1004,"h":1416},{"t":"j","w":1004,"h":1416},{"t":"j","w":1004,"h":1416},{"t":"j","w":1004,"h":1416},{"t":"j","w":1004,"h":1416},{"t":"j","w":1004,"h":1416},{"t":"j","w":1004,"h":1416},{"t":"j","w":1004,"h":1416},{"t":"j","w":1004,"h":1416},{"t":"j","w":1004,"h":1416},{"t":"j","w":1004,"h":1416},{"t":"j","w":1004,"h":1416},{"t":"j","w":1004,"h":1416},{"t":"j","w":1004,"h":1416},{"t":"j","w":1004,"h":1416},{"t":"j","w":1004,"h":1416},{"t":"j","w":1004,"h":1416},{"t":"j","w":1004,"h":1416},{"t":"j","w":1004,"h":1416},{"t":"j","w":1004,"h":1416},{"t":"j","w":1004,"h":1416},{"t":"j","w":1004,"h":1416},{"t":"j","w":1004,"h":1416},{"t":"j","w":1004,"h":1416},{"t":"j","w":1004,"h":1416},{"t":"j","w":1004,"h":1416},{"t":"j","w":1004,"h":1416},{"t":"j","w":1004,"h":1416},{"t":"j","w":1004,"h":1416},{"t":"j","w":1004,"h":1416},{"t":"j","w":1004,"h":1416},{"t":"j","w":1004,"h":1416},{"t":"j","w":1004,"h":1416},{"t":"j","w":1004,"h":1416},{"t":"j","w":1004,"h":1416},{"t":"j","w":1004,"h":1416},{"t":"j","w":1004,"h":1416},{"t":"j","w":1004,"h":1416}],"cover":{"t":"j","w":350,"h":494},"thumbnail":{"t":"j","w":250,"h":353}},"scanlator":"","upload_date":1403965055,"tags":[{"id":2937,"type":"tag","name":"big breasts","url":"/tag/big-breasts/","count":103273},{"id":3614,"type":"tag","name":"triple penetration","url":"/tag/triple-penetration/","count":1337},{"id":3735,"type":"tag","name":"swimsuit","url":"/tag/swimsuit/","count":19363},{"id":4435,"type":"tag","name":"gag","url":"/tag/gag/","count":7148},{"id":7288,"type":"tag","name":"vomit","url":"/tag/vomit/","count":878},{"id":8010,"type":"tag","name":"group","url":"/tag/group/","count":72150},{"id":8378,"type":"tag","name":"glasses","url":"/tag/glasses/","count":48279},{"id":8693,"type":"tag","name":"uncensored","url":"/tag/uncensored/","count":7295},{"id":9260,"type":"tag","name":"cheating","url":"/tag/cheating/","count":11721},{"id":9661,"type":"tag","name":"cervix penetration","url":"/tag/cervix-penetration/","count":2772},{"id":9842,"type":"artist","name":"john k. pe-ta","url":"/artist/john-k-pe-ta/","count":254},{"id":10354,"type":"tag","name":"milking","url":"/tag/milking/","count":1020},{"id":10476,"type":"tag","name":"urination","url":"/tag/urination/","count":7051},{"id":10811,"type":"tag","name":"double vaginal","url":"/tag/double-vaginal/","count":1474},{"id":12227,"type":"language","name":"english","url":"/language/english/","count":69378},{"id":13989,"type":"tag","name":"ahegao","url":"/tag/ahegao/","count":29344},{"id":14283,"type":"tag","name":"anal","url":"/tag/anal/","count":64587},{"id":15408,"type":"tag","name":"femdom","url":"/tag/femdom/","count":17418},{"id":15658,"type":"tag","name":"bondage","url":"/tag/bondage/","count":34540},{"id":17249,"type":"language","name":"translated","url":"/language/translated/","count":109734},{"id":20035,"type":"tag","name":"x-ray","url":"/tag/x-ray/","count":20947},{"id":21989,"type":"tag","name":"inflation","url":"/tag/inflation/","count":5149},{"id":22942,"type":"tag","name":"incest","url":"/tag/incest/","count":28107},{"id":22945,"type":"tag","name":"double penetration","url":"/tag/double-penetration/","count":24472},{"id":23237,"type":"tag","name":"tankoubon","url":"/tag/tankoubon/","count":25051},{"id":24102,"type":"tag","name":"lactation","url":"/tag/lactation/","count":11870},{"id":25614,"type":"tag","name":"paizuri","url":"/tag/paizuri/","count":22785},{"id":25996,"type":"tag","name":"gaping","url":"/tag/gaping/","count":1042},{"id":28031,"type":"tag","name":"sister","url":"/tag/sister/","count":14429},{"id":28550,"type":"tag","name":"teacher","url":"/tag/teacher/","count":9616},{"id":28778,"type":"tag","name":"large insertions","url":"/tag/large-insertions/","count":1462},{"id":28800,"type":"tag","name":"bloomers","url":"/tag/bloomers/","count":5648},{"id":29182,"type":"tag","name":"blackmail","url":"/tag/blackmail/","count":4590},{"id":29631,"type":"tag","name":"inverted nipples","url":"/tag/inverted-nipples/","count":2996},{"id":30555,"type":"tag","name":"big penis","url":"/tag/big-penis/","count":9176},{"id":31775,"type":"tag","name":"tentacles","url":"/tag/tentacles/","count":13276},{"id":32484,"type":"tag","name":"stomach deformation","url":"/tag/stomach-deformation/","count":4634},{"id":32602,"type":"tag","name":"fisting","url":"/tag/fisting/","count":2230},{"id":32996,"type":"tag","name":"deepthroat","url":"/tag/deepthroat/","count":3275},{"id":33173,"type":"category","name":"manga","url":"/category/manga/","count":77142},{"id":18567,"type":"tag","name":"monster","url":"/tag/monster/","count":3658},{"id":7752,"type":"tag","name":"schoolboy uniform","url":"/tag/schoolboy-uniform/","count":12311},{"id":28824,"type":"tag","name":"tube","url":"/tag/tube/","count":306},{"id":18420,"type":"tag","name":"all the way through","url":"/tag/all-the-way-through/","count":614},{"id":29859,"type":"tag","name":"blowjob","url":"/tag/blowjob/","count":37321},{"id":15425,"type":"tag","name":"vore","url":"/tag/vore/","count":1446},{"id":10314,"type":"tag","name":"schoolgirl uniform","url":"/tag/schoolgirl-uniform/","count":56168},{"id":27553,"type":"tag","name":"rape","url":"/tag/rape/","count":34191}],"num_pages":172,"num_favorites":1922}