{"id":278,"media_id":"1583","title":{"english":"(C56) [Circle Taihei-Tengoku (Horikawa Gorou)] Nijuuyon no Hitomi Joukan","japanese":"(C56) [\u30b5\u30fc\u30af\u30eb\u592a\u5e73\u5929\u56fd (\u5800\u5ddd\u609f\u90ce)] \u4e8c\u5341\u56db\u306e\u77b3 \u4e0a\u5dfb","pretty":"Nijuuyon no Hitomi Joukan"},"images":{"pages":[{"t":"j","w":704,"h":1003},{"t":"j","w":704,"h":1002},{"t":"j","w":702,"h":1005},{"t":"j","w":702,"h":1005},{"t":"j","w":702,"h":1005},{"t":"j","w":706,"h":1000},{"t":"j","w":706,"h":1000},{"t":"j","w":706,"h":1000},{"t":"j","w":706,"h":1000},{"t":"j","w":706,"h":1000},{"t":"j","w":706,"h":1000},{"t":"j","w":706,"h":1000},{"t":"j","w":706,"h":1000},{"t":"j","w":706,"h":1000},{"t":"j","w":706,"h":1000},{"t":"j","w":706,"h":1000},{"t":"j","w":706,"h":1000},{"t":"j","w":706,"h":1000},{"t":"j","w":706,"h":1000},{"t":"j","w":706,"h":1000},{"t":"j","w":706,"h":1000},{"t":"j","w":706,"h":1000},{"t":"j","w":706,"h":1000},{"t":"j","w":706,"h":1000},{"t":"j","w":706,"h":1000},{"t":"j","w":706,"h":1000},{"t":"j","w":706,"h":1000},{"t":"j","w":706,"h":1000},{"t":"j","w":706,"h":1000},{"t":"j","w":706,"h":1000},{"t":"j","w":706,"h":1000},{"t":"j","w":706,"h":1000},{"t":"j","w":706,"h":1000},{"t":"j","w":706,"h":1000},{"t":"j","w":706,"h":1000},{"t":"j","w":706,"h":1000},{"t":"j","w":706,"h":1000},{"t":"j","w":706,"h":1000},{"t":"j","w":706,"h":1000},{"t":"j","w":706,"h":1000},{"t":"j","w":706,"h":1000},{"t":"j","w":706,"h":1000},{"t":"j","w":706,"h":1000},{"t":"j","w":706,"h":1000},{"t":"j","w":706,"h":1000},{"t":"j","w":706,"h":1000},{"t":"j","w":706,"h":1000},{"t":"j","w":706,"h":1000},{"t":"j","w":706,"h":1000},{"t":"j","w":706,"h":1000},{"t":"j","w":706,"h":1000},{"t":"j","w":706,"h":1000},{"t":"j","w":706,"h":1000},{"t":"j","w":706,"h":1000},{"t":"j","w":706,"h":1000},{"t":"j","w":706,"h":1000},{"t":"j","w":706,"h":1000},{"t":"j","w":706,"h":1000},{"t":"j","w":706,"h":1000},{"t":"j","w":706,"h":1000},{"t":"j","w":706,"h":1000},{"t":"j","w":704,"h":1002}],"cover":{"t":"j","w":350,"h":499},"thumbnail":{"t":"j","w":250,"h":356}},"scanlator":"","upload_date":1403965061,"tags":[{"id":144,"type":"artist","name":"horikawa gorou","url":"/artist/horikawa-gorou/","count":200},{"id":2937,"type":"tag","name":"big breasts","url":"/tag/big-breasts/","count":103273},{"id":8378,"type":"tag","name":"glasses","url":"/tag/glasses/","count":48279},{"id":15658,"type":"tag","name":"bondage","url":"/tag/bondage/","count":34540},{"id":19440,"type":"tag","name":"lolicon","url":"/tag/lolicon/","count":69490},{"id":20525,"type":"tag","name":"defloration","url":"/tag/defloration/","count":23209},{"id":23895,"type":"tag","name":"yaoi","url":"/tag/yaoi/","count":28480},{"id":27553,"type":"tag","name":"rape","url":"/tag/rape/","count":34191},{"id":28658,"type":"group","name":"circle taihei-tengoku","url":"/group/circle-taihei-tengoku/","count":237},{"id":6346,"type":"language","name":"japanese","url":"/language/japanese/","count":191613},{"id":33172,"type":"category","name":"doujinshi","url":"/category/doujinshi/","count":228729}],"num_pages":62,"num_favorites":51}