{"id":279,"media_id":"1584","title":{"english":"(C57) [Circle Taihei-Tengoku (Horikawa Gorou)] Nijuuyon no Hitomi Gekan","japanese":"(C57) [\u30b5\u30fc\u30af\u30eb\u592a\u5e73\u5929\u56fd (\u5800\u5ddd\u609f\u90ce)] \u4e8c\u5341\u56db\u306e\u77b3 \u4e0b\u5dfb","pretty":"Nijuuyon no Hitomi Gekan"},"images":{"pages":[{"t":"j","w":696,"h":1007},{"t":"j","w":704,"h":1002},{"t":"j","w":704,"h":1002},{"t":"j","w":704,"h":1002},{"t":"j","w":704,"h":1002},{"t":"j","w":710,"h":1003},{"t":"j","w":709,"h":1002},{"t":"j","w":709,"h":1002},{"t":"j","w":709,"h":1002},{"t":"j","w":709,"h":1002},{"t":"j","w":709,"h":1002},{"t":"j","w":709,"h":1002},{"t":"j","w":709,"h":1002},{"t":"j","w":709,"h":1002},{"t":"j","w":709,"h":1002},{"t":"j","w":709,"h":1002},{"t":"j","w":709,"h":1002},{"t":"j","w":709,"h":1002},{"t":"j","w":709,"h":1002},{"t":"j","w":709,"h":1002},{"t":"j","w":709,"h":1002},{"t":"j","w":709,"h":1002},{"t":"j","w":709,"h":1002},{"t":"j","w":709,"h":1002},{"t":"j","w":709,"h":1002},{"t":"j","w":709,"h":1002},{"t":"j","w":708,"h":1002},{"t":"j","w":709,"h":1002},{"t":"j","w":709,"h":1002},{"t":"j","w":709,"h":1002},{"t":"j","w":709,"h":1002},{"t":"j","w":709,"h":1002},{"t":"j","w":709,"h":1002},{"t":"j","w":709,"h":1002},{"t":"j","w":709,"h":1002},{"t":"j","w":709,"h":1002},{"t":"j","w":709,"h":1002},{"t":"j","w":709,"h":1002},{"t":"j","w":709,"h":1002},{"t":"j","w":709,"h":1002},{"t":"j","w":709,"h":1002},{"t":"j","w":709,"h":1002},{"t":"j","w":709,"h":1002},{"t":"j","w":709,"h":1002},{"t":"j","w":709,"h":1002},{"t":"j","w":709,"h":1002},{"t":"j","w":709,"h":1002},{"t":"j","w":709,"h":1002},{"t":"j","w":709,"h":1002},{"t":"j","w":709,"h":1002},{"t":"j","w":709,"h":1002},{"t":"j","w":709,"h":1002},{"t":"j","w":709,"h":1002},{"t":"j","w":709,"h":1002},{"t":"j","w":709,"h":1002},{"t":"j","w":709,"h":1002},{"t":"j","w":709,"h":1002},{"t":"j","w":709,"h":1002},{"t":"j","w":709,"h":1002},{"t":"j","w":709,"h":1002},{"t":"j","w":709,"h":1002},{"t":"j","w":709,"h":1002},{"t":"j","w":709,"h":1002},{"t":"j","w":709,"h":1002},{"t":"j","w":709,"h":1002},{"t":"j","w":709,"h":1002},{"t":"j","w":709,"h":1002},{"t":"j","w":708,"h":1002}],"cover":{"t":"j","w":350,"h":506},"thumbnail":{"t":"j","w":250,"h":362}},"scanlator":"","upload_date":1403965062,"tags":[{"id":144,"type":"artist","name":"horikawa gorou","url":"/artist/horikawa-gorou/","count":200},{"id":2937,"type":"tag","name":"big breasts","url":"/tag/big-breasts/","count":104551},{"id":7995,"type":"tag","name":"big nipples","url":"/tag/big-nipples/","count":1903},{"id":8010,"type":"tag","name":"group","url":"/tag/group/","count":72839},{"id":14283,"type":"tag","name":"anal","url":"/tag/anal/","count":65252},{"id":15658,"type":"tag","name":"bondage","url":"/tag/bondage/","count":34802},{"id":19440,"type":"tag","name":"lolicon","url":"/tag/lolicon/","count":70096},{"id":19954,"type":"tag","name":"yuri","url":"/tag/yuri/","count":20411},{"id":22945,"type":"tag","name":"double penetration","url":"/tag/double-penetration/","count":24673},{"id":27553,"type":"tag","name":"rape","url":"/tag/rape/","count":34545},{"id":28658,"type":"group","name":"circle taihei-tengoku","url":"/group/circle-taihei-tengoku/","count":237},{"id":6346,"type":"language","name":"japanese","url":"/language/japanese/","count":193003},{"id":33172,"type":"category","name":"doujinshi","url":"/category/doujinshi/","count":231184},{"id":10314,"type":"tag","name":"schoolgirl uniform","url":"/tag/schoolgirl-uniform/","count":56614}],"num_pages":68,"num_favorites":45}