{"id":280,"media_id":"1586","title":{"english":"(CR27) [Circle Taihei-Tengoku (Horikawa Gorou)] Dai Ichi Kan","japanese":"(C\u30ec\u30f4\u30a927) [\u30b5\u30fc\u30af\u30eb\u592a\u5e73\u5929\u56fd (\u5800\u5ddd\u609f\u90ce)] \u7b2c\u4e00\u59e6","pretty":"Dai Ichi Kan"},"images":{"pages":[{"t":"j","w":800,"h":1129},{"t":"j","w":800,"h":1129},{"t":"j","w":800,"h":1129},{"t":"j","w":800,"h":1129},{"t":"j","w":800,"h":1129},{"t":"j","w":800,"h":1129},{"t":"j","w":800,"h":1129},{"t":"j","w":800,"h":1129},{"t":"j","w":800,"h":1129},{"t":"j","w":800,"h":1129},{"t":"j","w":800,"h":1129},{"t":"j","w":800,"h":1129},{"t":"j","w":800,"h":1129},{"t":"j","w":800,"h":1129},{"t":"j","w":800,"h":1129},{"t":"j","w":800,"h":1129},{"t":"j","w":800,"h":1129},{"t":"j","w":800,"h":1129},{"t":"j","w":800,"h":1129},{"t":"j","w":800,"h":1129},{"t":"j","w":800,"h":1129},{"t":"j","w":800,"h":1129},{"t":"j","w":800,"h":1129},{"t":"j","w":800,"h":1129},{"t":"j","w":800,"h":1129},{"t":"j","w":800,"h":1129},{"t":"j","w":800,"h":1129},{"t":"j","w":800,"h":1129},{"t":"j","w":800,"h":1129},{"t":"j","w":800,"h":1129},{"t":"j","w":800,"h":1129},{"t":"j","w":800,"h":1129},{"t":"j","w":800,"h":1129},{"t":"j","w":800,"h":1129},{"t":"j","w":800,"h":1129},{"t":"j","w":800,"h":1129},{"t":"j","w":800,"h":1129},{"t":"j","w":800,"h":1129},{"t":"j","w":800,"h":1129},{"t":"j","w":800,"h":1129},{"t":"j","w":800,"h":1129},{"t":"j","w":800,"h":1129},{"t":"j","w":800,"h":1129},{"t":"j","w":800,"h":1129},{"t":"j","w":800,"h":1129},{"t":"j","w":800,"h":1129},{"t":"j","w":800,"h":1129},{"t":"j","w":800,"h":1129},{"t":"j","w":800,"h":1129},{"t":"j","w":800,"h":1129},{"t":"j","w":800,"h":1129},{"t":"j","w":800,"h":1129},{"t":"j","w":800,"h":1129},{"t":"j","w":800,"h":1129},{"t":"j","w":800,"h":1129},{"t":"j","w":800,"h":1129},{"t":"j","w":800,"h":1129},{"t":"j","w":800,"h":1129},{"t":"j","w":800,"h":1129},{"t":"j","w":800,"h":1129},{"t":"j","w":800,"h":1129}],"cover":{"t":"j","w":350,"h":494},"thumbnail":{"t":"j","w":250,"h":353}},"scanlator":"","upload_date":1403965064,"tags":[{"id":144,"type":"artist","name":"horikawa gorou","url":"/artist/horikawa-gorou/","count":200},{"id":2820,"type":"tag","name":"scat","url":"/tag/scat/","count":5965},{"id":2937,"type":"tag","name":"big breasts","url":"/tag/big-breasts/","count":103273},{"id":8010,"type":"tag","name":"group","url":"/tag/group/","count":72150},{"id":9406,"type":"tag","name":"enema","url":"/tag/enema/","count":3441},{"id":14283,"type":"tag","name":"anal","url":"/tag/anal/","count":64587},{"id":15658,"type":"tag","name":"bondage","url":"/tag/bondage/","count":34540},{"id":21774,"type":"tag","name":"human pet","url":"/tag/human-pet/","count":1523},{"id":25614,"type":"tag","name":"paizuri","url":"/tag/paizuri/","count":22785},{"id":27553,"type":"tag","name":"rape","url":"/tag/rape/","count":34191},{"id":28658,"type":"group","name":"circle taihei-tengoku","url":"/group/circle-taihei-tengoku/","count":237},{"id":6346,"type":"language","name":"japanese","url":"/language/japanese/","count":191613},{"id":33172,"type":"category","name":"doujinshi","url":"/category/doujinshi/","count":228729}],"num_pages":61,"num_favorites":44}