{"id":281,"media_id":"1588","title":{"english":"(C59) [Circle Taihei-Tengoku (Horikawa Gorou)] Daisankan","japanese":"(C59) [\u30b5\u30fc\u30af\u30eb\u592a\u5e73\u5929\u56fd (\u5800\u5ddd\u609f\u90ce)] \u7b2c\u4e09\u59e6","pretty":"Daisankan"},"images":{"pages":[{"t":"j","w":800,"h":1129},{"t":"j","w":800,"h":1129},{"t":"j","w":800,"h":1129},{"t":"j","w":800,"h":1129},{"t":"j","w":800,"h":1129},{"t":"j","w":800,"h":1129},{"t":"j","w":800,"h":1129},{"t":"j","w":800,"h":1129},{"t":"j","w":800,"h":1129},{"t":"j","w":800,"h":1129},{"t":"j","w":800,"h":1129},{"t":"j","w":800,"h":1129},{"t":"j","w":800,"h":1129},{"t":"j","w":800,"h":1129},{"t":"j","w":800,"h":1129},{"t":"j","w":800,"h":1129},{"t":"j","w":800,"h":1129},{"t":"j","w":800,"h":1129},{"t":"j","w":800,"h":1129},{"t":"j","w":800,"h":1129},{"t":"j","w":800,"h":1129},{"t":"j","w":800,"h":1129},{"t":"j","w":800,"h":1129},{"t":"j","w":800,"h":1129},{"t":"j","w":800,"h":1129},{"t":"j","w":800,"h":1129},{"t":"j","w":800,"h":1129},{"t":"j","w":800,"h":1129},{"t":"j","w":800,"h":1129},{"t":"j","w":800,"h":1129},{"t":"j","w":800,"h":1129},{"t":"j","w":800,"h":1129},{"t":"j","w":800,"h":1129},{"t":"j","w":800,"h":1129},{"t":"j","w":800,"h":1129},{"t":"j","w":800,"h":1129},{"t":"j","w":800,"h":1129},{"t":"j","w":800,"h":1129},{"t":"j","w":800,"h":1129},{"t":"j","w":800,"h":1129},{"t":"j","w":800,"h":1129},{"t":"j","w":800,"h":1129},{"t":"j","w":800,"h":1129},{"t":"j","w":800,"h":1129},{"t":"j","w":800,"h":1129},{"t":"j","w":800,"h":1129},{"t":"j","w":800,"h":1129},{"t":"j","w":800,"h":1129},{"t":"j","w":800,"h":1129},{"t":"j","w":800,"h":1129},{"t":"j","w":800,"h":1129},{"t":"j","w":800,"h":1129},{"t":"j","w":800,"h":1129},{"t":"j","w":800,"h":1129},{"t":"j","w":800,"h":1129},{"t":"j","w":800,"h":1129},{"t":"j","w":800,"h":1129},{"t":"j","w":800,"h":1129}],"cover":{"t":"j","w":350,"h":494},"thumbnail":{"t":"j","w":250,"h":353}},"scanlator":"","upload_date":1403965066,"tags":[{"id":144,"type":"artist","name":"horikawa gorou","url":"/artist/horikawa-gorou/","count":200},{"id":2937,"type":"tag","name":"big breasts","url":"/tag/big-breasts/","count":104551},{"id":4435,"type":"tag","name":"gag","url":"/tag/gag/","count":7189},{"id":8010,"type":"tag","name":"group","url":"/tag/group/","count":72839},{"id":15658,"type":"tag","name":"bondage","url":"/tag/bondage/","count":34802},{"id":19954,"type":"tag","name":"yuri","url":"/tag/yuri/","count":20411},{"id":23965,"type":"tag","name":"chloroform","url":"/tag/chloroform/","count":1871},{"id":25614,"type":"tag","name":"paizuri","url":"/tag/paizuri/","count":23124},{"id":27553,"type":"tag","name":"rape","url":"/tag/rape/","count":34545},{"id":28658,"type":"group","name":"circle taihei-tengoku","url":"/group/circle-taihei-tengoku/","count":237},{"id":6346,"type":"language","name":"japanese","url":"/language/japanese/","count":193003},{"id":33172,"type":"category","name":"doujinshi","url":"/category/doujinshi/","count":231184}],"num_pages":58,"num_favorites":33}