{"id":282,"media_id":"1590","title":{"english":"(CR29) [Circle Taihei-Tengoku (Horikawa Gorou)] Saishuukan","japanese":"(C\u30ec\u30f4\u30a929) [\u30b5\u30fc\u30af\u30eb\u592a\u5e73\u5929\u56fd (\u5800\u5ddd\u609f\u90ce)] \u6700\u7d42\u59e6","pretty":"Saishuukan"},"images":{"pages":[{"t":"j","w":800,"h":1129},{"t":"j","w":800,"h":1129},{"t":"j","w":800,"h":1129},{"t":"j","w":800,"h":1129},{"t":"j","w":800,"h":1129},{"t":"j","w":800,"h":1129},{"t":"j","w":800,"h":1129},{"t":"j","w":800,"h":1129},{"t":"j","w":800,"h":1129},{"t":"j","w":800,"h":1129},{"t":"j","w":800,"h":1129},{"t":"j","w":800,"h":1129},{"t":"j","w":800,"h":1129},{"t":"j","w":800,"h":1129},{"t":"j","w":800,"h":1129},{"t":"j","w":800,"h":1129},{"t":"j","w":800,"h":1129},{"t":"j","w":800,"h":1129},{"t":"j","w":800,"h":1129},{"t":"j","w":800,"h":1129},{"t":"j","w":800,"h":1129},{"t":"j","w":800,"h":1129},{"t":"j","w":800,"h":1129},{"t":"j","w":800,"h":1129},{"t":"j","w":800,"h":1129},{"t":"j","w":800,"h":1129},{"t":"j","w":800,"h":1129},{"t":"j","w":800,"h":1129},{"t":"j","w":800,"h":1129},{"t":"j","w":800,"h":1129},{"t":"j","w":800,"h":1129},{"t":"j","w":800,"h":1129},{"t":"j","w":800,"h":1129},{"t":"j","w":800,"h":1129},{"t":"j","w":800,"h":1129},{"t":"j","w":800,"h":1129},{"t":"j","w":800,"h":1129},{"t":"j","w":800,"h":1129},{"t":"j","w":800,"h":1129},{"t":"j","w":800,"h":1129},{"t":"j","w":800,"h":1129},{"t":"j","w":800,"h":1129},{"t":"j","w":800,"h":1129},{"t":"j","w":800,"h":1129},{"t":"j","w":800,"h":1129},{"t":"j","w":800,"h":1129},{"t":"j","w":800,"h":1129},{"t":"j","w":800,"h":1129},{"t":"j","w":800,"h":1129},{"t":"j","w":800,"h":1129},{"t":"j","w":800,"h":1129},{"t":"j","w":800,"h":1129},{"t":"j","w":800,"h":1129},{"t":"j","w":800,"h":1129},{"t":"j","w":800,"h":1129},{"t":"j","w":800,"h":1129},{"t":"j","w":800,"h":1129},{"t":"j","w":800,"h":1129},{"t":"j","w":800,"h":1129},{"t":"j","w":800,"h":1129},{"t":"j","w":800,"h":1129},{"t":"j","w":800,"h":1129},{"t":"j","w":800,"h":1129},{"t":"j","w":800,"h":1129},{"t":"j","w":800,"h":1129},{"t":"j","w":800,"h":1129},{"t":"j","w":800,"h":1129}],"cover":{"t":"j","w":350,"h":494},"thumbnail":{"t":"j","w":250,"h":353}},"scanlator":"","upload_date":1403965068,"tags":[{"id":144,"type":"artist","name":"horikawa gorou","url":"/artist/horikawa-gorou/","count":200},{"id":2937,"type":"tag","name":"big breasts","url":"/tag/big-breasts/","count":103273},{"id":8010,"type":"tag","name":"group","url":"/tag/group/","count":72150},{"id":8653,"type":"tag","name":"netorare","url":"/tag/netorare/","count":15879},{"id":15658,"type":"tag","name":"bondage","url":"/tag/bondage/","count":34540},{"id":19954,"type":"tag","name":"yuri","url":"/tag/yuri/","count":20241},{"id":27553,"type":"tag","name":"rape","url":"/tag/rape/","count":34191},{"id":28658,"type":"group","name":"circle taihei-tengoku","url":"/group/circle-taihei-tengoku/","count":237},{"id":6346,"type":"language","name":"japanese","url":"/language/japanese/","count":191613},{"id":33172,"type":"category","name":"doujinshi","url":"/category/doujinshi/","count":228729}],"num_pages":67,"num_favorites":50}