{"id":283,"media_id":"1591","title":{"english":"[L-Gauge Sha (Shouryuu)] WA 2 (Ranma 1/2)","japanese":"[L\u30b2\u30fc\u30b8\u793e (\u6607\u9f8d)] WA 2 (\u3089\u3093\u307e 1/2)","pretty":"WA 2"},"images":{"pages":[{"t":"g","w":1000,"h":1389},{"t":"g","w":1000,"h":1419},{"t":"g","w":1000,"h":1394},{"t":"g","w":1000,"h":1464},{"t":"g","w":1000,"h":1654},{"t":"g","w":1000,"h":1497},{"t":"g","w":1000,"h":1424},{"t":"g","w":1000,"h":1474},{"t":"g","w":1000,"h":1513},{"t":"g","w":1000,"h":1363},{"t":"g","w":1000,"h":1474},{"t":"g","w":1000,"h":1428},{"t":"g","w":1000,"h":1544},{"t":"g","w":1000,"h":1425},{"t":"g","w":1000,"h":1441},{"t":"g","w":1000,"h":1446},{"t":"g","w":1000,"h":1434},{"t":"g","w":1000,"h":1432},{"t":"g","w":1000,"h":1449},{"t":"g","w":1000,"h":1505},{"t":"g","w":1000,"h":1511},{"t":"g","w":1000,"h":1423},{"t":"g","w":1000,"h":1358},{"t":"g","w":1000,"h":1409},{"t":"g","w":1000,"h":1439},{"t":"g","w":1000,"h":1359},{"t":"g","w":1000,"h":1457},{"t":"g","w":1000,"h":1489},{"t":"g","w":1000,"h":1343},{"t":"g","w":1000,"h":1417},{"t":"g","w":1000,"h":1462},{"t":"g","w":1000,"h":1439},{"t":"g","w":1000,"h":1378},{"t":"g","w":1000,"h":1379},{"t":"g","w":1000,"h":1552},{"t":"g","w":1000,"h":1479},{"t":"g","w":1000,"h":1493},{"t":"g","w":1000,"h":1435},{"t":"g","w":1000,"h":1464},{"t":"g","w":1000,"h":1365},{"t":"g","w":1000,"h":1486},{"t":"g","w":1000,"h":1353},{"t":"g","w":1000,"h":1479},{"t":"g","w":1000,"h":1433},{"t":"g","w":1000,"h":1391},{"t":"g","w":1000,"h":1433},{"t":"g","w":1000,"h":1389},{"t":"g","w":1000,"h":1433},{"t":"g","w":1000,"h":1439},{"t":"g","w":1000,"h":1435},{"t":"g","w":1000,"h":1430},{"t":"g","w":1000,"h":1434},{"t":"g","w":1000,"h":1426},{"t":"g","w":1000,"h":1338},{"t":"g","w":1000,"h":1435},{"t":"g","w":1000,"h":1403},{"t":"g","w":1000,"h":1458},{"t":"g","w":1000,"h":1412}],"cover":{"t":"g","w":350,"h":486},"thumbnail":{"t":"g","w":250,"h":347}},"scanlator":"","upload_date":1403965069,"tags":[{"id":447,"type":"character","name":"genie","url":"/character/genie/","count":3},{"id":2937,"type":"tag","name":"big breasts","url":"/tag/big-breasts/","count":103273},{"id":12285,"type":"parody","name":"ranma 12","url":"/parody/ranma-12/","count":529},{"id":12303,"type":"group","name":"l-gauge sha","url":"/group/l-gauge-sha/","count":24},{"id":14928,"type":"artist","name":"shouryuu","url":"/artist/shouryuu/","count":26},{"id":21327,"type":"character","name":"ukyo kuonji","url":"/character/ukyo-kuonji/","count":49},{"id":6346,"type":"language","name":"japanese","url":"/language/japanese/","count":191613},{"id":33172,"type":"category","name":"doujinshi","url":"/category/doujinshi/","count":228729},{"id":62422,"type":"character","name":"happosai","url":"/character/happosai/","count":9}],"num_pages":58,"num_favorites":13}