{"id":284,"media_id":"1592","title":{"english":"(CR25) [Circle Taihei-Tengoku (Horikawa Gorou)] Erika (Toushou Daimos)","japanese":"(C\u30ec\u30f4\u30a925) [\u30b5\u30fc\u30af\u30eb\u592a\u5e73\u5929\u56fd (\u5800\u5ddd\u609f\u90de)] ERIKA (\u95d8\u5c06\u30c0\u30a4\u30e2\u30b9)","pretty":"Erika"},"images":{"pages":[{"t":"j","w":608,"h":736},{"t":"j","w":725,"h":1087},{"t":"j","w":497,"h":750},{"t":"j","w":489,"h":711},{"t":"j","w":491,"h":706},{"t":"j","w":481,"h":708},{"t":"j","w":492,"h":706},{"t":"j","w":489,"h":713},{"t":"j","w":491,"h":711},{"t":"j","w":489,"h":711},{"t":"j","w":492,"h":706},{"t":"j","w":502,"h":711},{"t":"j","w":491,"h":711},{"t":"j","w":491,"h":706},{"t":"j","w":491,"h":713},{"t":"j","w":489,"h":706},{"t":"j","w":487,"h":711},{"t":"j","w":491,"h":713},{"t":"j","w":485,"h":706},{"t":"j","w":502,"h":708},{"t":"j","w":487,"h":706},{"t":"j","w":489,"h":706},{"t":"j","w":487,"h":706},{"t":"j","w":497,"h":723},{"t":"j","w":487,"h":725},{"t":"j","w":782,"h":1169},{"t":"j","w":485,"h":739},{"t":"j","w":502,"h":713},{"t":"j","w":479,"h":711},{"t":"j","w":505,"h":706},{"t":"j","w":485,"h":708},{"t":"j","w":497,"h":703},{"t":"j","w":485,"h":711},{"t":"j","w":510,"h":711},{"t":"j","w":479,"h":706},{"t":"j","w":505,"h":713},{"t":"j","w":481,"h":713},{"t":"j","w":510,"h":706},{"t":"j","w":485,"h":706},{"t":"j","w":497,"h":706},{"t":"j","w":485,"h":711},{"t":"j","w":497,"h":706},{"t":"j","w":487,"h":706},{"t":"j","w":502,"h":706},{"t":"j","w":485,"h":713},{"t":"j","w":505,"h":711},{"t":"j","w":487,"h":711},{"t":"j","w":497,"h":706},{"t":"j","w":479,"h":711},{"t":"j","w":502,"h":706},{"t":"j","w":485,"h":711},{"t":"j","w":502,"h":700},{"t":"j","w":479,"h":719},{"t":"j","w":497,"h":706},{"t":"j","w":797,"h":1120},{"t":"j","w":776,"h":1129},{"t":"j","w":733,"h":1058}],"cover":{"t":"j","w":350,"h":424},"thumbnail":{"t":"j","w":250,"h":303}},"scanlator":"","upload_date":1403965072,"tags":[{"id":144,"type":"artist","name":"horikawa gorou","url":"/artist/horikawa-gorou/","count":200},{"id":2937,"type":"tag","name":"big breasts","url":"/tag/big-breasts/","count":103273},{"id":8010,"type":"tag","name":"group","url":"/tag/group/","count":72150},{"id":15658,"type":"tag","name":"bondage","url":"/tag/bondage/","count":34540},{"id":27553,"type":"tag","name":"rape","url":"/tag/rape/","count":34191},{"id":28658,"type":"group","name":"circle taihei-tengoku","url":"/group/circle-taihei-tengoku/","count":237},{"id":6346,"type":"language","name":"japanese","url":"/language/japanese/","count":191613},{"id":33172,"type":"category","name":"doujinshi","url":"/category/doujinshi/","count":228729},{"id":11941,"type":"tag","name":"replaced","url":"/tag/replaced/","count":3725},{"id":24115,"type":"tag","name":"angel","url":"/tag/angel/","count":725},{"id":38008,"type":"parody","name":"toushou daimos","url":"/parody/toushou-daimos/","count":5}],"num_pages":57,"num_favorites":20}