{"id":285,"media_id":"1593","title":{"english":"(C63) [Circle Taihei-Tengoku (Horikawa Gorou)] G (Mobile Suit Gundam)","japanese":"(C63) [\u30b5\u30fc\u30af\u30eb\u592a\u5e73\u5929\u56fd (\u5800\u5ddd\u609f\u90ce)] G (\u6a5f\u52d5\u6226\u58eb\u30ac\u30f3\u30c0\u30e0)","pretty":"G"},"images":{"pages":[{"t":"j","w":712,"h":1024},{"t":"j","w":705,"h":1024},{"t":"j","w":708,"h":1024},{"t":"j","w":714,"h":1024},{"t":"j","w":707,"h":1024},{"t":"j","w":730,"h":1024},{"t":"j","w":707,"h":1024},{"t":"j","w":707,"h":1024},{"t":"j","w":717,"h":1024},{"t":"j","w":687,"h":1024},{"t":"j","w":722,"h":1024},{"t":"j","w":683,"h":1024},{"t":"j","w":713,"h":1024},{"t":"j","w":706,"h":1024},{"t":"j","w":700,"h":1024},{"t":"j","w":710,"h":1024},{"t":"j","w":707,"h":1024},{"t":"j","w":681,"h":1024},{"t":"j","w":677,"h":1024},{"t":"j","w":713,"h":1024},{"t":"j","w":690,"h":1024},{"t":"j","w":714,"h":1024},{"t":"j","w":714,"h":1024},{"t":"j","w":714,"h":1024},{"t":"j","w":717,"h":1024},{"t":"j","w":679,"h":1024},{"t":"j","w":707,"h":1024},{"t":"j","w":707,"h":1024},{"t":"j","w":714,"h":1024},{"t":"j","w":692,"h":1024},{"t":"j","w":726,"h":1024},{"t":"j","w":703,"h":1024},{"t":"j","w":707,"h":1024},{"t":"j","w":693,"h":1024},{"t":"j","w":713,"h":1024},{"t":"j","w":707,"h":1024},{"t":"j","w":678,"h":1024},{"t":"j","w":692,"h":1024},{"t":"j","w":712,"h":1024},{"t":"j","w":714,"h":1024},{"t":"j","w":692,"h":1024},{"t":"j","w":711,"h":1024},{"t":"j","w":705,"h":1024},{"t":"j","w":714,"h":1024},{"t":"j","w":712,"h":1024},{"t":"j","w":710,"h":1024},{"t":"j","w":713,"h":1024},{"t":"j","w":717,"h":1024},{"t":"j","w":710,"h":1024},{"t":"j","w":678,"h":1024},{"t":"j","w":711,"h":1024},{"t":"j","w":712,"h":1024},{"t":"j","w":713,"h":1024},{"t":"j","w":714,"h":1024},{"t":"j","w":710,"h":1024},{"t":"j","w":712,"h":1024},{"t":"j","w":712,"h":1024},{"t":"j","w":720,"h":1024},{"t":"j","w":711,"h":1024},{"t":"j","w":685,"h":1024},{"t":"j","w":696,"h":1024},{"t":"j","w":698,"h":1024},{"t":"j","w":734,"h":1024},{"t":"j","w":713,"h":1024}],"cover":{"t":"j","w":350,"h":503},"thumbnail":{"t":"j","w":250,"h":360}},"scanlator":"","upload_date":1403965073,"tags":[{"id":144,"type":"artist","name":"horikawa gorou","url":"/artist/horikawa-gorou/","count":200},{"id":429,"type":"parody","name":"mobile suit gundam","url":"/parody/mobile-suit-gundam/","count":123},{"id":2820,"type":"tag","name":"scat","url":"/tag/scat/","count":5915},{"id":5962,"type":"tag","name":"spanking","url":"/tag/spanking/","count":2429},{"id":8010,"type":"tag","name":"group","url":"/tag/group/","count":72150},{"id":15658,"type":"tag","name":"bondage","url":"/tag/bondage/","count":34540},{"id":20365,"type":"character","name":"sayla mass","url":"/character/sayla-mass/","count":88},{"id":27553,"type":"tag","name":"rape","url":"/tag/rape/","count":34191},{"id":28658,"type":"group","name":"circle taihei-tengoku","url":"/group/circle-taihei-tengoku/","count":237},{"id":6346,"type":"language","name":"japanese","url":"/language/japanese/","count":191613},{"id":33172,"type":"category","name":"doujinshi","url":"/category/doujinshi/","count":228729}],"num_pages":64,"num_favorites":52}