{"id":168,"media_id":"491","title":{"english":"(C61) [Nakayohi (Izurumi)] A-one (Neon Genesis Evangelion) [English]","japanese":"(C61) [\u306a\u304b\u3088\u3072 (\u3044\u3065\u308b\u307f)] A-one (\u65b0\u4e16\u7d00\u30a8\u30f4\u30a1\u30f3\u30b2\u30ea\u30aa\u30f3) [\u82f1\u8a33]","pretty":"A-one"},"images":{"pages":[{"t":"j","w":1020,"h":1408},{"t":"j","w":1020,"h":1408},{"t":"j","w":1020,"h":1408},{"t":"j","w":1020,"h":1408},{"t":"j","w":1020,"h":1408},{"t":"j","w":959,"h":1408},{"t":"j","w":1020,"h":1408},{"t":"j","w":988,"h":1408},{"t":"j","w":990,"h":1408},{"t":"j","w":985,"h":1408},{"t":"j","w":987,"h":1408},{"t":"j","w":988,"h":1408},{"t":"j","w":1020,"h":1408},{"t":"j","w":1020,"h":1408},{"t":"j","w":1020,"h":1408},{"t":"j","w":1020,"h":1408},{"t":"j","w":1020,"h":1408},{"t":"j","w":1020,"h":1408},{"t":"j","w":1020,"h":1408},{"t":"j","w":1020,"h":1408},{"t":"j","w":1020,"h":1408},{"t":"j","w":750,"h":1050},{"t":"j","w":1020,"h":1408}],"cover":{"t":"j","w":350,"h":483},"thumbnail":{"t":"j","w":250,"h":345}},"scanlator":"","upload_date":1403964894,"tags":[{"id":8653,"type":"tag","name":"netorare","url":"/tag/netorare/","count":16967},{"id":9162,"type":"tag","name":"masturbation","url":"/tag/masturbation/","count":9913},{"id":12227,"type":"language","name":"english","url":"/language/english/","count":72941},{"id":16710,"type":"group","name":"nakayohi","url":"/group/nakayohi/","count":95},{"id":17137,"type":"parody","name":"neon genesis evangelion","url":"/parody/neon-genesis-evangelion/","count":2508},{"id":17249,"type":"language","name":"translated","url":"/language/translated/","count":117289},{"id":21875,"type":"artist","name":"izurumi","url":"/artist/izurumi/","count":95},{"id":25125,"type":"character","name":"asuka langley soryu","url":"/character/asuka-langley-soryu/","count":1540},{"id":29182,"type":"tag","name":"blackmail","url":"/tag/blackmail/","count":4870},{"id":33172,"type":"category","name":"doujinshi","url":"/category/doujinshi/","count":238420},{"id":3206,"type":"character","name":"shinji ikari","url":"/character/shinji-ikari/","count":1243},{"id":10314,"type":"tag","name":"schoolgirl uniform","url":"/tag/schoolgirl-uniform/","count":58076},{"id":21572,"type":"tag","name":"multi-work series","url":"/tag/multi-work-series/","count":15194},{"id":27553,"type":"tag","name":"rape","url":"/tag/rape/","count":35525},{"id":35762,"type":"tag","name":"sole female","url":"/tag/sole-female/","count":71401}],"num_pages":23,"num_favorites":632}