{"id":169,"media_id":"492","title":{"english":"(C62) [Nakayohi (Izurumi)] A-two (Neon Genesis Evangelion) [English]","japanese":"(C62) [\u306a\u304b\u3088\u3072 (\u3044\u3065\u308b\u307f)] A-two (\u65b0\u4e16\u7d00\u30a8\u30f4\u30a1\u30f3\u30b2\u30ea\u30aa\u30f3) [\u82f1\u8a33]","pretty":"A-two"},"images":{"pages":[{"t":"j","w":714,"h":1004},{"t":"j","w":690,"h":1001},{"t":"j","w":692,"h":1004},{"t":"j","w":685,"h":1001},{"t":"j","w":692,"h":1004},{"t":"j","w":690,"h":1001},{"t":"j","w":690,"h":1005},{"t":"j","w":689,"h":1002},{"t":"j","w":690,"h":1004},{"t":"j","w":689,"h":1001},{"t":"j","w":692,"h":1004},{"t":"j","w":684,"h":1002},{"t":"j","w":690,"h":1002},{"t":"j","w":694,"h":1002},{"t":"j","w":696,"h":1005},{"t":"j","w":696,"h":1002},{"t":"j","w":697,"h":1004},{"t":"j","w":694,"h":1001},{"t":"j","w":690,"h":1002},{"t":"j","w":716,"h":1002}],"cover":{"t":"j","w":350,"h":492},"thumbnail":{"t":"j","w":250,"h":352}},"scanlator":"","upload_date":1403964895,"tags":[{"id":12227,"type":"language","name":"english","url":"/language/english/","count":72944},{"id":16710,"type":"group","name":"nakayohi","url":"/group/nakayohi/","count":95},{"id":17137,"type":"parody","name":"neon genesis evangelion","url":"/parody/neon-genesis-evangelion/","count":2508},{"id":17249,"type":"language","name":"translated","url":"/language/translated/","count":117297},{"id":21875,"type":"artist","name":"izurumi","url":"/artist/izurumi/","count":95},{"id":25125,"type":"character","name":"asuka langley soryu","url":"/character/asuka-langley-soryu/","count":1540},{"id":28800,"type":"tag","name":"bloomers","url":"/tag/bloomers/","count":5754},{"id":33172,"type":"category","name":"doujinshi","url":"/category/doujinshi/","count":238431},{"id":27553,"type":"tag","name":"rape","url":"/tag/rape/","count":35525},{"id":21572,"type":"tag","name":"multi-work series","url":"/tag/multi-work-series/","count":15195},{"id":8368,"type":"tag","name":"full censorship","url":"/tag/full-censorship/","count":18148},{"id":35762,"type":"tag","name":"sole female","url":"/tag/sole-female/","count":71405},{"id":7752,"type":"tag","name":"schoolboy uniform","url":"/tag/schoolboy-uniform/","count":12713}],"num_pages":20,"num_favorites":380}