{"id":170,"media_id":"493","title":{"english":"(C66) [Nakayohi (Izurumi)] A-four (Neon Genesis Evangelion) [English] [whyneus]","japanese":"(C66) [\u306a\u304b\u3088\u3072 (\u3044\u3065\u308b\u307f)] A-four (\u65b0\u4e16\u7d00\u30a8\u30f4\u30a1\u30f3\u30b2\u30ea\u30aa\u30f3) [\u82f1\u8a33]","pretty":"A-four"},"images":{"pages":[{"t":"j","w":1200,"h":1707},{"t":"j","w":1200,"h":1707},{"t":"j","w":1200,"h":1707},{"t":"j","w":1200,"h":1707},{"t":"j","w":1200,"h":1707},{"t":"j","w":1200,"h":1707},{"t":"j","w":1200,"h":1707},{"t":"j","w":1200,"h":1707},{"t":"j","w":1200,"h":1707},{"t":"j","w":1200,"h":1707},{"t":"j","w":1200,"h":1707},{"t":"j","w":1200,"h":1707},{"t":"j","w":1200,"h":1707},{"t":"j","w":1200,"h":1707},{"t":"j","w":1200,"h":1707},{"t":"j","w":1200,"h":1707},{"t":"j","w":1200,"h":1707},{"t":"j","w":1200,"h":1707},{"t":"j","w":1200,"h":1707},{"t":"j","w":1200,"h":1707},{"t":"j","w":1200,"h":1707},{"t":"j","w":1200,"h":1707},{"t":"j","w":1200,"h":1707},{"t":"j","w":1200,"h":1707},{"t":"j","w":1200,"h":1707},{"t":"j","w":1200,"h":1707},{"t":"j","w":1200,"h":1707}],"cover":{"t":"j","w":350,"h":498},"thumbnail":{"t":"j","w":250,"h":356}},"scanlator":"","upload_date":1403964896,"tags":[{"id":8653,"type":"tag","name":"netorare","url":"/tag/netorare/","count":15879},{"id":12227,"type":"language","name":"english","url":"/language/english/","count":69378},{"id":14283,"type":"tag","name":"anal","url":"/tag/anal/","count":64587},{"id":15658,"type":"tag","name":"bondage","url":"/tag/bondage/","count":34540},{"id":16710,"type":"group","name":"nakayohi","url":"/group/nakayohi/","count":95},{"id":17137,"type":"parody","name":"neon genesis evangelion","url":"/parody/neon-genesis-evangelion/","count":2489},{"id":17249,"type":"language","name":"translated","url":"/language/translated/","count":109734},{"id":21875,"type":"artist","name":"izurumi","url":"/artist/izurumi/","count":95},{"id":25125,"type":"character","name":"asuka langley soryu","url":"/character/asuka-langley-soryu/","count":1513},{"id":27553,"type":"tag","name":"rape","url":"/tag/rape/","count":34191},{"id":33172,"type":"category","name":"doujinshi","url":"/category/doujinshi/","count":228729},{"id":22079,"type":"tag","name":"drugs","url":"/tag/drugs/","count":6723},{"id":10314,"type":"tag","name":"schoolgirl uniform","url":"/tag/schoolgirl-uniform/","count":56168},{"id":14971,"type":"tag","name":"sex toys","url":"/tag/sex-toys/","count":20823},{"id":27473,"type":"tag","name":"mosaic censorship","url":"/tag/mosaic-censorship/","count":23707},{"id":7752,"type":"tag","name":"schoolboy uniform","url":"/tag/schoolboy-uniform/","count":12311}],"num_pages":27,"num_favorites":853}