{"id":173,"media_id":"496","title":{"english":"(C65) [Nakayohi (Izurumi)] Asuka Fukujuu Nikki (Neon Genesis Evangelion)","japanese":"(C65) [\u306a\u304b\u3088\u3072 (\u3044\u3065\u308b\u307f)] \u30a2\u30b9\u30ab\u670d\u5f93\u65e5\u8a18 (\u65b0\u4e16\u7d00\u30a8\u30f4\u30a1\u30f3\u30b2\u30ea\u30aa\u30f3)","pretty":"Asuka Fukujuu Nikki"},"images":{"pages":[{"t":"j","w":868,"h":1227},{"t":"j","w":866,"h":1223},{"t":"j","w":854,"h":1223},{"t":"j","w":841,"h":1222},{"t":"j","w":845,"h":1225},{"t":"j","w":842,"h":1220},{"t":"j","w":847,"h":1225},{"t":"j","w":848,"h":1220},{"t":"j","w":847,"h":1222},{"t":"j","w":840,"h":1220},{"t":"j","w":845,"h":1225},{"t":"j","w":842,"h":1219},{"t":"j","w":845,"h":1225},{"t":"j","w":847,"h":1222},{"t":"j","w":848,"h":1222},{"t":"j","w":842,"h":1218},{"t":"j","w":842,"h":1225}],"cover":{"t":"j","w":350,"h":495},"thumbnail":{"t":"j","w":250,"h":353}},"scanlator":"","upload_date":1403964899,"tags":[{"id":3206,"type":"character","name":"shinji ikari","url":"/character/shinji-ikari/","count":1229},{"id":9162,"type":"tag","name":"masturbation","url":"/tag/masturbation/","count":9228},{"id":16710,"type":"group","name":"nakayohi","url":"/group/nakayohi/","count":95},{"id":17137,"type":"parody","name":"neon genesis evangelion","url":"/parody/neon-genesis-evangelion/","count":2489},{"id":20905,"type":"tag","name":"full color","url":"/tag/full-color/","count":33404},{"id":21875,"type":"artist","name":"izurumi","url":"/artist/izurumi/","count":95},{"id":25125,"type":"character","name":"asuka langley soryu","url":"/character/asuka-langley-soryu/","count":1513},{"id":27553,"type":"tag","name":"rape","url":"/tag/rape/","count":34191},{"id":32341,"type":"tag","name":"shotacon","url":"/tag/shotacon/","count":39737},{"id":6346,"type":"language","name":"japanese","url":"/language/japanese/","count":191613},{"id":33172,"type":"category","name":"doujinshi","url":"/category/doujinshi/","count":228729},{"id":10314,"type":"tag","name":"schoolgirl uniform","url":"/tag/schoolgirl-uniform/","count":56168}],"num_pages":17,"num_favorites":165}