{"id":174,"media_id":"504","title":{"english":"(CR25) [Nakayohi (Izurumi)] Baku (Evangelion)","japanese":"(C\u30ec\u30f4\u30a925) [\u306a\u304b\u3088\u3072 (\u3044\u3065\u308b\u307f)] \u7e1b (\u65b0\u4e16\u7d00\u30a8\u30f4\u30a1\u30f3\u30b2\u30ea\u30aa\u30f3)","pretty":"Baku"},"images":{"pages":[{"t":"j","w":636,"h":900},{"t":"j","w":780,"h":1091},{"t":"g","w":636,"h":900},{"t":"g","w":636,"h":900},{"t":"g","w":636,"h":900},{"t":"g","w":636,"h":900},{"t":"g","w":636,"h":900},{"t":"g","w":636,"h":900},{"t":"g","w":636,"h":900},{"t":"g","w":636,"h":900},{"t":"g","w":636,"h":900},{"t":"g","w":636,"h":900},{"t":"g","w":636,"h":900},{"t":"g","w":636,"h":900},{"t":"g","w":636,"h":900},{"t":"g","w":636,"h":900},{"t":"g","w":636,"h":900},{"t":"g","w":636,"h":900},{"t":"g","w":636,"h":900},{"t":"g","w":636,"h":900},{"t":"g","w":636,"h":900},{"t":"j","w":636,"h":900}],"cover":{"t":"j","w":350,"h":495},"thumbnail":{"t":"j","w":250,"h":354}},"scanlator":"","upload_date":1403964899,"tags":[{"id":15658,"type":"tag","name":"bondage","url":"/tag/bondage/","count":34802},{"id":16332,"type":"character","name":"hikari horaki","url":"/character/hikari-horaki/","count":104},{"id":16710,"type":"group","name":"nakayohi","url":"/group/nakayohi/","count":95},{"id":17137,"type":"parody","name":"neon genesis evangelion","url":"/parody/neon-genesis-evangelion/","count":2492},{"id":19440,"type":"tag","name":"lolicon","url":"/tag/lolicon/","count":70096},{"id":21875,"type":"artist","name":"izurumi","url":"/artist/izurumi/","count":95},{"id":25125,"type":"character","name":"asuka langley soryu","url":"/character/asuka-langley-soryu/","count":1515},{"id":27553,"type":"tag","name":"rape","url":"/tag/rape/","count":34545},{"id":28800,"type":"tag","name":"bloomers","url":"/tag/bloomers/","count":5672},{"id":6346,"type":"language","name":"japanese","url":"/language/japanese/","count":193003},{"id":33172,"type":"category","name":"doujinshi","url":"/category/doujinshi/","count":231184},{"id":10314,"type":"tag","name":"schoolgirl uniform","url":"/tag/schoolgirl-uniform/","count":56614},{"id":11941,"type":"tag","name":"replaced","url":"/tag/replaced/","count":3725}],"num_pages":22,"num_favorites":45}