{"id":175,"media_id":"505","title":{"english":"[Persona] Reijuu Seikatsu - Slave Days -","japanese":"[\u307a\u308b\u305d\u306a] \u96b7\u7363\u751f\u6d3b","pretty":"Reijuu Seikatsu"},"images":{"pages":[{"t":"j","w":1200,"h":976},{"t":"j","w":768,"h":1083},{"t":"j","w":762,"h":1091},{"t":"j","w":762,"h":1091},{"t":"j","w":762,"h":1091},{"t":"j","w":762,"h":1091},{"t":"j","w":762,"h":1091},{"t":"j","w":762,"h":1091},{"t":"j","w":762,"h":1091},{"t":"j","w":762,"h":1091},{"t":"j","w":762,"h":1091},{"t":"j","w":762,"h":1091},{"t":"j","w":762,"h":1091},{"t":"j","w":762,"h":1091},{"t":"j","w":762,"h":1091},{"t":"j","w":762,"h":1091},{"t":"j","w":762,"h":1091},{"t":"j","w":762,"h":1091},{"t":"j","w":762,"h":1091},{"t":"j","w":762,"h":1091},{"t":"j","w":762,"h":1091},{"t":"j","w":762,"h":1091},{"t":"j","w":762,"h":1091},{"t":"j","w":762,"h":1091},{"t":"j","w":762,"h":1091},{"t":"j","w":762,"h":1091},{"t":"j","w":762,"h":1091},{"t":"j","w":762,"h":1091},{"t":"j","w":762,"h":1091},{"t":"j","w":762,"h":1091},{"t":"j","w":762,"h":1091},{"t":"j","w":762,"h":1091},{"t":"j","w":762,"h":1091},{"t":"j","w":762,"h":1091},{"t":"j","w":762,"h":1091},{"t":"j","w":762,"h":1091},{"t":"j","w":762,"h":1091},{"t":"j","w":762,"h":1091},{"t":"j","w":762,"h":1091},{"t":"j","w":762,"h":1091},{"t":"j","w":762,"h":1091},{"t":"j","w":762,"h":1091},{"t":"j","w":762,"h":1091},{"t":"j","w":762,"h":1091},{"t":"j","w":762,"h":1091},{"t":"j","w":762,"h":1091},{"t":"j","w":762,"h":1091},{"t":"j","w":762,"h":1091},{"t":"j","w":762,"h":1091},{"t":"j","w":762,"h":1091},{"t":"j","w":762,"h":1091},{"t":"j","w":762,"h":1091},{"t":"j","w":762,"h":1091},{"t":"j","w":762,"h":1091},{"t":"j","w":762,"h":1091},{"t":"j","w":762,"h":1091},{"t":"j","w":762,"h":1091},{"t":"j","w":762,"h":1091},{"t":"j","w":762,"h":1091},{"t":"j","w":762,"h":1091},{"t":"j","w":762,"h":1091},{"t":"j","w":762,"h":1091},{"t":"j","w":762,"h":1091},{"t":"j","w":762,"h":1091},{"t":"j","w":762,"h":1091},{"t":"j","w":762,"h":1091},{"t":"j","w":762,"h":1091},{"t":"j","w":762,"h":1091},{"t":"j","w":762,"h":1091},{"t":"j","w":762,"h":1091},{"t":"j","w":762,"h":1091},{"t":"j","w":762,"h":1091},{"t":"j","w":762,"h":1091},{"t":"j","w":762,"h":1091},{"t":"j","w":762,"h":1091},{"t":"j","w":762,"h":1091},{"t":"j","w":762,"h":1091},{"t":"j","w":762,"h":1091},{"t":"j","w":762,"h":1091},{"t":"j","w":762,"h":1091},{"t":"j","w":762,"h":1091},{"t":"j","w":762,"h":1091},{"t":"j","w":762,"h":1091},{"t":"j","w":762,"h":1091},{"t":"j","w":762,"h":1091},{"t":"j","w":762,"h":1091},{"t":"j","w":762,"h":1091},{"t":"j","w":762,"h":1091},{"t":"j","w":762,"h":1091},{"t":"j","w":762,"h":1091},{"t":"j","w":762,"h":1091},{"t":"j","w":762,"h":1091},{"t":"j","w":762,"h":1091},{"t":"j","w":762,"h":1091},{"t":"j","w":762,"h":1091},{"t":"j","w":762,"h":1091},{"t":"j","w":762,"h":1091},{"t":"j","w":762,"h":1091},{"t":"j","w":762,"h":1091},{"t":"j","w":762,"h":1091},{"t":"j","w":762,"h":1091},{"t":"j","w":762,"h":1091},{"t":"j","w":762,"h":1091},{"t":"j","w":762,"h":1091},{"t":"j","w":762,"h":1091},{"t":"j","w":762,"h":1091},{"t":"j","w":762,"h":1091},{"t":"j","w":762,"h":1091},{"t":"j","w":762,"h":1091},{"t":"j","w":762,"h":1091},{"t":"j","w":762,"h":1091},{"t":"j","w":762,"h":1091},{"t":"j","w":762,"h":1091},{"t":"j","w":762,"h":1091},{"t":"j","w":762,"h":1091},{"t":"j","w":762,"h":1091},{"t":"j","w":762,"h":1091},{"t":"j","w":762,"h":1091},{"t":"j","w":762,"h":1091},{"t":"j","w":762,"h":1091},{"t":"j","w":762,"h":1091},{"t":"j","w":762,"h":1091},{"t":"j","w":762,"h":1091},{"t":"j","w":762,"h":1091},{"t":"j","w":762,"h":1091},{"t":"j","w":762,"h":1091},{"t":"j","w":762,"h":1091},{"t":"j","w":762,"h":1091},{"t":"j","w":762,"h":1091},{"t":"j","w":762,"h":1091},{"t":"j","w":762,"h":1091},{"t":"j","w":762,"h":1091},{"t":"j","w":762,"h":1091},{"t":"j","w":762,"h":1091},{"t":"j","w":762,"h":1091},{"t":"j","w":762,"h":1091},{"t":"j","w":762,"h":1091},{"t":"j","w":762,"h":1091},{"t":"j","w":762,"h":1091},{"t":"j","w":762,"h":1091},{"t":"j","w":762,"h":1091},{"t":"j","w":762,"h":1091},{"t":"j","w":762,"h":1091},{"t":"j","w":762,"h":1091},{"t":"j","w":762,"h":1091},{"t":"j","w":762,"h":1091},{"t":"j","w":762,"h":1091},{"t":"j","w":762,"h":1091},{"t":"j","w":762,"h":1091},{"t":"j","w":762,"h":1091},{"t":"j","w":762,"h":1091},{"t":"j","w":762,"h":1091},{"t":"j","w":762,"h":1091},{"t":"j","w":762,"h":1091},{"t":"j","w":762,"h":1091},{"t":"j","w":762,"h":1091},{"t":"j","w":762,"h":1091},{"t":"j","w":762,"h":1091},{"t":"j","w":762,"h":1091},{"t":"j","w":762,"h":1091},{"t":"j","w":762,"h":1091},{"t":"j","w":762,"h":1091},{"t":"j","w":762,"h":1091},{"t":"j","w":762,"h":1091},{"t":"j","w":762,"h":1091},{"t":"j","w":762,"h":1091},{"t":"j","w":853,"h":1086},{"t":"j","w":1200,"h":974}],"cover":{"t":"j","w":350,"h":285},"thumbnail":{"t":"j","w":250,"h":203}},"scanlator":"","upload_date":1403964900,"tags":[{"id":1088,"type":"tag","name":"bdsm","url":"/tag/bdsm/","count":1933},{"id":1254,"type":"artist","name":"persona","url":"/artist/persona/","count":51},{"id":2937,"type":"tag","name":"big breasts","url":"/tag/big-breasts/","count":103273},{"id":4435,"type":"tag","name":"gag","url":"/tag/gag/","count":7148},{"id":5820,"type":"tag","name":"piercing","url":"/tag/piercing/","count":5567},{"id":8010,"type":"tag","name":"group","url":"/tag/group/","count":72150},{"id":12523,"type":"tag","name":"bestiality","url":"/tag/bestiality/","count":3768},{"id":14971,"type":"tag","name":"sex toys","url":"/tag/sex-toys/","count":20823},{"id":15658,"type":"tag","name":"bondage","url":"/tag/bondage/","count":34540},{"id":18409,"type":"tag","name":"snake","url":"/tag/snake/","count":131},{"id":19440,"type":"tag","name":"lolicon","url":"/tag/lolicon/","count":69490},{"id":19954,"type":"tag","name":"yuri","url":"/tag/yuri/","count":20241},{"id":23237,"type":"tag","name":"tankoubon","url":"/tag/tankoubon/","count":25051},{"id":27553,"type":"tag","name":"rape","url":"/tag/rape/","count":34191},{"id":31044,"type":"tag","name":"collar","url":"/tag/collar/","count":13576},{"id":6346,"type":"language","name":"japanese","url":"/language/japanese/","count":191613},{"id":33173,"type":"category","name":"manga","url":"/category/manga/","count":77142},{"id":10314,"type":"tag","name":"schoolgirl uniform","url":"/tag/schoolgirl-uniform/","count":56168}],"num_pages":168,"num_favorites":114}