{"id":177,"media_id":"292","title":{"english":"(C68) [Toluene Ittokan (Pierre Norano)] Ketsu! Megaton 6 (Various)","japanese":"(C68) [\u30c8\u30eb\u30a8\u30f3\u4e00\u6597\u7f36 (\u30d4\u30a8\u30fc\u30eb\u306e\u3089\u306e)] KETSU! MEGATON 6 (\u3088\u308d\u305a)","pretty":"Ketsu! Megaton 6"},"images":{"pages":[{"t":"j","w":848,"h":1200},{"t":"j","w":735,"h":1200},{"t":"j","w":840,"h":1200},{"t":"j","w":840,"h":1200},{"t":"j","w":840,"h":1200},{"t":"j","w":840,"h":1200},{"t":"j","w":840,"h":1200},{"t":"j","w":840,"h":1200},{"t":"j","w":840,"h":1200},{"t":"j","w":840,"h":1200},{"t":"j","w":840,"h":1200},{"t":"j","w":840,"h":1200},{"t":"j","w":840,"h":1200},{"t":"j","w":840,"h":1200},{"t":"j","w":840,"h":1200},{"t":"j","w":840,"h":1200},{"t":"j","w":840,"h":1200},{"t":"j","w":840,"h":1200},{"t":"j","w":840,"h":1200},{"t":"j","w":840,"h":1200},{"t":"j","w":840,"h":1200},{"t":"j","w":840,"h":1200},{"t":"j","w":840,"h":1200},{"t":"j","w":840,"h":1200},{"t":"j","w":840,"h":1200},{"t":"j","w":840,"h":1200},{"t":"j","w":840,"h":1200},{"t":"j","w":840,"h":1200},{"t":"j","w":840,"h":1200},{"t":"j","w":840,"h":1200},{"t":"j","w":840,"h":1200},{"t":"j","w":840,"h":1200},{"t":"j","w":840,"h":1200},{"t":"j","w":840,"h":1200},{"t":"j","w":840,"h":1200},{"t":"j","w":840,"h":1200},{"t":"j","w":840,"h":1200},{"t":"j","w":840,"h":1200},{"t":"j","w":840,"h":1200},{"t":"j","w":840,"h":1200},{"t":"j","w":840,"h":1200},{"t":"j","w":840,"h":1200},{"t":"j","w":840,"h":1200},{"t":"j","w":840,"h":1200},{"t":"j","w":840,"h":1200},{"t":"j","w":840,"h":1200},{"t":"j","w":840,"h":1200},{"t":"j","w":840,"h":1200},{"t":"j","w":840,"h":1200},{"t":"j","w":840,"h":1200},{"t":"j","w":848,"h":1200}],"cover":{"t":"j","w":350,"h":495},"thumbnail":{"t":"j","w":250,"h":354}},"scanlator":"","upload_date":1403964906,"tags":[{"id":2937,"type":"tag","name":"big breasts","url":"/tag/big-breasts/","count":103273},{"id":8378,"type":"tag","name":"glasses","url":"/tag/glasses/","count":48279},{"id":13159,"type":"parody","name":"naruto","url":"/parody/naruto/","count":1267},{"id":14473,"type":"group","name":"toluene ittokan","url":"/group/toluene-ittokan/","count":73},{"id":14499,"type":"character","name":"tsunade","url":"/character/tsunade/","count":354},{"id":15009,"type":"artist","name":"pierre norano","url":"/artist/pierre-norano/","count":81},{"id":15658,"type":"tag","name":"bondage","url":"/tag/bondage/","count":34540},{"id":19440,"type":"tag","name":"lolicon","url":"/tag/lolicon/","count":69490},{"id":19979,"type":"parody","name":"read or die","url":"/parody/read-or-die/","count":90},{"id":23429,"type":"parody","name":"pretty cure","url":"/parody/pretty-cure/","count":464},{"id":25439,"type":"character","name":"hinata hyuga","url":"/character/hinata-hyuga/","count":436},{"id":29856,"type":"character","name":"saber","url":"/character/saber/","count":740},{"id":29859,"type":"tag","name":"blowjob","url":"/tag/blowjob/","count":37321},{"id":32341,"type":"tag","name":"shotacon","url":"/tag/shotacon/","count":39737},{"id":32364,"type":"character","name":"rider","url":"/character/rider/","count":486},{"id":6346,"type":"language","name":"japanese","url":"/language/japanese/","count":191613},{"id":33172,"type":"category","name":"doujinshi","url":"/category/doujinshi/","count":228729},{"id":29124,"type":"character","name":"cure black","url":"/character/cure-black/","count":135},{"id":8800,"type":"character","name":"nagisa misumi","url":"/character/nagisa-misumi/","count":135}],"num_pages":51,"num_favorites":227}