{"id":178,"media_id":"293","title":{"english":"(CR35) [Ochimusha (Odagiri Tsutomu)] Kunoichi no Kyouiku (Naruto)","japanese":"(CR35) [\u843d\u6b66\u8005 (\u5c0f\u7530\u5207\u30c4\u30c8\u30e0)] \u30af\u30ce\u30a4\u30c1\u306e\u6559\u80b2 (\u30ca\u30eb\u30c8)","pretty":"Kunoichi no Kyouiku"},"images":{"pages":[{"t":"j","w":851,"h":1200},{"t":"j","w":816,"h":1200},{"t":"j","w":816,"h":1200},{"t":"j","w":816,"h":1200},{"t":"j","w":816,"h":1200},{"t":"j","w":816,"h":1200},{"t":"j","w":816,"h":1200},{"t":"j","w":816,"h":1200},{"t":"j","w":816,"h":1200},{"t":"j","w":816,"h":1200},{"t":"j","w":816,"h":1200},{"t":"j","w":816,"h":1200},{"t":"j","w":816,"h":1200},{"t":"j","w":816,"h":1200},{"t":"j","w":816,"h":1200},{"t":"j","w":816,"h":1200},{"t":"j","w":816,"h":1200},{"t":"j","w":816,"h":1200},{"t":"j","w":816,"h":1200},{"t":"j","w":816,"h":1200},{"t":"j","w":816,"h":1200},{"t":"j","w":816,"h":1200},{"t":"j","w":816,"h":1200},{"t":"j","w":816,"h":1200},{"t":"j","w":816,"h":1200},{"t":"j","w":816,"h":1200},{"t":"j","w":816,"h":1200},{"t":"j","w":816,"h":1200},{"t":"j","w":816,"h":1200},{"t":"j","w":851,"h":1200}],"cover":{"t":"j","w":350,"h":494},"thumbnail":{"t":"j","w":250,"h":353}},"scanlator":"","upload_date":1403964907,"tags":[{"id":779,"type":"tag","name":"futanari","url":"/tag/futanari/","count":23173},{"id":3304,"type":"character","name":"kurenai yuhi","url":"/character/kurenai-yuhi/","count":34},{"id":11920,"type":"character","name":"sakura haruno","url":"/character/sakura-haruno/","count":479},{"id":13159,"type":"parody","name":"naruto","url":"/parody/naruto/","count":1267},{"id":19440,"type":"tag","name":"lolicon","url":"/tag/lolicon/","count":69490},{"id":19954,"type":"tag","name":"yuri","url":"/tag/yuri/","count":20241},{"id":19955,"type":"artist","name":"odagiri tsutomu","url":"/artist/odagiri-tsutomu/","count":6},{"id":22435,"type":"group","name":"ochimusha.","url":"/group/ochimusha/","count":5},{"id":6346,"type":"language","name":"japanese","url":"/language/japanese/","count":191613},{"id":33172,"type":"category","name":"doujinshi","url":"/category/doujinshi/","count":228729}],"num_pages":30,"num_favorites":68}