{"id":179,"media_id":"298","title":{"english":"(CR36) [Aa! Aikawa Doujou (Kei Enji)] Onnanoko Doushi ga Ichaicha Suru Hon (Naruto)","japanese":"(C\u30ec\u30f4\u30a936) [\u55da\u547c!\u85cd\u5ddd\u9053\u5834 (\u666f\u3048\u3093\u3058)] \u5973\u306e\u30b3\u540c\u58eb\u304c\u3044\u3061\u3083\u3044\u3061\u3083\u3059\u308b\u672c (\u30ca\u30eb\u30c8)","pretty":"Onnanoko Doushi ga Ichaicha Suru Hon"},"images":{"pages":[{"t":"j","w":1133,"h":1600},{"t":"j","w":1133,"h":1600},{"t":"j","w":1133,"h":1600},{"t":"j","w":1133,"h":1600},{"t":"j","w":1133,"h":1600},{"t":"j","w":1133,"h":1600},{"t":"j","w":1133,"h":1600},{"t":"j","w":1133,"h":1600},{"t":"j","w":1133,"h":1600},{"t":"j","w":1133,"h":1600},{"t":"j","w":1133,"h":1600},{"t":"j","w":1133,"h":1600},{"t":"j","w":1133,"h":1600},{"t":"j","w":1133,"h":1600},{"t":"j","w":1133,"h":1600},{"t":"j","w":1133,"h":1600},{"t":"j","w":1133,"h":1600},{"t":"j","w":1133,"h":1600},{"t":"j","w":1133,"h":1600},{"t":"j","w":1133,"h":1600},{"t":"j","w":1133,"h":1600},{"t":"j","w":1133,"h":1600},{"t":"j","w":1133,"h":1600},{"t":"j","w":1133,"h":1600},{"t":"j","w":1133,"h":1600},{"t":"j","w":1133,"h":1600},{"t":"j","w":1133,"h":1600},{"t":"j","w":1133,"h":1600},{"t":"j","w":1133,"h":1600},{"t":"j","w":1133,"h":1600}],"cover":{"t":"j","w":350,"h":494},"thumbnail":{"t":"j","w":250,"h":353}},"scanlator":"","upload_date":1403964908,"tags":[{"id":2937,"type":"tag","name":"big breasts","url":"/tag/big-breasts/","count":103273},{"id":3304,"type":"character","name":"kurenai yuhi","url":"/character/kurenai-yuhi/","count":34},{"id":7706,"type":"character","name":"ino yamanaka","url":"/character/ino-yamanaka/","count":94},{"id":8321,"type":"artist","name":"ono kenuji","url":"/artist/ono-kenuji/","count":64},{"id":11920,"type":"character","name":"sakura haruno","url":"/character/sakura-haruno/","count":479},{"id":13159,"type":"parody","name":"naruto","url":"/parody/naruto/","count":1267},{"id":17940,"type":"group","name":"aa aikawa doujou","url":"/group/aa-aikawa-doujou/","count":13},{"id":19440,"type":"tag","name":"lolicon","url":"/tag/lolicon/","count":69490},{"id":19805,"type":"artist","name":"kei enji","url":"/artist/kei-enji/","count":29},{"id":19954,"type":"tag","name":"yuri","url":"/tag/yuri/","count":20241},{"id":20282,"type":"tag","name":"footjob","url":"/tag/footjob/","count":9290},{"id":25439,"type":"character","name":"hinata hyuga","url":"/character/hinata-hyuga/","count":436},{"id":6346,"type":"language","name":"japanese","url":"/language/japanese/","count":191613},{"id":33172,"type":"category","name":"doujinshi","url":"/category/doujinshi/","count":228729},{"id":8050,"type":"tag","name":"females only","url":"/tag/females-only/","count":8656},{"id":7657,"type":"tag","name":"foot insertion","url":"/tag/foot-insertion/","count":54}],"num_pages":30,"num_favorites":81}