{"id":76,"media_id":"783","title":{"english":"[Mikan-bako o koyonaku aisuru kai (Shisen Mirai)] W R #3 (Neon Genesis Evangelion)","japanese":"[\u307f\u304b\u3093\u7bb1\u3092\u3053\u3088\u306a\u304f\u611b\u3059\u308b\u4f1a (\u56db\u5ddd\u672a\u6765)] W R #3 (\u65b0\u4e16\u7d00\u30a8\u30f4\u30a1\u30f3\u30b2\u30ea\u30aa\u30f3)","pretty":"W R #3"},"images":{"pages":[{"t":"j","w":1200,"h":843},{"t":"j","w":915,"h":1300},{"t":"j","w":905,"h":1300},{"t":"j","w":903,"h":1300},{"t":"j","w":907,"h":1300},{"t":"j","w":900,"h":1300},{"t":"j","w":904,"h":1300},{"t":"j","w":897,"h":1300},{"t":"j","w":902,"h":1300},{"t":"j","w":894,"h":1300},{"t":"j","w":902,"h":1300},{"t":"j","w":892,"h":1300},{"t":"j","w":902,"h":1300},{"t":"j","w":889,"h":1300},{"t":"j","w":899,"h":1300},{"t":"j","w":889,"h":1300},{"t":"j","w":897,"h":1300},{"t":"j","w":889,"h":1300},{"t":"j","w":894,"h":1300},{"t":"j","w":892,"h":1300},{"t":"j","w":894,"h":1300},{"t":"j","w":884,"h":1300},{"t":"j","w":894,"h":1300},{"t":"j","w":886,"h":1300},{"t":"j","w":892,"h":1300},{"t":"j","w":881,"h":1300},{"t":"j","w":894,"h":1300},{"t":"j","w":885,"h":1300},{"t":"j","w":895,"h":1300},{"t":"j","w":886,"h":1300},{"t":"j","w":894,"h":1300},{"t":"j","w":886,"h":1300},{"t":"j","w":894,"h":1300},{"t":"j","w":881,"h":1300},{"t":"j","w":897,"h":1300},{"t":"j","w":884,"h":1300},{"t":"j","w":898,"h":1300},{"t":"j","w":886,"h":1300},{"t":"j","w":899,"h":1300},{"t":"j","w":892,"h":1300},{"t":"j","w":904,"h":1300},{"t":"j","w":892,"h":1300},{"t":"j","w":904,"h":1300},{"t":"j","w":894,"h":1300},{"t":"j","w":905,"h":1300},{"t":"j","w":883,"h":1300},{"t":"j","w":914,"h":1300}],"cover":{"t":"j","w":350,"h":246},"thumbnail":{"t":"j","w":250,"h":176}},"scanlator":"","upload_date":1403964796,"tags":[{"id":3206,"type":"character","name":"shinji ikari","url":"/character/shinji-ikari/","count":1231},{"id":17137,"type":"parody","name":"neon genesis evangelion","url":"/parody/neon-genesis-evangelion/","count":2492},{"id":25125,"type":"character","name":"asuka langley soryu","url":"/character/asuka-langley-soryu/","count":1515},{"id":6346,"type":"language","name":"japanese","url":"/language/japanese/","count":193003},{"id":33172,"type":"category","name":"doujinshi","url":"/category/doujinshi/","count":231184}],"num_pages":47,"num_favorites":11}