{"id":77,"media_id":"802","title":{"english":"[V . Heracles (Shimada Kazuma)] 01 DIGITAL (Neon Genesis Evangelion)","japanese":"[V\u30fb\u30d8\u30e9\u30af\u30ec\u30b9 (\u5cf6\u7530\u548c\u771f)] 01 DIGITAL (\u65b0\u4e16\u7d00\u30a8\u30f4\u30a1\u30f3\u30b2\u30ea\u30aa\u30f3)","pretty":"01 DIGITAL"},"images":{"pages":[{"t":"j","w":847,"h":1200},{"t":"j","w":850,"h":1200},{"t":"j","w":849,"h":1200},{"t":"j","w":850,"h":1200},{"t":"j","w":849,"h":1200},{"t":"j","w":849,"h":1200},{"t":"j","w":849,"h":1200},{"t":"j","w":849,"h":1200},{"t":"j","w":849,"h":1200},{"t":"j","w":849,"h":1200},{"t":"j","w":849,"h":1200},{"t":"j","w":849,"h":1200},{"t":"j","w":850,"h":1200},{"t":"j","w":849,"h":1200},{"t":"j","w":850,"h":1200},{"t":"j","w":850,"h":1200},{"t":"j","w":850,"h":1200},{"t":"j","w":849,"h":1200},{"t":"j","w":850,"h":1200},{"t":"j","w":849,"h":1200},{"t":"j","w":849,"h":1200},{"t":"j","w":849,"h":1200},{"t":"j","w":849,"h":1200},{"t":"j","w":849,"h":1200},{"t":"j","w":849,"h":1200},{"t":"j","w":849,"h":1200},{"t":"j","w":849,"h":1200},{"t":"j","w":849,"h":1200},{"t":"j","w":850,"h":1200},{"t":"j","w":849,"h":1200},{"t":"j","w":850,"h":1200},{"t":"j","w":849,"h":1200},{"t":"j","w":849,"h":1200},{"t":"j","w":850,"h":1200},{"t":"j","w":850,"h":1200},{"t":"j","w":850,"h":1200},{"t":"j","w":850,"h":1200},{"t":"j","w":849,"h":1200},{"t":"j","w":850,"h":1200},{"t":"j","w":850,"h":1200},{"t":"j","w":849,"h":1200},{"t":"j","w":850,"h":1200},{"t":"j","w":850,"h":1200},{"t":"j","w":850,"h":1200},{"t":"j","w":850,"h":1200},{"t":"j","w":850,"h":1200},{"t":"j","w":850,"h":1200},{"t":"j","w":849,"h":1200},{"t":"j","w":848,"h":1200}],"cover":{"t":"j","w":350,"h":496},"thumbnail":{"t":"j","w":250,"h":354}},"scanlator":"","upload_date":1403964797,"tags":[{"id":3206,"type":"character","name":"shinji ikari","url":"/character/shinji-ikari/","count":1231},{"id":11483,"type":"artist","name":"shimada kazuma","url":"/artist/shimada-kazuma/","count":2},{"id":17137,"type":"parody","name":"neon genesis evangelion","url":"/parody/neon-genesis-evangelion/","count":2492},{"id":21779,"type":"character","name":"rei ayanami","url":"/character/rei-ayanami/","count":1196},{"id":24503,"type":"group","name":"v . heracles","url":"/group/v-heracles/","count":8},{"id":6346,"type":"language","name":"japanese","url":"/language/japanese/","count":191613},{"id":33172,"type":"category","name":"doujinshi","url":"/category/doujinshi/","count":228729},{"id":35763,"type":"tag","name":"sole male","url":"/tag/sole-male/","count":60070}],"num_pages":49,"num_favorites":17}