{"id":79,"media_id":"804","title":{"english":"(C49) [ACTIVA (Negi Na Reraamen, SMAC, Takeji Shibuichi)] AC (Neon Genesis Evangelion)","japanese":"(C49) [ACTIVA (\u30cd\u30ae\u306a\u30ec\u30e9\u30fc\u30e1\u30f3 , SMAC, \u6b66\u4e45\u56db\u6b69)] AC (\u65b0\u4e16\u7d00\u30a8\u30f4\u30a1\u30f3\u30b2\u30ea\u30aa\u30f3)","pretty":"AC"},"images":{"pages":[{"t":"j","w":1064,"h":1508},{"t":"j","w":1020,"h":1512},{"t":"j","w":1016,"h":1504},{"t":"j","w":1016,"h":1512},{"t":"j","w":1028,"h":1508},{"t":"j","w":1028,"h":1508},{"t":"j","w":1020,"h":1508},{"t":"j","w":1024,"h":1512},{"t":"j","w":1016,"h":1512},{"t":"j","w":1024,"h":1512},{"t":"j","w":1012,"h":1512},{"t":"j","w":1024,"h":1508},{"t":"j","w":1016,"h":1508},{"t":"j","w":1028,"h":1508},{"t":"j","w":1012,"h":1508},{"t":"j","w":1024,"h":1508},{"t":"j","w":1008,"h":1508},{"t":"j","w":1020,"h":1508},{"t":"j","w":1008,"h":1508},{"t":"j","w":1028,"h":1512},{"t":"j","w":1016,"h":1508},{"t":"j","w":1020,"h":1508},{"t":"j","w":1020,"h":1508},{"t":"j","w":1020,"h":1508},{"t":"j","w":1020,"h":1512},{"t":"j","w":1028,"h":1508},{"t":"j","w":1020,"h":1512},{"t":"j","w":1028,"h":1508},{"t":"j","w":1024,"h":1512},{"t":"j","w":1036,"h":1508},{"t":"j","w":1008,"h":1512},{"t":"j","w":1032,"h":1508},{"t":"j","w":1016,"h":1508},{"t":"j","w":1020,"h":1508},{"t":"j","w":1016,"h":1512},{"t":"j","w":1028,"h":1508},{"t":"j","w":1020,"h":1512},{"t":"j","w":1036,"h":1508},{"t":"j","w":1024,"h":1508},{"t":"j","w":1028,"h":1508},{"t":"j","w":1020,"h":1508},{"t":"j","w":1032,"h":1508},{"t":"j","w":1024,"h":1508},{"t":"j","w":1040,"h":1504},{"t":"j","w":1008,"h":1508},{"t":"j","w":1030,"h":1485}],"cover":{"t":"j","w":350,"h":496},"thumbnail":{"t":"j","w":250,"h":354}},"scanlator":"","upload_date":1403964800,"tags":[{"id":3206,"type":"character","name":"shinji ikari","url":"/character/shinji-ikari/","count":1231},{"id":9259,"type":"artist","name":"smac","url":"/artist/smac/","count":71},{"id":16332,"type":"character","name":"hikari horaki","url":"/character/hikari-horaki/","count":104},{"id":17137,"type":"parody","name":"neon genesis evangelion","url":"/parody/neon-genesis-evangelion/","count":2489},{"id":21779,"type":"character","name":"rei ayanami","url":"/character/rei-ayanami/","count":1195},{"id":24911,"type":"group","name":"activa","url":"/group/activa/","count":46},{"id":25125,"type":"character","name":"asuka langley soryu","url":"/character/asuka-langley-soryu/","count":1513},{"id":6346,"type":"language","name":"japanese","url":"/language/japanese/","count":191613},{"id":33172,"type":"category","name":"doujinshi","url":"/category/doujinshi/","count":228729},{"id":10314,"type":"tag","name":"schoolgirl uniform","url":"/tag/schoolgirl-uniform/","count":56168},{"id":29013,"type":"tag","name":"dilf","url":"/tag/dilf/","count":15244}],"num_pages":46,"num_favorites":34}