{"id":80,"media_id":"805","title":{"english":"(CR19) [SUKAPON-DO (Kagawa Tomonobu, Yano Takumi)] Ai to Iu Na no Aroma  (Neon Genesis Evangelion)","japanese":"(CR19) [\u30b9\u30ab\u30dd\u30f3\u5802 (\u9999\u5ddd\u53cb\u4fe1 , \u77e2\u91ce\u305f\u304f\u307f)] \u611b\u3068\u3044\u3046\u540d\u306e\u30a2\u30ed\u30de (\u65b0\u4e16\u7d00\u30a8\u30f4\u30a1\u30f3\u30b2\u30ea\u30aa\u30f3)","pretty":"Ai to Iu Na no Aroma"},"images":{"pages":[{"t":"j","w":856,"h":1200},{"t":"j","w":856,"h":1200},{"t":"j","w":856,"h":1200},{"t":"j","w":856,"h":1200},{"t":"j","w":856,"h":1200},{"t":"j","w":856,"h":1200},{"t":"j","w":856,"h":1200},{"t":"j","w":856,"h":1200},{"t":"j","w":856,"h":1200},{"t":"j","w":856,"h":1200},{"t":"j","w":856,"h":1200},{"t":"j","w":856,"h":1200},{"t":"j","w":856,"h":1200},{"t":"j","w":856,"h":1200},{"t":"j","w":856,"h":1200},{"t":"j","w":856,"h":1200},{"t":"j","w":856,"h":1200},{"t":"j","w":856,"h":1200},{"t":"j","w":856,"h":1200},{"t":"j","w":856,"h":1200},{"t":"j","w":856,"h":1200},{"t":"j","w":856,"h":1200},{"t":"j","w":856,"h":1200},{"t":"j","w":856,"h":1200},{"t":"j","w":856,"h":1200},{"t":"j","w":856,"h":1200},{"t":"j","w":856,"h":1200},{"t":"j","w":856,"h":1200},{"t":"j","w":856,"h":1200},{"t":"j","w":856,"h":1200},{"t":"j","w":856,"h":1200},{"t":"j","w":856,"h":1200},{"t":"j","w":856,"h":1200},{"t":"j","w":856,"h":1200},{"t":"j","w":856,"h":1200},{"t":"j","w":856,"h":1200},{"t":"j","w":856,"h":1200},{"t":"j","w":856,"h":1200},{"t":"j","w":856,"h":1200},{"t":"j","w":856,"h":1200},{"t":"j","w":856,"h":1200},{"t":"j","w":856,"h":1200},{"t":"j","w":856,"h":1200},{"t":"j","w":856,"h":1200},{"t":"j","w":856,"h":1200},{"t":"j","w":856,"h":1200},{"t":"j","w":856,"h":1200},{"t":"j","w":856,"h":1200},{"t":"j","w":856,"h":1200},{"t":"j","w":856,"h":1200},{"t":"j","w":856,"h":1200},{"t":"j","w":856,"h":1200},{"t":"j","w":856,"h":1200},{"t":"j","w":856,"h":1200},{"t":"j","w":856,"h":1200},{"t":"j","w":856,"h":1200},{"t":"j","w":856,"h":1200},{"t":"j","w":856,"h":1200},{"t":"j","w":856,"h":1200},{"t":"j","w":856,"h":1200},{"t":"j","w":856,"h":1200},{"t":"j","w":856,"h":1200},{"t":"j","w":856,"h":1200},{"t":"j","w":856,"h":1200},{"t":"j","w":856,"h":1200},{"t":"j","w":856,"h":1200},{"t":"j","w":856,"h":1200},{"t":"j","w":856,"h":1200},{"t":"j","w":856,"h":1200},{"t":"j","w":856,"h":1200},{"t":"j","w":856,"h":1200},{"t":"j","w":856,"h":1200},{"t":"j","w":856,"h":1200},{"t":"j","w":856,"h":1200},{"t":"j","w":856,"h":1200},{"t":"j","w":856,"h":1200},{"t":"j","w":856,"h":1200},{"t":"j","w":856,"h":1200}],"cover":{"t":"j","w":350,"h":491},"thumbnail":{"t":"j","w":250,"h":350}},"scanlator":"","upload_date":1403964801,"tags":[{"id":3206,"type":"character","name":"shinji ikari","url":"/character/shinji-ikari/","count":1231},{"id":8010,"type":"tag","name":"group","url":"/tag/group/","count":72150},{"id":8627,"type":"artist","name":"kagawa tomonobu","url":"/artist/kagawa-tomonobu/","count":69},{"id":17137,"type":"parody","name":"neon genesis evangelion","url":"/parody/neon-genesis-evangelion/","count":2492},{"id":19954,"type":"tag","name":"yuri","url":"/tag/yuri/","count":20241},{"id":21779,"type":"character","name":"rei ayanami","url":"/character/rei-ayanami/","count":1196},{"id":22271,"type":"artist","name":"yano takumi","url":"/artist/yano-takumi/","count":85},{"id":24307,"type":"group","name":"sukapon-do","url":"/group/sukapon-do/","count":81},{"id":24832,"type":"character","name":"misato katsuragi","url":"/character/misato-katsuragi/","count":339},{"id":25125,"type":"character","name":"asuka langley soryu","url":"/character/asuka-langley-soryu/","count":1515},{"id":6346,"type":"language","name":"japanese","url":"/language/japanese/","count":191613},{"id":33172,"type":"category","name":"doujinshi","url":"/category/doujinshi/","count":228729},{"id":10314,"type":"tag","name":"schoolgirl uniform","url":"/tag/schoolgirl-uniform/","count":56168},{"id":29013,"type":"tag","name":"dilf","url":"/tag/dilf/","count":15244}],"num_pages":78,"num_favorites":30}