{"id":81,"media_id":"678","title":{"english":"(CR36) [Thirty Saver Street 2D Shooting (Maki Hideto, Sawara Kazumitsu)] Second Hobaku Project (Neon Genesis Evangelion)","japanese":"(C\u30ec\u30f4\u30a936) [\u30b5\u30fc\u30c6\u30a3\u30bb\u30a4\u30d0\u30fc\u30b9\u30c8\u30ea\u30fc\u30c8\u30fb2D-\u30b7\u30e5\u30fc\u30c6\u30a3\u30f3\u30b0 (\u7267\u79c0\u4eba, \u4f50\u539f\u4e00\u5149)] \u30bb\u30ab\u30f3\u30c9\u6355\u7e1b\u30d7\u30ed\u30b8\u30a7\u30af\u30c8 (\u65b0\u4e16\u7d00\u30a8\u30f4\u30a1\u30f3\u30b2\u30ea\u30aa\u30f3)","pretty":"Second Hobaku Project"},"images":{"pages":[{"t":"j","w":1200,"h":1690},{"t":"j","w":1200,"h":1657},{"t":"j","w":1200,"h":1725},{"t":"j","w":1200,"h":1695},{"t":"j","w":1200,"h":849},{"t":"j","w":1200,"h":1697},{"t":"j","w":1200,"h":1708},{"t":"j","w":1200,"h":1695},{"t":"j","w":1200,"h":1715},{"t":"j","w":1200,"h":1706},{"t":"j","w":1200,"h":1717},{"t":"j","w":1200,"h":1709},{"t":"j","w":1200,"h":1722},{"t":"j","w":1200,"h":1713},{"t":"j","w":1200,"h":1721},{"t":"j","w":1200,"h":1712},{"t":"j","w":1200,"h":1724},{"t":"j","w":1200,"h":1717},{"t":"j","w":1200,"h":1741},{"t":"j","w":1200,"h":1721},{"t":"j","w":1200,"h":1739},{"t":"j","w":1200,"h":1722},{"t":"j","w":1200,"h":1730},{"t":"j","w":1200,"h":1727},{"t":"j","w":1200,"h":1731},{"t":"j","w":1200,"h":1722},{"t":"j","w":1200,"h":1739},{"t":"j","w":1200,"h":1726},{"t":"j","w":1200,"h":1735},{"t":"j","w":1200,"h":1724},{"t":"j","w":1200,"h":1734},{"t":"j","w":1200,"h":1723},{"t":"j","w":1200,"h":1735},{"t":"j","w":1200,"h":1725},{"t":"j","w":1200,"h":1737},{"t":"j","w":1200,"h":1728},{"t":"j","w":1200,"h":1739},{"t":"j","w":1200,"h":1730},{"t":"j","w":1200,"h":1738},{"t":"j","w":1200,"h":1739},{"t":"j","w":1200,"h":1735},{"t":"j","w":1200,"h":1723},{"t":"j","w":1200,"h":1738},{"t":"j","w":1200,"h":1721},{"t":"j","w":1200,"h":1740},{"t":"j","w":1200,"h":1723},{"t":"j","w":1200,"h":1734},{"t":"j","w":1200,"h":1715},{"t":"j","w":1200,"h":1732},{"t":"j","w":1200,"h":1719},{"t":"j","w":1200,"h":1731},{"t":"j","w":1200,"h":1720},{"t":"j","w":1200,"h":1729},{"t":"j","w":1200,"h":1719},{"t":"j","w":1200,"h":1728},{"t":"j","w":1200,"h":1716},{"t":"j","w":1200,"h":1717},{"t":"j","w":1200,"h":1713},{"t":"j","w":1200,"h":1719},{"t":"j","w":1200,"h":1716},{"t":"j","w":1200,"h":1709},{"t":"j","w":1200,"h":1692},{"t":"j","w":1200,"h":1715},{"t":"j","w":1200,"h":1696}],"cover":{"t":"j","w":350,"h":493},"thumbnail":{"t":"j","w":250,"h":352}},"scanlator":"","upload_date":1403964803,"tags":[{"id":255,"type":"artist","name":"maki hideto","url":"/artist/maki-hideto/","count":126},{"id":4435,"type":"tag","name":"gag","url":"/tag/gag/","count":7148},{"id":14152,"type":"artist","name":"sawara kazumitsu","url":"/artist/sawara-kazumitsu/","count":123},{"id":15408,"type":"tag","name":"femdom","url":"/tag/femdom/","count":17418},{"id":15658,"type":"tag","name":"bondage","url":"/tag/bondage/","count":34540},{"id":17137,"type":"parody","name":"neon genesis evangelion","url":"/parody/neon-genesis-evangelion/","count":2489},{"id":19440,"type":"tag","name":"lolicon","url":"/tag/lolicon/","count":69490},{"id":19954,"type":"tag","name":"yuri","url":"/tag/yuri/","count":20241},{"id":21779,"type":"character","name":"rei ayanami","url":"/character/rei-ayanami/","count":1195},{"id":24542,"type":"group","name":"thirty saver street 2d shooting","url":"/group/thirty-saver-street-2d-shooting/","count":148},{"id":25125,"type":"character","name":"asuka langley soryu","url":"/character/asuka-langley-soryu/","count":1513},{"id":27553,"type":"tag","name":"rape","url":"/tag/rape/","count":34191},{"id":6346,"type":"language","name":"japanese","url":"/language/japanese/","count":191613},{"id":33172,"type":"category","name":"doujinshi","url":"/category/doujinshi/","count":228729},{"id":10314,"type":"tag","name":"schoolgirl uniform","url":"/tag/schoolgirl-uniform/","count":56168},{"id":14971,"type":"tag","name":"sex toys","url":"/tag/sex-toys/","count":20823}],"num_pages":64,"num_favorites":78}