{"id":83,"media_id":"685","title":{"english":"(SC29) [House of KARSEA (Syouji)] Remake (Azumanga Daioh) [English] [Yuecchi]","japanese":"(\u30b5\u30f3\u30af\u30ea29) [\u30cf\u30a6\u30b9 \u30aa\u30d6 KARSEA (\u5c06\u53f8)] \u30ea\u30e1\u30a4\u30af (\u3042\u305a\u307e\u3093\u304c\u5927\u738b) [\u82f1\u8a33]","pretty":"Remake"},"images":{"pages":[{"t":"j","w":1200,"h":1737},{"t":"j","w":1200,"h":1724},{"t":"j","w":1200,"h":1752},{"t":"j","w":1200,"h":1743},{"t":"j","w":1200,"h":1740},{"t":"j","w":1200,"h":1740},{"t":"j","w":1200,"h":1737},{"t":"j","w":1200,"h":1740},{"t":"j","w":1200,"h":1740},{"t":"j","w":1200,"h":1730},{"t":"j","w":1200,"h":1740},{"t":"j","w":1200,"h":1737},{"t":"j","w":1200,"h":1737},{"t":"j","w":1200,"h":1737},{"t":"j","w":1200,"h":1740},{"t":"j","w":1200,"h":1730},{"t":"j","w":1200,"h":1743},{"t":"j","w":1200,"h":1737},{"t":"j","w":1200,"h":1730},{"t":"j","w":1200,"h":1740},{"t":"j","w":1200,"h":1740},{"t":"j","w":1200,"h":1730},{"t":"j","w":1200,"h":1737},{"t":"j","w":1200,"h":1739},{"t":"j","w":1200,"h":1740},{"t":"j","w":1200,"h":1740},{"t":"j","w":1200,"h":1743},{"t":"j","w":1200,"h":1743},{"t":"j","w":1200,"h":1737},{"t":"j","w":1200,"h":1740},{"t":"j","w":1200,"h":1740},{"t":"j","w":1200,"h":1737},{"t":"j","w":1200,"h":1739},{"t":"j","w":1200,"h":1737},{"t":"j","w":1200,"h":1737}],"cover":{"t":"j","w":350,"h":507},"thumbnail":{"t":"j","w":250,"h":362}},"scanlator":"","upload_date":1403964806,"tags":[{"id":12227,"type":"language","name":"english","url":"/language/english/","count":69378},{"id":14283,"type":"tag","name":"anal","url":"/tag/anal/","count":64587},{"id":17249,"type":"language","name":"translated","url":"/language/translated/","count":109734},{"id":17907,"type":"character","name":"osaka","url":"/character/osaka/","count":68},{"id":19440,"type":"tag","name":"lolicon","url":"/tag/lolicon/","count":69490},{"id":21682,"type":"parody","name":"azumanga daioh","url":"/parody/azumanga-daioh/","count":232},{"id":25601,"type":"tag","name":"small breasts","url":"/tag/small-breasts/","count":6915},{"id":28816,"type":"artist","name":"syouji","url":"/artist/syouji/","count":31},{"id":31133,"type":"group","name":"house of karsea","url":"/group/house-of-karsea/","count":29},{"id":33172,"type":"category","name":"doujinshi","url":"/category/doujinshi/","count":228729},{"id":10314,"type":"tag","name":"schoolgirl uniform","url":"/tag/schoolgirl-uniform/","count":56168}],"num_pages":35,"num_favorites":771}