{"id":90,"media_id":"709","title":{"english":"(C63) [System Speculation (Imai Youki)] Koibitotachi No Jikan (Neon Genesis Evangelion)","japanese":"(C63) [SYSTEM SPECULATION (\u4eca\u4e95\u7950\u7d00)] \u604b\u4eba\u305f\u3061\u306e\u6642\u9593 (\u65b0\u4e16\u7d00\u30a8\u30f4\u30a1\u30f3\u30b2\u30ea\u30aa\u30f3)","pretty":"Koibitotachi No Jikan"},"images":{"pages":[{"t":"j","w":990,"h":1400},{"t":"j","w":967,"h":1400},{"t":"j","w":951,"h":1400},{"t":"j","w":969,"h":1400},{"t":"j","w":953,"h":1400},{"t":"j","w":967,"h":1400},{"t":"j","w":952,"h":1400},{"t":"j","w":960,"h":1400},{"t":"j","w":972,"h":1400},{"t":"j","w":1200,"h":858},{"t":"j","w":962,"h":1400},{"t":"j","w":960,"h":1400},{"t":"j","w":962,"h":1400},{"t":"j","w":956,"h":1400},{"t":"j","w":968,"h":1400},{"t":"j","w":955,"h":1400},{"t":"j","w":968,"h":1400},{"t":"j","w":953,"h":1400},{"t":"j","w":972,"h":1400},{"t":"j","w":956,"h":1400},{"t":"j","w":974,"h":1400},{"t":"j","w":952,"h":1400},{"t":"j","w":985,"h":1400}],"cover":{"t":"j","w":350,"h":495},"thumbnail":{"t":"j","w":250,"h":354}},"scanlator":"","upload_date":1403964813,"tags":[{"id":17137,"type":"parody","name":"neon genesis evangelion","url":"/parody/neon-genesis-evangelion/","count":2492},{"id":25125,"type":"character","name":"asuka langley soryu","url":"/character/asuka-langley-soryu/","count":1515},{"id":28800,"type":"tag","name":"bloomers","url":"/tag/bloomers/","count":5672},{"id":6346,"type":"language","name":"japanese","url":"/language/japanese/","count":193003},{"id":33172,"type":"category","name":"doujinshi","url":"/category/doujinshi/","count":231184},{"id":10314,"type":"tag","name":"schoolgirl uniform","url":"/tag/schoolgirl-uniform/","count":56614}],"num_pages":23,"num_favorites":11}