{"id":10,"media_id":"806","title":{"english":"(C50) [H.P.C. Meirei Denpa (Yamamoto Yoshifumi)] Meirei Denpa Shinzou Teishi (Neon Genesis Evangelion) [Incomplete]","japanese":"(C50) [H.P.C. \u547d\u4ee4\u96fb\u6ce2 (\u5c71\u672c\u3088\u3057\u6587)] \u547d\u4ee4\u96fb\u6ce2 \u5fc3\u81d3\u505c\u6b62 (\u65b0\u4e16\u7d00\u30a8\u30f4\u30a1\u30f3\u30b2\u30ea\u30aa\u30f3) [\u30da\u30fc\u30b8\u6b20\u843d]","pretty":"Meirei Denpa Shinzou Teishi"},"images":{"pages":[{"t":"j","w":1200,"h":1694},{"t":"j","w":1021,"h":1505},{"t":"j","w":1021,"h":1505},{"t":"j","w":1021,"h":1505},{"t":"j","w":1021,"h":1505},{"t":"j","w":1021,"h":1505},{"t":"j","w":1021,"h":1505},{"t":"j","w":1021,"h":1505},{"t":"j","w":1021,"h":1505},{"t":"j","w":1021,"h":1505},{"t":"j","w":1021,"h":1505},{"t":"j","w":1021,"h":1505},{"t":"j","w":1021,"h":1505},{"t":"j","w":1021,"h":1505},{"t":"j","w":1021,"h":1505},{"t":"j","w":1021,"h":1505},{"t":"j","w":1021,"h":1505},{"t":"j","w":1021,"h":1505},{"t":"j","w":1021,"h":1505},{"t":"j","w":1021,"h":1505},{"t":"j","w":1021,"h":1505},{"t":"j","w":1021,"h":1505},{"t":"j","w":1021,"h":1505},{"t":"j","w":1021,"h":1505},{"t":"j","w":1021,"h":1505},{"t":"j","w":1021,"h":1505},{"t":"j","w":1021,"h":1505},{"t":"j","w":1021,"h":1505},{"t":"j","w":1021,"h":1505},{"t":"j","w":1021,"h":1505},{"t":"j","w":1021,"h":1505},{"t":"j","w":1200,"h":1703}],"cover":{"t":"j","w":350,"h":494},"thumbnail":{"t":"j","w":250,"h":353}},"scanlator":"","upload_date":1403964738,"tags":[{"id":779,"type":"tag","name":"futanari","url":"/tag/futanari/","count":23173},{"id":2937,"type":"tag","name":"big breasts","url":"/tag/big-breasts/","count":103273},{"id":14053,"type":"group","name":"h.p.c. meirei denpa","url":"/group/h-p-c-meirei-denpa/","count":3},{"id":16651,"type":"character","name":"ritsuko akagi","url":"/character/ritsuko-akagi/","count":209},{"id":17137,"type":"parody","name":"neon genesis evangelion","url":"/parody/neon-genesis-evangelion/","count":2489},{"id":21779,"type":"character","name":"rei ayanami","url":"/character/rei-ayanami/","count":1195},{"id":23952,"type":"artist","name":"oono yasuyuki","url":"/artist/oono-yasuyuki/","count":9},{"id":24832,"type":"character","name":"misato katsuragi","url":"/character/misato-katsuragi/","count":339},{"id":6346,"type":"language","name":"japanese","url":"/language/japanese/","count":191613},{"id":33172,"type":"category","name":"doujinshi","url":"/category/doujinshi/","count":228729},{"id":10000,"type":"character","name":"gendo ikari","url":"/character/gendo-ikari/","count":57},{"id":1207,"type":"tag","name":"milf","url":"/tag/milf/","count":22588},{"id":31101,"type":"tag","name":"incomplete","url":"/tag/incomplete/","count":2141},{"id":5960,"type":"artist","name":"yamamoto yoshifumi","url":"/artist/yamamoto-yoshifumi/","count":185}],"num_pages":32,"num_favorites":55}