{"id":2,"media_id":"136","title":{"english":"(C68) [Toko-ya (HEIZO, Kitoen)] Manatsu no Oni (Higurashi no Naku Koro ni) [English]","japanese":"(C68) [\u5e8a\u5b50\u5c4b (HEIZO\u3001\u9b3c\u982d\u3048\u3093)] \u771f\u590f\u306e\u30aa\u30cb (\u3072\u3050\u3089\u3057\u306e\u306a\u304f\u9803\u306b) [\u82f1\u8a33]","pretty":"Manatsu no Oni"},"images":{"pages":[{"t":"j","w":1200,"h":832},{"t":"p","w":1052,"h":1498},{"t":"p","w":1052,"h":1498},{"t":"p","w":1052,"h":1498},{"t":"p","w":1052,"h":1498},{"t":"p","w":1052,"h":1498},{"t":"p","w":1052,"h":1498},{"t":"p","w":1052,"h":1498},{"t":"p","w":1052,"h":1498},{"t":"p","w":1052,"h":1498},{"t":"p","w":1052,"h":1498},{"t":"p","w":1052,"h":1498},{"t":"p","w":1052,"h":1498},{"t":"p","w":1052,"h":1498},{"t":"p","w":1052,"h":1498},{"t":"p","w":1052,"h":1498},{"t":"p","w":1052,"h":1498},{"t":"p","w":1052,"h":1498},{"t":"p","w":1052,"h":1498},{"t":"p","w":1052,"h":1498},{"t":"p","w":1052,"h":1498},{"t":"p","w":1052,"h":1498},{"t":"p","w":1052,"h":1498},{"t":"p","w":1052,"h":1498},{"t":"p","w":1052,"h":1498},{"t":"p","w":1052,"h":1498},{"t":"p","w":1052,"h":1498},{"t":"p","w":1052,"h":1498},{"t":"p","w":1052,"h":1498},{"t":"p","w":1052,"h":1498},{"t":"p","w":1052,"h":1498},{"t":"p","w":1052,"h":1498},{"t":"p","w":1052,"h":1498},{"t":"p","w":1052,"h":1498},{"t":"p","w":1052,"h":1498},{"t":"p","w":1052,"h":1498},{"t":"p","w":1052,"h":1498},{"t":"p","w":1052,"h":1498},{"t":"p","w":1052,"h":1498},{"t":"p","w":1052,"h":1498},{"t":"p","w":1052,"h":1498},{"t":"p","w":1052,"h":1498},{"t":"p","w":1052,"h":1498},{"t":"p","w":1052,"h":1498},{"t":"p","w":1052,"h":1498},{"t":"p","w":1052,"h":1498},{"t":"p","w":1052,"h":1498},{"t":"p","w":1052,"h":1498},{"t":"p","w":1052,"h":1498},{"t":"p","w":1052,"h":1498},{"t":"p","w":1052,"h":1498},{"t":"p","w":1052,"h":1498},{"t":"p","w":1052,"h":1498},{"t":"p","w":1052,"h":1498},{"t":"p","w":1052,"h":1498}],"cover":{"t":"j","w":350,"h":243},"thumbnail":{"t":"j","w":250,"h":173}},"scanlator":"","upload_date":1403964736,"tags":[{"id":2937,"type":"tag","name":"big breasts","url":"/tag/big-breasts/","count":103273},{"id":8011,"type":"character","name":"keiichi maebara","url":"/character/keiichi-maebara/","count":53},{"id":9304,"type":"parody","name":"higurashi no naku koro ni","url":"/parody/higurashi-no-naku-koro-ni/","count":255},{"id":12227,"type":"language","name":"english","url":"/language/english/","count":69378},{"id":16576,"type":"group","name":"toko-ya","url":"/group/toko-ya/","count":194},{"id":17249,"type":"language","name":"translated","url":"/language/translated/","count":109734},{"id":17701,"type":"artist","name":"kitoen","url":"/artist/kitoen/","count":191},{"id":20502,"type":"character","name":"mion sonozaki","url":"/character/mion-sonozaki/","count":74},{"id":21278,"type":"character","name":"shion sonozaki","url":"/character/shion-sonozaki/","count":47},{"id":27553,"type":"tag","name":"rape","url":"/tag/rape/","count":34191},{"id":33172,"type":"category","name":"doujinshi","url":"/category/doujinshi/","count":228729},{"id":7882,"type":"artist","name":"heizo","url":"/artist/heizo/","count":133},{"id":10314,"type":"tag","name":"schoolgirl uniform","url":"/tag/schoolgirl-uniform/","count":56168}],"num_pages":55,"num_favorites":970}