{"id":6,"media_id":"513","title":{"english":"[Nakayohi (Izurumi)] Cosplay House (Neon Genesis Evangelion)","japanese":"[\u306a\u304b\u3088\u3072 (\u3044\u3065\u308b\u307f)] \u30b3\u30b9\u30d7\u30ec\u306f\u3046\u3059 (\u65b0\u4e16\u7d00\u30a8\u30f4\u30a1\u30f3\u30b2\u30ea\u30aa\u30f3)","pretty":"Cosplay House"},"images":{"pages":[{"t":"j","w":905,"h":1287},{"t":"j","w":902,"h":1276},{"t":"j","w":904,"h":1340},{"t":"j","w":904,"h":1296},{"t":"j","w":900,"h":1332},{"t":"j","w":902,"h":1290},{"t":"j","w":900,"h":1289},{"t":"j","w":903,"h":1323},{"t":"j","w":902,"h":1301},{"t":"j","w":902,"h":1304},{"t":"j","w":902,"h":1289},{"t":"j","w":900,"h":1289},{"t":"j","w":901,"h":1298},{"t":"j","w":901,"h":1298},{"t":"j","w":900,"h":1306},{"t":"j","w":897,"h":1282},{"t":"j","w":902,"h":1304}],"cover":{"t":"j","w":350,"h":498},"thumbnail":{"t":"j","w":250,"h":356}},"scanlator":"","upload_date":1403964737,"tags":[{"id":3735,"type":"tag","name":"swimsuit","url":"/tag/swimsuit/","count":19363},{"id":16710,"type":"group","name":"nakayohi","url":"/group/nakayohi/","count":95},{"id":17137,"type":"parody","name":"neon genesis evangelion","url":"/parody/neon-genesis-evangelion/","count":2489},{"id":19440,"type":"tag","name":"lolicon","url":"/tag/lolicon/","count":69490},{"id":21875,"type":"artist","name":"izurumi","url":"/artist/izurumi/","count":95},{"id":24726,"type":"tag","name":"apron","url":"/tag/apron/","count":2921},{"id":25125,"type":"character","name":"asuka langley soryu","url":"/character/asuka-langley-soryu/","count":1513},{"id":26848,"type":"tag","name":"waitress","url":"/tag/waitress/","count":1627},{"id":28800,"type":"tag","name":"bloomers","url":"/tag/bloomers/","count":5648},{"id":6346,"type":"language","name":"japanese","url":"/language/japanese/","count":191613},{"id":33172,"type":"category","name":"doujinshi","url":"/category/doujinshi/","count":228729},{"id":10314,"type":"tag","name":"schoolgirl uniform","url":"/tag/schoolgirl-uniform/","count":56168},{"id":9162,"type":"tag","name":"masturbation","url":"/tag/masturbation/","count":9228}],"num_pages":17,"num_favorites":284}