[{"id":6,"title":"Cosplay House","tags":["swimsuit","nakayohi","neon genesis evangelion","lolicon","izurumi","apron","asuka langley soryu","waitress","bloomers","japanese","doujinshi","schoolgirl uniform","masturbation"],"page":17},{"id":5,"title":"Ayanami Club 3","tags":["glasses","netorare","karashima hiroyuki","kawarajima koh","hikari horaki","neon genesis evangelion","henreikai","lolicon","defloration","rei ayanami","rape","dilf","japanese","doujinshi","urushihara satoshi"],"page":68},{"id":4,"title":"Honey Bunny","tags":["big breasts","shake","ino yamanaka","neji hyuga","naruto","sex toys","shikisokuzekuu","yuri","incest","hinata hyuga","blowjob","kuma","japanese","doujinshi"],"page":31},{"id":3,"title":"Sakurasaku Heisei Juunana Nen","tags":["hiyo hiyo","group","sakura haruno","naruto","kashiwa-ya","shotacon","japanese","doujinshi","naruto uzumaki","blowjob"],"page":18},{"id":2,"title":"Manatsu no Oni","tags":["big breasts","keiichi maebara","higurashi no naku koro ni","english","toko-ya","translated","kitoen","mion sonozaki","shion sonozaki","rape","doujinshi","heizo","schoolgirl uniform"],"page":55},{"id":1,"title":"Eat The Rich!","tags":["koari","lolicon","arisan-antenna","pangya","kooh","catgirl","japanese","doujinshi","gymshorts"],"page":14},{"id":10,"title":"Meirei Denpa Shinzou Teishi","tags":["futanari","big breasts","h.p.c. meirei denpa","ritsuko akagi","neon genesis evangelion","rei ayanami","oono yasuyuki","misato katsuragi","japanese","doujinshi","gendo ikari","milf","incomplete","yamamoto yoshifumi"],"page":32},{"id":9,"title":"Imasara Nadia Tottemo Asuka!","tags":["aiueou","big breasts","st.germain-sal","group","glasses","fushigi no umi no nadia","anal","bondage","neon genesis evangelion","waka","dark skin","lolicon","yuri","double penetration","asuka langley soryu","nadia la arwall","tail of nearly","shotacon","japanese","doujinshi"],"page":39},{"id":8,"title":"Kuromisama Daikatsuyaku!!","tags":["kurumi nui","lolicon","defloration","onegai my melody","kousaka jun","gambler club","japanese","doujinshi","small breasts"],"page":16},{"id":7,"title":"ebuange 7","tags":["mmf threesome","group","maniac street","neon genesis evangelion","tracksuit","asuka langley soryu","rape","e.c.h","japanese","doujinshi","kensuke aida","touji suzuhara","schoolgirl uniform"],"page":24}]