{"id":82,"media_id":"684","title":{"english":"[Thirty Saver Street 2D Shooting (Maki Hideto, Sawara Kazumitsu)] Second Hobaku Project 2 (Neon Genesis Evangelion)","japanese":"[\u30b5\u30fc\u30c6\u30a3\u30bb\u30a4\u30d0\u30fc\u30b9\u30c8\u30ea\u30fc\u30c8\u30fb2D-\u30b7\u30e5\u30fc\u30c6\u30a3\u30f3\u30b0\t (\u7267\u79c0\u4eba, \u4f50\u539f\u4e00\u5149)] \u30bb\u30ab\u30f3\u30c9\u6355\u7e1b\u30d7\u30ed\u30b8\u30a7\u30af\u30c82 (\u65b0\u4e16\u7d00\u30a8\u30f4\u30a1\u30f3\u30b2\u30ea\u30aa\u30f3)","pretty":"Second Hobaku Project 2"},"images":{"pages":[{"t":"j","w":822,"h":1168},{"t":"j","w":796,"h":1165},{"t":"j","w":803,"h":1181},{"t":"j","w":789,"h":1166},{"t":"j","w":801,"h":1184},{"t":"j","w":784,"h":1175},{"t":"j","w":791,"h":1179},{"t":"j","w":789,"h":1172},{"t":"j","w":776,"h":1174},{"t":"j","w":783,"h":1165},{"t":"j","w":789,"h":1188},{"t":"j","w":792,"h":1163},{"t":"j","w":789,"h":1188},{"t":"j","w":794,"h":1165},{"t":"j","w":780,"h":1189},{"t":"j","w":794,"h":1163},{"t":"j","w":778,"h":1179},{"t":"j","w":780,"h":1174},{"t":"j","w":791,"h":1175},{"t":"j","w":793,"h":1166},{"t":"j","w":763,"h":1145},{"t":"j","w":778,"h":1161},{"t":"j","w":777,"h":1159},{"t":"j","w":782,"h":1172},{"t":"j","w":785,"h":1182},{"t":"j","w":773,"h":1166},{"t":"j","w":780,"h":1172},{"t":"j","w":771,"h":1161},{"t":"j","w":778,"h":1168},{"t":"j","w":782,"h":1166},{"t":"j","w":772,"h":1165},{"t":"j","w":791,"h":1166},{"t":"j","w":766,"h":1168},{"t":"j","w":778,"h":1163},{"t":"j","w":766,"h":1166},{"t":"j","w":768,"h":1170},{"t":"j","w":759,"h":1170},{"t":"j","w":790,"h":1166},{"t":"j","w":786,"h":1168},{"t":"j","w":785,"h":1166},{"t":"j","w":783,"h":1177},{"t":"j","w":798,"h":1168},{"t":"j","w":796,"h":1166},{"t":"j","w":805,"h":1159},{"t":"j","w":790,"h":1170},{"t":"j","w":808,"h":1163},{"t":"j","w":792,"h":1166},{"t":"j","w":798,"h":1165},{"t":"j","w":794,"h":1170},{"t":"j","w":808,"h":1163},{"t":"j","w":799,"h":1175},{"t":"j","w":804,"h":1170},{"t":"j","w":797,"h":1170},{"t":"j","w":812,"h":1172},{"t":"j","w":803,"h":1166},{"t":"j","w":813,"h":1170},{"t":"j","w":808,"h":1168},{"t":"j","w":810,"h":1165},{"t":"j","w":813,"h":1170},{"t":"j","w":821,"h":1166},{"t":"j","w":807,"h":1172},{"t":"j","w":822,"h":1164}],"cover":{"t":"j","w":350,"h":497},"thumbnail":{"t":"j","w":250,"h":355}},"scanlator":"","upload_date":1403964804,"tags":[{"id":255,"type":"artist","name":"maki hideto","url":"/artist/maki-hideto/","count":126},{"id":2820,"type":"tag","name":"scat","url":"/tag/scat/","count":5965},{"id":9406,"type":"tag","name":"enema","url":"/tag/enema/","count":3441},{"id":14152,"type":"artist","name":"sawara kazumitsu","url":"/artist/sawara-kazumitsu/","count":123},{"id":15408,"type":"tag","name":"femdom","url":"/tag/femdom/","count":17603},{"id":15658,"type":"tag","name":"bondage","url":"/tag/bondage/","count":34802},{"id":17137,"type":"parody","name":"neon genesis evangelion","url":"/parody/neon-genesis-evangelion/","count":2492},{"id":19954,"type":"tag","name":"yuri","url":"/tag/yuri/","count":20411},{"id":21779,"type":"character","name":"rei ayanami","url":"/character/rei-ayanami/","count":1196},{"id":24542,"type":"group","name":"thirty saver street 2d shooting","url":"/group/thirty-saver-street-2d-shooting/","count":148},{"id":25125,"type":"character","name":"asuka langley soryu","url":"/character/asuka-langley-soryu/","count":1515},{"id":27553,"type":"tag","name":"rape","url":"/tag/rape/","count":34545},{"id":32752,"type":"tag","name":"shibari","url":"/tag/shibari/","count":2571},{"id":6346,"type":"language","name":"japanese","url":"/language/japanese/","count":193003},{"id":33172,"type":"category","name":"doujinshi","url":"/category/doujinshi/","count":231184},{"id":10314,"type":"tag","name":"schoolgirl uniform","url":"/tag/schoolgirl-uniform/","count":56614},{"id":29859,"type":"tag","name":"blowjob","url":"/tag/blowjob/","count":37977},{"id":4435,"type":"tag","name":"gag","url":"/tag/gag/","count":7189},{"id":10476,"type":"tag","name":"urination","url":"/tag/urination/","count":7118},{"id":14283,"type":"tag","name":"anal","url":"/tag/anal/","count":65252},{"id":14971,"type":"tag","name":"sex toys","url":"/tag/sex-toys/","count":21024}],"num_pages":62,"num_favorites":65}