{"id":84,"media_id":"686","title":{"english":"[Thirty Saver Street 2D Shooting (Maki Hideto, Sawara Kazumitsu)] Second Hobaku Project 3 (Neon Genesis Evangelion)","japanese":"[\u30b5\u30fc\u30c6\u30a3\u30bb\u30a4\u30d0\u30fc\u30b9\u30c8\u30ea\u30fc\u30c8\u30fb2D-\u30b7\u30e5\u30fc\u30c6\u30a3\u30f3\u30b0\t (\u7267\u79c0\u4eba, \u4f50\u539f\u4e00\u5149)] \u30bb\u30ab\u30f3\u30c9\u6355\u7e1b\u30d7\u30ed\u30b8\u30a7\u30af\u30c83 (\u65b0\u4e16\u7d00\u30a8\u30f4\u30a1\u30f3\u30b2\u30ea\u30aa\u30f3)","pretty":"Second Hobaku Project 3"},"images":{"pages":[{"t":"j","w":1200,"h":1711},{"t":"j","w":1200,"h":1679},{"t":"j","w":1200,"h":1728},{"t":"j","w":1200,"h":1707},{"t":"j","w":1200,"h":823},{"t":"j","w":1200,"h":1704},{"t":"j","w":1200,"h":1731},{"t":"j","w":1200,"h":1719},{"t":"j","w":1200,"h":1729},{"t":"j","w":1200,"h":1712},{"t":"j","w":1200,"h":1724},{"t":"j","w":1200,"h":1715},{"t":"j","w":1200,"h":1733},{"t":"j","w":1200,"h":1727},{"t":"j","w":1200,"h":1745},{"t":"j","w":1200,"h":1730},{"t":"j","w":1200,"h":1736},{"t":"j","w":1200,"h":1732},{"t":"j","w":1200,"h":1741},{"t":"j","w":1200,"h":1730},{"t":"j","w":1200,"h":1748},{"t":"j","w":1200,"h":1737},{"t":"j","w":1200,"h":1745},{"t":"j","w":1200,"h":1741},{"t":"j","w":1200,"h":1750},{"t":"j","w":1200,"h":1745},{"t":"j","w":1200,"h":1755},{"t":"j","w":1200,"h":1744},{"t":"j","w":1200,"h":1739},{"t":"j","w":1200,"h":1740},{"t":"j","w":1200,"h":1755},{"t":"j","w":1200,"h":1742},{"t":"j","w":1200,"h":1754},{"t":"j","w":1200,"h":1744},{"t":"j","w":1200,"h":1759},{"t":"j","w":1200,"h":846},{"t":"j","w":1200,"h":1737},{"t":"j","w":1200,"h":1759},{"t":"j","w":1200,"h":1736},{"t":"j","w":1200,"h":1763},{"t":"j","w":1200,"h":1734},{"t":"j","w":1200,"h":1744},{"t":"j","w":1200,"h":1735},{"t":"j","w":1200,"h":1761},{"t":"j","w":1200,"h":1737},{"t":"j","w":1200,"h":1755},{"t":"j","w":1200,"h":1739},{"t":"j","w":1200,"h":1745},{"t":"j","w":1200,"h":1734},{"t":"j","w":1200,"h":1752},{"t":"j","w":1200,"h":1736},{"t":"j","w":1200,"h":1744},{"t":"j","w":1200,"h":1732},{"t":"j","w":1200,"h":1742},{"t":"j","w":1200,"h":1730},{"t":"j","w":1200,"h":1734},{"t":"j","w":1200,"h":1727},{"t":"j","w":1200,"h":1722},{"t":"j","w":1200,"h":1723},{"t":"j","w":1200,"h":1715},{"t":"j","w":1200,"h":1719},{"t":"j","w":1200,"h":1724},{"t":"j","w":1200,"h":1722},{"t":"j","w":1200,"h":1772},{"t":"j","w":1200,"h":1707}],"cover":{"t":"j","w":350,"h":499},"thumbnail":{"t":"j","w":250,"h":356}},"scanlator":"","upload_date":1403964807,"tags":[{"id":255,"type":"artist","name":"maki hideto","url":"/artist/maki-hideto/","count":126},{"id":8010,"type":"tag","name":"group","url":"/tag/group/","count":72839},{"id":14152,"type":"artist","name":"sawara kazumitsu","url":"/artist/sawara-kazumitsu/","count":123},{"id":15658,"type":"tag","name":"bondage","url":"/tag/bondage/","count":34802},{"id":17137,"type":"parody","name":"neon genesis evangelion","url":"/parody/neon-genesis-evangelion/","count":2492},{"id":21779,"type":"character","name":"rei ayanami","url":"/character/rei-ayanami/","count":1196},{"id":24412,"type":"tag","name":"bodysuit","url":"/tag/bodysuit/","count":3164},{"id":24542,"type":"group","name":"thirty saver street 2d shooting","url":"/group/thirty-saver-street-2d-shooting/","count":148},{"id":25125,"type":"character","name":"asuka langley soryu","url":"/character/asuka-langley-soryu/","count":1515},{"id":27553,"type":"tag","name":"rape","url":"/tag/rape/","count":34545},{"id":29565,"type":"tag","name":"school swimsuit","url":"/tag/school-swimsuit/","count":3954},{"id":32752,"type":"tag","name":"shibari","url":"/tag/shibari/","count":2571},{"id":6346,"type":"language","name":"japanese","url":"/language/japanese/","count":193003},{"id":33172,"type":"category","name":"doujinshi","url":"/category/doujinshi/","count":231184},{"id":10314,"type":"tag","name":"schoolgirl uniform","url":"/tag/schoolgirl-uniform/","count":56614}],"num_pages":65,"num_favorites":41}