{"id":85,"media_id":"688","title":{"english":"[Thirty Saver Street 2D Shooting (Maki Hideto, Sawara Kazumitsu)] Second Hobaku Project 4 (Neon Genesis Evangelion)","japanese":"[\u30b5\u30fc\u30c6\u30a3\u30bb\u30a4\u30d0\u30fc\u30b9\u30c8\u30ea\u30fc\u30c8\u30fb2D-\u30b7\u30e5\u30fc\u30c6\u30a3\u30f3\u30b0\t (\u7267\u79c0\u4eba, \u4f50\u539f\u4e00\u5149)] \u30bb\u30ab\u30f3\u30c9\u6355\u7e1b\u30d7\u30ed\u30b8\u30a7\u30af\u30c84 (\u65b0\u4e16\u7d00\u30a8\u30f4\u30a1\u30f3\u30b2\u30ea\u30aa\u30f3)","pretty":"Second Hobaku Project 4"},"images":{"pages":[{"t":"j","w":360,"h":510},{"t":"j","w":1200,"h":1834},{"t":"j","w":1200,"h":1790},{"t":"j","w":1200,"h":1722},{"t":"j","w":1200,"h":1844},{"t":"j","w":1200,"h":1845},{"t":"j","w":1200,"h":1799},{"t":"j","w":1200,"h":1812},{"t":"j","w":1200,"h":1829},{"t":"j","w":1200,"h":1805},{"t":"j","w":1200,"h":1842},{"t":"j","w":1200,"h":1792},{"t":"j","w":1200,"h":1862},{"t":"j","w":1200,"h":1812},{"t":"j","w":1200,"h":1856},{"t":"j","w":1200,"h":1798},{"t":"j","w":1200,"h":1866},{"t":"j","w":1200,"h":1795},{"t":"j","w":1200,"h":1875},{"t":"j","w":1200,"h":1791},{"t":"j","w":1200,"h":1843},{"t":"j","w":1200,"h":1774},{"t":"j","w":1200,"h":1800},{"t":"j","w":1200,"h":1765},{"t":"j","w":1200,"h":1788},{"t":"j","w":1270,"h":2009},{"t":"j","w":1200,"h":1785},{"t":"j","w":1274,"h":2005},{"t":"j","w":1200,"h":1819},{"t":"j","w":1200,"h":1866},{"t":"j","w":1200,"h":1826},{"t":"j","w":1200,"h":1790},{"t":"j","w":1200,"h":1793},{"t":"j","w":1200,"h":1765},{"t":"j","w":1200,"h":1759},{"t":"j","w":1200,"h":1802},{"t":"j","w":1200,"h":1788},{"t":"j","w":1200,"h":1794},{"t":"j","w":1200,"h":1734},{"t":"j","w":1200,"h":1788},{"t":"j","w":1200,"h":1723},{"t":"j","w":1200,"h":1802},{"t":"j","w":1200,"h":1698},{"t":"j","w":1200,"h":1768},{"t":"j","w":1200,"h":1753},{"t":"j","w":1200,"h":1794},{"t":"j","w":1200,"h":1750},{"t":"j","w":1200,"h":1735},{"t":"j","w":1200,"h":1746},{"t":"j","w":1200,"h":1764},{"t":"j","w":1200,"h":1716},{"t":"j","w":1200,"h":1760},{"t":"j","w":1200,"h":1739},{"t":"j","w":1200,"h":1731},{"t":"j","w":1200,"h":1739},{"t":"j","w":1200,"h":1745},{"t":"j","w":1200,"h":1739},{"t":"j","w":1200,"h":1774},{"t":"j","w":1200,"h":1716},{"t":"j","w":1200,"h":1718},{"t":"j","w":1200,"h":1691},{"t":"j","w":1200,"h":1729},{"t":"j","w":1200,"h":1721},{"t":"j","w":1200,"h":1498}],"cover":{"t":"j","w":350,"h":496},"thumbnail":{"t":"j","w":250,"h":354}},"scanlator":"","upload_date":1403964808,"tags":[{"id":255,"type":"artist","name":"maki hideto","url":"/artist/maki-hideto/","count":126},{"id":8010,"type":"tag","name":"group","url":"/tag/group/","count":72839},{"id":14152,"type":"artist","name":"sawara kazumitsu","url":"/artist/sawara-kazumitsu/","count":123},{"id":14283,"type":"tag","name":"anal","url":"/tag/anal/","count":65252},{"id":15658,"type":"tag","name":"bondage","url":"/tag/bondage/","count":34802},{"id":17137,"type":"parody","name":"neon genesis evangelion","url":"/parody/neon-genesis-evangelion/","count":2492},{"id":21779,"type":"character","name":"rei ayanami","url":"/character/rei-ayanami/","count":1196},{"id":22945,"type":"tag","name":"double penetration","url":"/tag/double-penetration/","count":24673},{"id":24542,"type":"group","name":"thirty saver street 2d shooting","url":"/group/thirty-saver-street-2d-shooting/","count":148},{"id":25125,"type":"character","name":"asuka langley soryu","url":"/character/asuka-langley-soryu/","count":1515},{"id":27553,"type":"tag","name":"rape","url":"/tag/rape/","count":34545},{"id":32752,"type":"tag","name":"shibari","url":"/tag/shibari/","count":2571},{"id":6346,"type":"language","name":"japanese","url":"/language/japanese/","count":193003},{"id":33172,"type":"category","name":"doujinshi","url":"/category/doujinshi/","count":231184}],"num_pages":64,"num_favorites":72}