{"id":86,"media_id":"689","title":{"english":"(SC35) [Gambler Club (Kousaka Jun)] I Love Girls! (Powerpuff Girls Z)","japanese":"(SC35) [\u30ae\u30e3\u30f3\u30d6\u30e9\u30fc\u5036\u697d\u90e8 (\u9999\u5742\u7d14)] I Love \u30ac\u30fc\u30eb\u30ba (\u51fa\u307e\u3057\u305f\u3063\uff01\u30d1\u30ef\u30d1\u30d5\u30ac\u30fc\u30eb\u30baZ)","pretty":"I Love Girls!"},"images":{"pages":[{"t":"j","w":1070,"h":1516},{"t":"j","w":1070,"h":1516},{"t":"j","w":1070,"h":1516},{"t":"j","w":1070,"h":1516},{"t":"j","w":1070,"h":1516},{"t":"j","w":1070,"h":1516},{"t":"j","w":1070,"h":1516},{"t":"j","w":1070,"h":1516},{"t":"j","w":1070,"h":1516},{"t":"j","w":1070,"h":1516},{"t":"j","w":1070,"h":1516},{"t":"j","w":1070,"h":1516},{"t":"j","w":1070,"h":1516},{"t":"j","w":1070,"h":1516},{"t":"j","w":1070,"h":1516},{"t":"j","w":1070,"h":1516},{"t":"j","w":1070,"h":1516},{"t":"j","w":1070,"h":1516},{"t":"j","w":1070,"h":1516},{"t":"j","w":1070,"h":1516},{"t":"j","w":1070,"h":1516},{"t":"j","w":1070,"h":1516},{"t":"j","w":1070,"h":1516},{"t":"j","w":1070,"h":1516},{"t":"j","w":1070,"h":1516},{"t":"j","w":1070,"h":1516},{"t":"j","w":1070,"h":1516},{"t":"j","w":1070,"h":1516},{"t":"p","w":1024,"h":768},{"t":"p","w":1024,"h":768},{"t":"p","w":1024,"h":768},{"t":"p","w":1024,"h":768}],"cover":{"t":"j","w":350,"h":496},"thumbnail":{"t":"j","w":250,"h":354}},"scanlator":"","upload_date":1403964810,"tags":[{"id":4952,"type":"parody","name":"powerpuff girls z","url":"/parody/powerpuff-girls-z/","count":90},{"id":6307,"type":"character","name":"blossom","url":"/character/blossom/","count":32},{"id":7117,"type":"character","name":"kaoru matsubara","url":"/character/kaoru-matsubara/","count":29},{"id":7509,"type":"character","name":"buttercup","url":"/character/buttercup/","count":29},{"id":11433,"type":"character","name":"bubbles","url":"/character/bubbles/","count":36},{"id":15524,"type":"character","name":"haruka","url":"/character/haruka/","count":70},{"id":19440,"type":"tag","name":"lolicon","url":"/tag/lolicon/","count":69490},{"id":20391,"type":"character","name":"momoko akatsutsumi","url":"/character/momoko-akatsutsumi/","count":34},{"id":20525,"type":"tag","name":"defloration","url":"/tag/defloration/","count":23209},{"id":22059,"type":"character","name":"miyako gotokuji","url":"/character/miyako-gotokuji/","count":29},{"id":25227,"type":"artist","name":"kousaka jun","url":"/artist/kousaka-jun/","count":283},{"id":27332,"type":"group","name":"gambler club","url":"/group/gambler-club/","count":283},{"id":6346,"type":"language","name":"japanese","url":"/language/japanese/","count":191613},{"id":33172,"type":"category","name":"doujinshi","url":"/category/doujinshi/","count":228729}],"num_pages":32,"num_favorites":273}