{"id":87,"media_id":"692","title":{"english":"(C56) [Saigado (Ishoku Dougen)] Right Here Shinteiban (Neon Genesis Evangelion) [English]","japanese":"(C56) [\u5f69\u753b\u5802 (\u7570\u98df\u540c\u5143)] RIGHT HERE \u65b0\u8a02\u7248 (\u65b0\u4e16\u7d00\u30a8\u30f4\u30a1\u30f3\u30b2\u30ea\u30aa\u30f3) [\u82f1\u8a33]","pretty":"Right Here Shinteiban"},"images":{"pages":[{"t":"j","w":699,"h":1000},{"t":"j","w":691,"h":1000},{"t":"j","w":691,"h":1000},{"t":"j","w":691,"h":1000},{"t":"j","w":691,"h":1000},{"t":"j","w":691,"h":1000},{"t":"j","w":691,"h":1000},{"t":"j","w":691,"h":1000},{"t":"j","w":691,"h":1000},{"t":"j","w":691,"h":1000},{"t":"j","w":691,"h":1000},{"t":"j","w":691,"h":1000},{"t":"j","w":691,"h":1000},{"t":"j","w":691,"h":1000},{"t":"j","w":691,"h":1000},{"t":"j","w":691,"h":1000},{"t":"j","w":691,"h":1000},{"t":"j","w":691,"h":1000},{"t":"j","w":691,"h":1000},{"t":"j","w":691,"h":1000},{"t":"j","w":691,"h":1000},{"t":"j","w":691,"h":1000},{"t":"j","w":691,"h":1000},{"t":"j","w":694,"h":1000}],"cover":{"t":"j","w":350,"h":501},"thumbnail":{"t":"j","w":250,"h":358}},"scanlator":"","upload_date":1403964811,"tags":[{"id":3206,"type":"character","name":"shinji ikari","url":"/character/shinji-ikari/","count":1231},{"id":12227,"type":"language","name":"english","url":"/language/english/","count":69378},{"id":17137,"type":"parody","name":"neon genesis evangelion","url":"/parody/neon-genesis-evangelion/","count":2492},{"id":17249,"type":"language","name":"translated","url":"/language/translated/","count":109734},{"id":23718,"type":"group","name":"saigado","url":"/group/saigado/","count":243},{"id":24962,"type":"artist","name":"saigado","url":"/artist/saigado/","count":553},{"id":25125,"type":"character","name":"asuka langley soryu","url":"/character/asuka-langley-soryu/","count":1515},{"id":32341,"type":"tag","name":"shotacon","url":"/tag/shotacon/","count":39737},{"id":33172,"type":"category","name":"doujinshi","url":"/category/doujinshi/","count":228729},{"id":10314,"type":"tag","name":"schoolgirl uniform","url":"/tag/schoolgirl-uniform/","count":56168},{"id":56259,"type":"tag","name":"ishoku dougen","url":"/tag/ishoku-dougen/","count":38}],"num_pages":24,"num_favorites":372}