{"id":88,"media_id":"701","title":{"english":"(C69) [Sarurururu (Doru Riheko)] Shoujo Placebo (Neon Genesis Evangelion)","japanese":"(C69) [\u30b5\u30eb\u30eb\u30eb\u30eb (\u30c9\u30eb\u30ea\u30d8\u30b3)] \u5c11\u5973\u30d7\u30e9\u30b7\u30fc\u30dc (\u65b0\u4e16\u7d00\u30a8\u30f4\u30a1\u30f3\u30b2\u30ea\u30aa\u30f3)","pretty":"Shoujo Placebo"},"images":{"pages":[{"t":"j","w":690,"h":1000},{"t":"j","w":673,"h":1000},{"t":"j","w":673,"h":1000},{"t":"j","w":673,"h":1000},{"t":"j","w":673,"h":1000},{"t":"j","w":673,"h":1000},{"t":"j","w":673,"h":1000},{"t":"j","w":673,"h":1000},{"t":"j","w":673,"h":1000},{"t":"j","w":673,"h":1000},{"t":"j","w":673,"h":1000},{"t":"j","w":673,"h":1000},{"t":"j","w":673,"h":1000},{"t":"j","w":673,"h":1000},{"t":"j","w":673,"h":1000},{"t":"j","w":673,"h":1000},{"t":"j","w":673,"h":1000},{"t":"j","w":673,"h":1000},{"t":"j","w":673,"h":1000},{"t":"j","w":673,"h":1000},{"t":"j","w":673,"h":1000},{"t":"j","w":673,"h":1000},{"t":"j","w":673,"h":1000},{"t":"j","w":673,"h":1000},{"t":"j","w":673,"h":1000},{"t":"j","w":690,"h":1000}],"cover":{"t":"j","w":350,"h":507},"thumbnail":{"t":"j","w":250,"h":362}},"scanlator":"","upload_date":1403964811,"tags":[{"id":1675,"type":"artist","name":"doru riheko","url":"/artist/doru-riheko/","count":115},{"id":8010,"type":"tag","name":"group","url":"/tag/group/","count":72150},{"id":17134,"type":"group","name":"sarurururu","url":"/group/sarurururu/","count":91},{"id":17137,"type":"parody","name":"neon genesis evangelion","url":"/parody/neon-genesis-evangelion/","count":2489},{"id":25125,"type":"character","name":"asuka langley soryu","url":"/character/asuka-langley-soryu/","count":1513},{"id":6346,"type":"language","name":"japanese","url":"/language/japanese/","count":191613},{"id":33172,"type":"category","name":"doujinshi","url":"/category/doujinshi/","count":228729},{"id":29859,"type":"tag","name":"blowjob","url":"/tag/blowjob/","count":37321}],"num_pages":26,"num_favorites":31}