{"id":89,"media_id":"707","title":{"english":"(C66) [Frapper Spirits (Hitsuki)] Oshaburi Twins - Kizaki Koukou Seitokai Kouin Shikkoubu (Onegai Twins)","japanese":"(C66) [\u3075\u3089\u3059\u3074 (\u3072\u3064\u304d)] \u304a\u3057\u3083\u3076\u308a\u30c4\u30a4\u30f3\u30ba \u6728\u5d0e\u9ad8\u6821\u751f\u5f92\u4f1a\u53e3\u6deb\u57f7\u884c\u90e8 (\u304a\u306d\u304c\u3044\u2606\u30c4\u30a4\u30f3\u30ba)","pretty":"Oshaburi Twins - Kizaki Koukou Seitokai Kouin Shikkoubu"},"images":{"pages":[{"t":"j","w":1079,"h":1539},{"t":"j","w":1051,"h":1517},{"t":"j","w":1051,"h":1517},{"t":"j","w":1051,"h":1517},{"t":"j","w":1051,"h":1517},{"t":"j","w":1051,"h":1517},{"t":"j","w":1051,"h":1517},{"t":"j","w":1051,"h":1517},{"t":"j","w":1051,"h":1517},{"t":"j","w":1051,"h":1517},{"t":"j","w":1051,"h":1517},{"t":"j","w":1051,"h":1517},{"t":"j","w":1051,"h":1517},{"t":"j","w":1051,"h":1517},{"t":"j","w":1051,"h":1517},{"t":"j","w":1051,"h":1517},{"t":"j","w":1051,"h":1517},{"t":"j","w":1051,"h":1517},{"t":"j","w":1051,"h":1517},{"t":"j","w":1051,"h":1517},{"t":"j","w":1051,"h":1517},{"t":"j","w":1051,"h":1517},{"t":"j","w":1051,"h":1517},{"t":"j","w":1051,"h":1517},{"t":"j","w":1051,"h":1517},{"t":"j","w":1051,"h":1517},{"t":"j","w":1051,"h":1517},{"t":"j","w":1051,"h":1517},{"t":"j","w":1051,"h":1517},{"t":"j","w":1051,"h":1517},{"t":"j","w":1051,"h":1517},{"t":"j","w":1051,"h":1517},{"t":"j","w":1051,"h":1517},{"t":"j","w":1051,"h":1517},{"t":"j","w":1051,"h":1517},{"t":"j","w":1051,"h":1517},{"t":"j","w":1051,"h":1517},{"t":"j","w":1058,"h":1531}],"cover":{"t":"j","w":350,"h":499},"thumbnail":{"t":"j","w":250,"h":357}},"scanlator":"","upload_date":1403964812,"tags":[{"id":2682,"type":"character","name":"miina miyafuji","url":"/character/miina-miyafuji/","count":71},{"id":2937,"type":"tag","name":"big breasts","url":"/tag/big-breasts/","count":103273},{"id":4401,"type":"artist","name":"hitsuki","url":"/artist/hitsuki/","count":24},{"id":8010,"type":"tag","name":"group","url":"/tag/group/","count":72150},{"id":8378,"type":"tag","name":"glasses","url":"/tag/glasses/","count":48279},{"id":10789,"type":"character","name":"karen onodera","url":"/character/karen-onodera/","count":71},{"id":12896,"type":"group","name":"frapper spirits","url":"/group/frapper-spirits/","count":25},{"id":19440,"type":"tag","name":"lolicon","url":"/tag/lolicon/","count":69490},{"id":20457,"type":"parody","name":"onegai twins","url":"/parody/onegai-twins/","count":100},{"id":25614,"type":"tag","name":"paizuri","url":"/tag/paizuri/","count":22785},{"id":26660,"type":"character","name":"mizuho kazami","url":"/character/mizuho-kazami/","count":213},{"id":28800,"type":"tag","name":"bloomers","url":"/tag/bloomers/","count":5648},{"id":29859,"type":"tag","name":"blowjob","url":"/tag/blowjob/","count":37321},{"id":6346,"type":"language","name":"japanese","url":"/language/japanese/","count":191613},{"id":33172,"type":"category","name":"doujinshi","url":"/category/doujinshi/","count":228729},{"id":10314,"type":"tag","name":"schoolgirl uniform","url":"/tag/schoolgirl-uniform/","count":56168}],"num_pages":38,"num_favorites":102}