[{"id":81,"title":"Second Hobaku Project","tags":["maki hideto","gag","sawara kazumitsu","femdom","bondage","neon genesis evangelion","lolicon","yuri","rei ayanami","thirty saver street 2d shooting","asuka langley soryu","rape","japanese","doujinshi","schoolgirl uniform","sex toys"],"page":64},{"id":82,"title":"Second Hobaku Project 2","tags":["maki hideto","scat","enema","sawara kazumitsu","femdom","bondage","neon genesis evangelion","yuri","rei ayanami","thirty saver street 2d shooting","asuka langley soryu","rape","shibari","japanese","doujinshi","schoolgirl uniform","blowjob","gag","urination","anal","sex toys"],"page":62},{"id":84,"title":"Second Hobaku Project 3","tags":["maki hideto","group","sawara kazumitsu","bondage","neon genesis evangelion","rei ayanami","bodysuit","thirty saver street 2d shooting","asuka langley soryu","rape","school swimsuit","shibari","japanese","doujinshi","schoolgirl uniform"],"page":65},{"id":83,"title":"Remake","tags":["english","anal","translated","osaka","lolicon","azumanga daioh","small breasts","syouji","house of karsea","doujinshi","schoolgirl uniform"],"page":35},{"id":86,"title":"I Love Girls!","tags":["powerpuff girls z","blossom","kaoru matsubara","buttercup","bubbles","haruka","lolicon","momoko akatsutsumi","defloration","miyako gotokuji","kousaka jun","gambler club","japanese","doujinshi"],"page":32},{"id":85,"title":"Second Hobaku Project 4","tags":["maki hideto","group","sawara kazumitsu","anal","bondage","neon genesis evangelion","rei ayanami","double penetration","thirty saver street 2d shooting","asuka langley soryu","rape","shibari","japanese","doujinshi"],"page":64},{"id":87,"title":"Right Here Shinteiban","tags":["shinji ikari","english","neon genesis evangelion","translated","saigado","saigado","asuka langley soryu","shotacon","doujinshi","schoolgirl uniform","ishoku dougen"],"page":24},{"id":88,"title":"Shoujo Placebo","tags":["doru riheko","group","sarurururu","neon genesis evangelion","asuka langley soryu","japanese","doujinshi","blowjob"],"page":26},{"id":90,"title":"Koibitotachi No Jikan","tags":["neon genesis evangelion","asuka langley soryu","bloomers","japanese","doujinshi","schoolgirl uniform"],"page":23},{"id":89,"title":"Oshaburi Twins - Kizaki Koukou Seitokai Kouin Shikkoubu","tags":["miina miyafuji","big breasts","hitsuki","group","glasses","karen onodera","frapper spirits","lolicon","onegai twins","paizuri","mizuho kazami","bloomers","blowjob","japanese","doujinshi","schoolgirl uniform"],"page":38}]