{"id":171,"media_id":"494","title":{"english":"(C67) [Nakayohi (Izurumi)] A-five (Neon Genesis Evangelion) [English] [whyneus]","japanese":"(C67) [\u306a\u304b\u3088\u3072 (\u3044\u3065\u308b\u307f)] A-five (\u65b0\u4e16\u7d00\u30a8\u30f4\u30a1\u30f3\u30b2\u30ea\u30aa\u30f3) [\u82f1\u8a33]","pretty":"A-five"},"images":{"pages":[{"t":"j","w":1060,"h":1500},{"t":"j","w":1060,"h":1500},{"t":"j","w":1060,"h":1500},{"t":"j","w":1060,"h":1500},{"t":"j","w":1060,"h":1500},{"t":"j","w":1060,"h":1500},{"t":"j","w":1060,"h":1500},{"t":"j","w":1060,"h":1500},{"t":"j","w":1060,"h":1500},{"t":"j","w":1060,"h":1500},{"t":"j","w":1060,"h":1500},{"t":"j","w":1060,"h":1500},{"t":"j","w":1060,"h":1500},{"t":"j","w":1060,"h":1500},{"t":"j","w":1060,"h":1500},{"t":"j","w":1060,"h":1500},{"t":"j","w":1060,"h":1500},{"t":"j","w":1060,"h":1500},{"t":"j","w":1060,"h":1500},{"t":"j","w":1060,"h":1500},{"t":"j","w":1060,"h":1500},{"t":"j","w":1060,"h":1500},{"t":"j","w":1060,"h":1500},{"t":"j","w":1060,"h":1500},{"t":"j","w":1060,"h":1500}],"cover":{"t":"j","w":350,"h":495},"thumbnail":{"t":"j","w":250,"h":354}},"scanlator":"","upload_date":1403964897,"tags":[{"id":12227,"type":"language","name":"english","url":"/language/english/","count":69378},{"id":15658,"type":"tag","name":"bondage","url":"/tag/bondage/","count":34540},{"id":16332,"type":"character","name":"hikari horaki","url":"/character/hikari-horaki/","count":104},{"id":16710,"type":"group","name":"nakayohi","url":"/group/nakayohi/","count":95},{"id":17137,"type":"parody","name":"neon genesis evangelion","url":"/parody/neon-genesis-evangelion/","count":2489},{"id":17249,"type":"language","name":"translated","url":"/language/translated/","count":109734},{"id":17349,"type":"tag","name":"tracksuit","url":"/tag/tracksuit/","count":1701},{"id":21875,"type":"artist","name":"izurumi","url":"/artist/izurumi/","count":95},{"id":25125,"type":"character","name":"asuka langley soryu","url":"/character/asuka-langley-soryu/","count":1513},{"id":27384,"type":"tag","name":"mind break","url":"/tag/mind-break/","count":13136},{"id":27553,"type":"tag","name":"rape","url":"/tag/rape/","count":34191},{"id":28800,"type":"tag","name":"bloomers","url":"/tag/bloomers/","count":5648},{"id":29013,"type":"tag","name":"dilf","url":"/tag/dilf/","count":15244},{"id":29565,"type":"tag","name":"school swimsuit","url":"/tag/school-swimsuit/","count":3924},{"id":33172,"type":"category","name":"doujinshi","url":"/category/doujinshi/","count":228729},{"id":27473,"type":"tag","name":"mosaic censorship","url":"/tag/mosaic-censorship/","count":23707},{"id":28550,"type":"tag","name":"teacher","url":"/tag/teacher/","count":9616}],"num_pages":25,"num_favorites":577}