{"id":176,"media_id":"291","title":{"english":"[ARCHETYPE] Gekai Mandara - Ino Yamanaka More More Book (Naruto)","japanese":"[ARCHETYPE] \u4e0b\u754c\u66fc\u837c\u7f85 - Ino Yamanaka More More Book (\u30ca\u30eb\u30c8)","pretty":"Gekai Mandara - Ino Yamanaka More More Book"},"images":{"pages":[{"t":"j","w":419,"h":600},{"t":"j","w":394,"h":600},{"t":"j","w":420,"h":600},{"t":"j","w":412,"h":600},{"t":"j","w":402,"h":600},{"t":"j","w":401,"h":600},{"t":"j","w":413,"h":600},{"t":"j","w":406,"h":600},{"t":"j","w":416,"h":600},{"t":"j","w":398,"h":600},{"t":"j","w":425,"h":600},{"t":"j","w":405,"h":600},{"t":"j","w":417,"h":600},{"t":"j","w":395,"h":600},{"t":"j","w":401,"h":600},{"t":"j","w":382,"h":600},{"t":"j","w":398,"h":600},{"t":"j","w":401,"h":600},{"t":"j","w":414,"h":600},{"t":"j","w":415,"h":600},{"t":"j","w":405,"h":600},{"t":"j","w":385,"h":600},{"t":"j","w":404,"h":600},{"t":"j","w":411,"h":600},{"t":"j","w":410,"h":600},{"t":"j","w":398,"h":588},{"t":"j","w":421,"h":600}],"cover":{"t":"j","w":350,"h":501},"thumbnail":{"t":"j","w":250,"h":358}},"scanlator":"","upload_date":1403964905,"tags":[{"id":6430,"type":"character","name":"shikamaru nara","url":"/character/shikamaru-nara/","count":33},{"id":7706,"type":"character","name":"ino yamanaka","url":"/character/ino-yamanaka/","count":94},{"id":8310,"type":"group","name":"archetype","url":"/group/archetype/","count":35},{"id":13159,"type":"parody","name":"naruto","url":"/parody/naruto/","count":1267},{"id":13720,"type":"tag","name":"nakadashi","url":"/tag/nakadashi/","count":42357},{"id":6346,"type":"language","name":"japanese","url":"/language/japanese/","count":191613},{"id":33172,"type":"category","name":"doujinshi","url":"/category/doujinshi/","count":228729}],"num_pages":27,"num_favorites":19}