{"id":180,"media_id":"299","title":{"english":"[Unknown] Red and White (Naruto)","japanese":"","pretty":"Red and White"},"images":{"pages":[{"t":"j","w":492,"h":700},{"t":"j","w":505,"h":700},{"t":"j","w":501,"h":700},{"t":"j","w":493,"h":700},{"t":"j","w":487,"h":700},{"t":"j","w":492,"h":700},{"t":"j","w":502,"h":700},{"t":"j","w":487,"h":700},{"t":"j","w":493,"h":700},{"t":"j","w":486,"h":700},{"t":"j","w":501,"h":700},{"t":"j","w":496,"h":700},{"t":"j","w":588,"h":700},{"t":"j","w":493,"h":700},{"t":"j","w":493,"h":700},{"t":"j","w":481,"h":700},{"t":"j","w":606,"h":700},{"t":"j","w":552,"h":700},{"t":"j","w":487,"h":700},{"t":"j","w":476,"h":700},{"t":"j","w":487,"h":700},{"t":"j","w":497,"h":700},{"t":"j","w":485,"h":700},{"t":"j","w":491,"h":700},{"t":"j","w":507,"h":700},{"t":"j","w":502,"h":700},{"t":"j","w":484,"h":700},{"t":"j","w":498,"h":700},{"t":"j","w":522,"h":700},{"t":"j","w":507,"h":700},{"t":"j","w":535,"h":700},{"t":"j","w":485,"h":700},{"t":"j","w":498,"h":700},{"t":"j","w":492,"h":700},{"t":"j","w":501,"h":700},{"t":"j","w":522,"h":800}],"cover":{"t":"j","w":350,"h":498},"thumbnail":{"t":"j","w":250,"h":356}},"scanlator":"","upload_date":1403964909,"tags":[{"id":3304,"type":"character","name":"kurenai yuhi","url":"/character/kurenai-yuhi/","count":34},{"id":4435,"type":"tag","name":"gag","url":"/tag/gag/","count":7148},{"id":5768,"type":"character","name":"anko mitarashi","url":"/character/anko-mitarashi/","count":93},{"id":7706,"type":"character","name":"ino yamanaka","url":"/character/ino-yamanaka/","count":94},{"id":7718,"type":"character","name":"naruto uzumaki","url":"/character/naruto-uzumaki/","count":634},{"id":7953,"type":"artist","name":"chiba toshirou","url":"/artist/chiba-toshirou/","count":318},{"id":11920,"type":"character","name":"sakura haruno","url":"/character/sakura-haruno/","count":479},{"id":13159,"type":"parody","name":"naruto","url":"/parody/naruto/","count":1267},{"id":14801,"type":"character","name":"temari","url":"/character/temari/","count":86},{"id":15658,"type":"tag","name":"bondage","url":"/tag/bondage/","count":34540},{"id":16760,"type":"character","name":"tenten","url":"/character/tenten/","count":25},{"id":19440,"type":"tag","name":"lolicon","url":"/tag/lolicon/","count":69490},{"id":25439,"type":"character","name":"hinata hyuga","url":"/character/hinata-hyuga/","count":436},{"id":33011,"type":"character","name":"kin tsuchi","url":"/character/kin-tsuchi/","count":6},{"id":6346,"type":"language","name":"japanese","url":"/language/japanese/","count":191613},{"id":33172,"type":"category","name":"doujinshi","url":"/category/doujinshi/","count":228729}],"num_pages":36,"num_favorites":229}