[{"id":176,"title":"Gekai Mandara - Ino Yamanaka More More Book","tags":["shikamaru nara","ino yamanaka","archetype","naruto","nakadashi","japanese","doujinshi"],"page":27},{"id":175,"title":"Reijuu Seikatsu","tags":["bdsm","persona","big breasts","gag","piercing","group","bestiality","sex toys","bondage","snake","lolicon","yuri","tankoubon","rape","collar","japanese","manga","schoolgirl uniform"],"page":168},{"id":174,"title":"Baku","tags":["bondage","hikari horaki","nakayohi","neon genesis evangelion","lolicon","izurumi","asuka langley soryu","rape","bloomers","japanese","doujinshi","schoolgirl uniform","replaced"],"page":22},{"id":173,"title":"Asuka Fukujuu Nikki","tags":["shinji ikari","masturbation","nakayohi","neon genesis evangelion","full color","izurumi","asuka langley soryu","rape","shotacon","japanese","doujinshi","schoolgirl uniform"],"page":17},{"id":172,"title":"A-six Kanseiban","tags":["maid","glasses","netorare","english","sex toys","bondage","hikari horaki","nakayohi","neon genesis evangelion","translated","lolicon","izurumi","asuka langley soryu","doujinshi","schoolgirl uniform","stockings","bbm"],"page":28},{"id":171,"title":"A-five","tags":["english","bondage","hikari horaki","nakayohi","neon genesis evangelion","translated","tracksuit","izurumi","asuka langley soryu","mind break","rape","bloomers","dilf","school swimsuit","doujinshi","mosaic censorship","teacher"],"page":25},{"id":180,"title":"Red and White","tags":["kurenai yuhi","gag","anko mitarashi","ino yamanaka","naruto uzumaki","chiba toshirou","sakura haruno","naruto","temari","bondage","tenten","lolicon","hinata hyuga","kin tsuchi","japanese","doujinshi"],"page":36},{"id":179,"title":"Onnanoko Doushi ga Ichaicha Suru Hon","tags":["big breasts","kurenai yuhi","ino yamanaka","ono kenuji","sakura haruno","naruto","aa aikawa doujou","lolicon","kei enji","yuri","footjob","hinata hyuga","japanese","doujinshi","females only","foot insertion"],"page":30},{"id":178,"title":"Kunoichi no Kyouiku","tags":["futanari","kurenai yuhi","sakura haruno","naruto","lolicon","yuri","odagiri tsutomu","ochimusha.","japanese","doujinshi"],"page":30},{"id":177,"title":"Ketsu! Megaton 6","tags":["big breasts","glasses","naruto","toluene ittokan","tsunade","pierre norano","bondage","lolicon","read or die","pretty cure","hinata hyuga","saber","blowjob","shotacon","rider","japanese","doujinshi","cure black","nagisa misumi"],"page":51}]