{"id":111,"media_id":"564","title":{"english":"(C60) [Nakayohi Mogudan (Mogudan)] Ayanami 2 Hokenshitsu Hen [One Student Compilation 2] (Neon Genesis Evangelion) [English]","japanese":"","pretty":"Ayanami 2 Hokenshitsu Hen"},"images":{"pages":[{"t":"j","w":969,"h":1425},{"t":"j","w":969,"h":1425},{"t":"j","w":969,"h":1425},{"t":"j","w":969,"h":1425},{"t":"j","w":969,"h":1425},{"t":"j","w":969,"h":1425},{"t":"j","w":969,"h":1425},{"t":"j","w":969,"h":1425},{"t":"j","w":969,"h":1425},{"t":"j","w":969,"h":1425},{"t":"j","w":969,"h":1425},{"t":"j","w":969,"h":1425},{"t":"j","w":969,"h":1425},{"t":"j","w":969,"h":1425},{"t":"j","w":969,"h":1425},{"t":"j","w":969,"h":1425},{"t":"j","w":969,"h":1425},{"t":"j","w":969,"h":1425},{"t":"j","w":969,"h":1425},{"t":"j","w":969,"h":1425}],"cover":{"t":"j","w":350,"h":515},"thumbnail":{"t":"j","w":250,"h":368}},"scanlator":"","upload_date":1403964837,"tags":[{"id":2937,"type":"tag","name":"big breasts","url":"/tag/big-breasts/","count":103273},{"id":12227,"type":"language","name":"english","url":"/language/english/","count":69378},{"id":13432,"type":"group","name":"nakayohi mogudan","url":"/group/nakayohi-mogudan/","count":157},{"id":14283,"type":"tag","name":"anal","url":"/tag/anal/","count":64587},{"id":17137,"type":"parody","name":"neon genesis evangelion","url":"/parody/neon-genesis-evangelion/","count":2489},{"id":17202,"type":"artist","name":"mogudan","url":"/artist/mogudan/","count":213},{"id":17249,"type":"language","name":"translated","url":"/language/translated/","count":109734},{"id":20905,"type":"tag","name":"full color","url":"/tag/full-color/","count":33404},{"id":21779,"type":"character","name":"rei ayanami","url":"/character/rei-ayanami/","count":1196},{"id":28800,"type":"tag","name":"bloomers","url":"/tag/bloomers/","count":5672},{"id":33172,"type":"category","name":"doujinshi","url":"/category/doujinshi/","count":228729},{"id":5452,"type":"tag","name":"gymshorts","url":"/tag/gymshorts/","count":316},{"id":29859,"type":"tag","name":"blowjob","url":"/tag/blowjob/","count":37321},{"id":27473,"type":"tag","name":"mosaic censorship","url":"/tag/mosaic-censorship/","count":23707},{"id":35762,"type":"tag","name":"sole female","url":"/tag/sole-female/","count":66202}],"num_pages":20,"num_favorites":1075}