{"id":113,"media_id":"585","title":{"english":"Lucky Strike!! More Like \"Fat Chance!\" [English] [Rewrite] [radixius]","japanese":"","pretty":"Lucky Strike!! More Like \"Fat Chance!\""},"images":{"pages":[{"t":"j","w":858,"h":1200},{"t":"j","w":839,"h":1200},{"t":"j","w":823,"h":1200},{"t":"j","w":839,"h":1200},{"t":"j","w":823,"h":1200},{"t":"j","w":839,"h":1200},{"t":"j","w":823,"h":1200},{"t":"j","w":839,"h":1200},{"t":"j","w":823,"h":1200},{"t":"j","w":839,"h":1200},{"t":"j","w":823,"h":1200},{"t":"j","w":839,"h":1200},{"t":"j","w":823,"h":1200},{"t":"j","w":839,"h":1200},{"t":"j","w":823,"h":1200},{"t":"j","w":839,"h":1200},{"t":"j","w":823,"h":1200},{"t":"j","w":839,"h":1200},{"t":"j","w":823,"h":1200},{"t":"j","w":839,"h":1200},{"t":"j","w":823,"h":1200},{"t":"j","w":839,"h":1200},{"t":"j","w":823,"h":1200},{"t":"j","w":839,"h":1200},{"t":"j","w":823,"h":1200},{"t":"j","w":839,"h":1200},{"t":"j","w":823,"h":1200},{"t":"j","w":839,"h":1200},{"t":"j","w":823,"h":1200},{"t":"j","w":839,"h":1200},{"t":"j","w":823,"h":1200},{"t":"j","w":839,"h":1200},{"t":"j","w":823,"h":1200},{"t":"j","w":839,"h":1200},{"t":"j","w":823,"h":1200},{"t":"j","w":839,"h":1200},{"t":"j","w":823,"h":1200},{"t":"j","w":839,"h":1200},{"t":"j","w":823,"h":1200},{"t":"j","w":852,"h":1200}],"cover":{"t":"j","w":350,"h":490},"thumbnail":{"t":"j","w":250,"h":350}},"scanlator":"","upload_date":1403964839,"tags":[{"id":2937,"type":"tag","name":"big breasts","url":"/tag/big-breasts/","count":132788},{"id":8010,"type":"tag","name":"group","url":"/tag/group/","count":87659},{"id":8789,"type":"character","name":"helena douglas","url":"/character/helena-douglas/","count":158},{"id":9981,"type":"character","name":"tina armstrong","url":"/character/tina-armstrong/","count":153},{"id":12227,"type":"language","name":"english","url":"/language/english/","count":92747},{"id":16916,"type":"character","name":"kasumi","url":"/character/kasumi/","count":777},{"id":17733,"type":"character","name":"lei fang","url":"/character/lei-fang/","count":202},{"id":19018,"type":"tag","name":"dark skin","url":"/tag/dark-skin/","count":28612},{"id":21913,"type":"group","name":"pururun estate","url":"/group/pururun-estate/","count":48},{"id":22146,"type":"parody","name":"dead or alive","url":"/parody/dead-or-alive/","count":1025},{"id":22777,"type":"character","name":"zack","url":"/character/zack/","count":54},{"id":25888,"type":"artist","name":"kamitsuki manmaru","url":"/artist/kamitsuki-manmaru/","count":87},{"id":27473,"type":"tag","name":"mosaic censorship","url":"/tag/mosaic-censorship/","count":35008},{"id":30895,"type":"tag","name":"sunglasses","url":"/tag/sunglasses/","count":1203},{"id":31633,"type":"character","name":"hitomi","url":"/character/hitomi/","count":145},{"id":33172,"type":"category","name":"doujinshi","url":"/category/doujinshi/","count":294686}],"num_pages":40,"num_favorites":564}