{"id":114,"media_id":"586","title":{"english":"(C61) [Nakayohi Mogudan (Mogudan)] Ayanami 3 Sensei Hen (Neon Genesis Evangelion) [English]","japanese":"(C61) [\u306a\u304b\u3088\u3072\u30e2\u30b0\u30c0\u30f3 (\u30e2\u30b0\u30c0\u30f3)] \u7dbe\u6ce23 \u5148\u751f\u7de8 (\u65b0\u4e16\u7d00\u30a8\u30f4\u30a1\u30f3\u30b2\u30ea\u30aa\u30f3) [\u82f1\u8a33]","pretty":"Ayanami 3 Sensei Hen"},"images":{"pages":[{"t":"j","w":827,"h":1161},{"t":"j","w":827,"h":1169},{"t":"j","w":612,"h":904},{"t":"j","w":608,"h":904},{"t":"j","w":627,"h":906},{"t":"j","w":631,"h":907},{"t":"j","w":628,"h":903},{"t":"j","w":630,"h":904},{"t":"j","w":633,"h":905},{"t":"j","w":634,"h":904},{"t":"j","w":630,"h":903},{"t":"j","w":631,"h":903},{"t":"j","w":633,"h":903},{"t":"j","w":636,"h":904},{"t":"j","w":636,"h":901},{"t":"j","w":636,"h":906},{"t":"j","w":632,"h":913},{"t":"j","w":633,"h":904},{"t":"j","w":640,"h":903},{"t":"j","w":629,"h":903}],"cover":{"t":"j","w":350,"h":491},"thumbnail":{"t":"j","w":250,"h":351}},"scanlator":"","upload_date":1403964840,"tags":[{"id":2937,"type":"tag","name":"big breasts","url":"/tag/big-breasts/","count":103273},{"id":3735,"type":"tag","name":"swimsuit","url":"/tag/swimsuit/","count":19363},{"id":12227,"type":"language","name":"english","url":"/language/english/","count":69378},{"id":13432,"type":"group","name":"nakayohi mogudan","url":"/group/nakayohi-mogudan/","count":157},{"id":17137,"type":"parody","name":"neon genesis evangelion","url":"/parody/neon-genesis-evangelion/","count":2489},{"id":17202,"type":"artist","name":"mogudan","url":"/artist/mogudan/","count":213},{"id":17249,"type":"language","name":"translated","url":"/language/translated/","count":109734},{"id":20905,"type":"tag","name":"full color","url":"/tag/full-color/","count":33404},{"id":21779,"type":"character","name":"rei ayanami","url":"/character/rei-ayanami/","count":1195},{"id":33172,"type":"category","name":"doujinshi","url":"/category/doujinshi/","count":228729},{"id":29013,"type":"tag","name":"dilf","url":"/tag/dilf/","count":15244},{"id":29565,"type":"tag","name":"school swimsuit","url":"/tag/school-swimsuit/","count":3924},{"id":27473,"type":"tag","name":"mosaic censorship","url":"/tag/mosaic-censorship/","count":23707},{"id":35762,"type":"tag","name":"sole female","url":"/tag/sole-female/","count":66202}],"num_pages":20,"num_favorites":940}