{"id":115,"media_id":"587","title":{"english":"(C62) [Nakayohi Mogudan (Mogudan)] Rei Ayanami Rei (Neon Genesis Evangelion) [English]","japanese":"(C62) [\u306a\u304b\u3088\u3072\u30e2\u30b0\u30c0\u30f3 (\u30e2\u30b0\u30c0\u30f3)] \u30ec\u30a4 \u7dbe\u6ce2\u30ec\u30a4 (\u65b0\u4e16\u7d00\u30a8\u30f4\u30a1\u30f3\u30b2\u30ea\u30aa\u30f3) [\u82f1\u8a33]","pretty":"Rei Ayanami Rei"},"images":{"pages":[{"t":"j","w":882,"h":1200},{"t":"j","w":844,"h":1200},{"t":"j","w":843,"h":1200},{"t":"j","w":843,"h":1200},{"t":"j","w":832,"h":1200},{"t":"j","w":832,"h":1200},{"t":"j","w":844,"h":1205},{"t":"j","w":837,"h":1200},{"t":"j","w":836,"h":1200},{"t":"j","w":837,"h":1200},{"t":"j","w":835,"h":1200},{"t":"j","w":850,"h":1200},{"t":"j","w":832,"h":1200},{"t":"j","w":830,"h":1200},{"t":"j","w":818,"h":1200},{"t":"j","w":828,"h":1200},{"t":"j","w":832,"h":1200},{"t":"j","w":841,"h":1200},{"t":"j","w":829,"h":1200},{"t":"j","w":820,"h":1200},{"t":"j","w":811,"h":1200},{"t":"j","w":820,"h":1200},{"t":"j","w":825,"h":1200},{"t":"j","w":816,"h":1205},{"t":"j","w":833,"h":1200},{"t":"j","w":815,"h":1200},{"t":"j","w":825,"h":1200},{"t":"j","w":815,"h":1200},{"t":"j","w":836,"h":1200},{"t":"j","w":821,"h":1200},{"t":"j","w":830,"h":1205},{"t":"j","w":846,"h":1205},{"t":"j","w":854,"h":1200},{"t":"j","w":824,"h":1200}],"cover":{"t":"j","w":350,"h":476},"thumbnail":{"t":"j","w":250,"h":340}},"scanlator":"","upload_date":1403964841,"tags":[{"id":2937,"type":"tag","name":"big breasts","url":"/tag/big-breasts/","count":103273},{"id":12227,"type":"language","name":"english","url":"/language/english/","count":69378},{"id":13432,"type":"group","name":"nakayohi mogudan","url":"/group/nakayohi-mogudan/","count":157},{"id":17137,"type":"parody","name":"neon genesis evangelion","url":"/parody/neon-genesis-evangelion/","count":2492},{"id":17202,"type":"artist","name":"mogudan","url":"/artist/mogudan/","count":213},{"id":17249,"type":"language","name":"translated","url":"/language/translated/","count":109734},{"id":21779,"type":"character","name":"rei ayanami","url":"/character/rei-ayanami/","count":1196},{"id":33172,"type":"category","name":"doujinshi","url":"/category/doujinshi/","count":228729},{"id":10314,"type":"tag","name":"schoolgirl uniform","url":"/tag/schoolgirl-uniform/","count":56168},{"id":29013,"type":"tag","name":"dilf","url":"/tag/dilf/","count":15244},{"id":35762,"type":"tag","name":"sole female","url":"/tag/sole-female/","count":66202}],"num_pages":34,"num_favorites":520}