[{"id":111,"title":"Ayanami 2 Hokenshitsu Hen","tags":["big breasts","english","nakayohi mogudan","anal","neon genesis evangelion","mogudan","translated","full color","rei ayanami","bloomers","doujinshi","gymshorts","blowjob","mosaic censorship","sole female"],"page":20},{"id":113,"title":"Lucky Strike!! More Like \"Fat Chance!\"","tags":["big breasts","group","helena douglas","tina armstrong","english","kasumi","lei fang","dark skin","pururun estate","dead or alive","zack","kamitsuki manmaru","mosaic censorship","sunglasses","hitomi","doujinshi"],"page":40},{"id":114,"title":"Ayanami 3 Sensei Hen","tags":["big breasts","swimsuit","english","nakayohi mogudan","neon genesis evangelion","mogudan","translated","full color","rei ayanami","doujinshi","dilf","school swimsuit","mosaic censorship","sole female"],"page":20},{"id":115,"title":"Rei Ayanami Rei","tags":["big breasts","english","nakayohi mogudan","neon genesis evangelion","mogudan","translated","rei ayanami","doujinshi","schoolgirl uniform","dilf","sole female"],"page":34},{"id":116,"title":"Friend O' Mine","tags":["disgaea","big breasts","grateful dead","group","etna","hibiki seiya","lolicon","yuri","pleinair","full color","flonne","japanese","doujinshi","mosaic censorship"],"page":18},{"id":112,"title":"FREE3","tags":["akkan-bi project","urethra insertion","cardcaptor sakura","sakura kinomoto","lolicon","latex","bike shorts","yanagi hirohiko","double penetration","parasite","incomplete","tentacles","japanese","doujinshi","x-ray"],"page":51},{"id":119,"title":"Sakura Tsuu 2","tags":["group","geiwamiwosukuu","karura syou","sex toys","tomoyo daidouji","cardcaptor sakura","sakura kinomoto","lolicon","yuri","japanese","doujinshi","females only","filming"],"page":34},{"id":120,"title":"Sakura Tsuu 3","tags":["geiwamiwosukuu","karura syou","tomoyo daidouji","cardcaptor sakura","sakura kinomoto","lolicon","naoko yanagisawa","incest","japanese","doujinshi","sex toys"],"page":22},{"id":118,"title":"Sakura Tsuu 1","tags":["geiwamiwosukuu","karura syou","tomoyo daidouji","bondage","cardcaptor sakura","sakura kinomoto","lolicon","yuri","japanese","doujinshi","females only"],"page":34}]