{"id":256,"media_id":"129","title":{"english":"(C68) [Studio Kimigabuchi (Kimimaru)] RE-TAKE 3 (Neon Genesis Evangelion) [English]","japanese":"(C68) [\u30b9\u30bf\u30b8\u30aaKIMIGABUCHI (\u304d\u307f\u307e\u308b)] RE-TAKE3 (\u65b0\u4e16\u7d00\u30a8\u30f4\u30a1\u30f3\u30b2\u30ea\u30aa\u30f3) [\u82f1\u8a33]","pretty":"RE-TAKE 3"},"images":{"pages":[{"t":"j","w":1200,"h":1653},{"t":"j","w":1200,"h":1709},{"t":"j","w":1200,"h":1710},{"t":"j","w":1200,"h":1703},{"t":"j","w":1200,"h":1716},{"t":"j","w":1200,"h":1704},{"t":"j","w":1200,"h":1723},{"t":"j","w":1200,"h":1707},{"t":"j","w":1200,"h":1709},{"t":"j","w":1200,"h":1715},{"t":"j","w":1200,"h":1731},{"t":"j","w":1200,"h":1718},{"t":"j","w":1200,"h":1727},{"t":"j","w":1200,"h":1716},{"t":"j","w":1200,"h":1720},{"t":"j","w":1200,"h":1730},{"t":"j","w":1200,"h":1729},{"t":"j","w":1200,"h":1729},{"t":"j","w":1200,"h":1718},{"t":"j","w":1200,"h":1729},{"t":"j","w":1200,"h":1720},{"t":"j","w":1200,"h":1729},{"t":"j","w":1200,"h":1721},{"t":"j","w":1200,"h":858},{"t":"j","w":1200,"h":1732},{"t":"j","w":1200,"h":1725},{"t":"j","w":1200,"h":1734},{"t":"j","w":1200,"h":1732},{"t":"j","w":1200,"h":1735},{"t":"j","w":1200,"h":1731},{"t":"j","w":1200,"h":1731},{"t":"j","w":1200,"h":1732},{"t":"j","w":1200,"h":1731},{"t":"j","w":1200,"h":1726},{"t":"j","w":1200,"h":1734},{"t":"j","w":1200,"h":1726},{"t":"j","w":1200,"h":1737},{"t":"j","w":1200,"h":1720},{"t":"j","w":1200,"h":1728},{"t":"j","w":1200,"h":1725},{"t":"j","w":1200,"h":1735},{"t":"j","w":1200,"h":1723},{"t":"j","w":1200,"h":1732},{"t":"j","w":1200,"h":1726},{"t":"j","w":1200,"h":1732},{"t":"j","w":1200,"h":1718},{"t":"j","w":1200,"h":866},{"t":"j","w":1200,"h":1729},{"t":"j","w":1200,"h":1729},{"t":"j","w":1200,"h":1734},{"t":"j","w":1200,"h":1723},{"t":"j","w":1200,"h":1740},{"t":"j","w":1200,"h":1725},{"t":"j","w":1200,"h":1732},{"t":"j","w":1200,"h":1733},{"t":"j","w":1200,"h":1729},{"t":"j","w":1200,"h":1726},{"t":"j","w":1200,"h":858},{"t":"j","w":1200,"h":1731},{"t":"j","w":1200,"h":1734},{"t":"j","w":1200,"h":1728},{"t":"j","w":1200,"h":1734},{"t":"j","w":1200,"h":1725},{"t":"j","w":1200,"h":1720},{"t":"j","w":1200,"h":1720},{"t":"j","w":1200,"h":1721},{"t":"j","w":1200,"h":1725},{"t":"j","w":1200,"h":1723},{"t":"j","w":1200,"h":1719},{"t":"j","w":1200,"h":1717},{"t":"j","w":1200,"h":1719},{"t":"j","w":1200,"h":1728},{"t":"j","w":1200,"h":1720},{"t":"j","w":1200,"h":1728},{"t":"j","w":1200,"h":1715},{"t":"j","w":1200,"h":1728},{"t":"j","w":1200,"h":1729},{"t":"j","w":1200,"h":1741},{"t":"j","w":1200,"h":1728},{"t":"j","w":1200,"h":1713},{"t":"j","w":1200,"h":853},{"t":"j","w":1200,"h":855},{"t":"j","w":1200,"h":855},{"t":"j","w":1200,"h":1708},{"t":"j","w":1200,"h":1713},{"t":"j","w":1200,"h":1700}],"cover":{"t":"j","w":350,"h":482},"thumbnail":{"t":"j","w":250,"h":344}},"scanlator":"","upload_date":1403965014,"tags":[{"id":3206,"type":"character","name":"shinji ikari","url":"/character/shinji-ikari/","count":1243},{"id":12227,"type":"language","name":"english","url":"/language/english/","count":72941},{"id":17137,"type":"parody","name":"neon genesis evangelion","url":"/parody/neon-genesis-evangelion/","count":2508},{"id":17249,"type":"language","name":"translated","url":"/language/translated/","count":117288},{"id":24412,"type":"tag","name":"bodysuit","url":"/tag/bodysuit/","count":3294},{"id":25125,"type":"character","name":"asuka langley soryu","url":"/character/asuka-langley-soryu/","count":1540},{"id":27938,"type":"artist","name":"kimimaru","url":"/artist/kimimaru/","count":178},{"id":28736,"type":"group","name":"studio kimigabuchi","url":"/group/studio-kimigabuchi/","count":166},{"id":33172,"type":"category","name":"doujinshi","url":"/category/doujinshi/","count":238419},{"id":8739,"type":"tag","name":"story arc","url":"/tag/story-arc/","count":10019},{"id":21572,"type":"tag","name":"multi-work series","url":"/tag/multi-work-series/","count":15193},{"id":27217,"type":"tag","name":"guro","url":"/tag/guro/","count":2518}],"num_pages":86,"num_favorites":778}