{"id":257,"media_id":"133","title":{"english":"(C69) [Studio Kimigabuchi (Kimimaru)] RE-TAKE 0 (Neon Genesis Evangelion) [English]","japanese":"(C69) [\u30b9\u30bf\u30b8\u30aaKIMIGABUCHI (\u304d\u307f\u307e\u308b)] RE-TAKE 0 (\u65b0\u4e16\u7d00\u30a8\u30f4\u30a1\u30f3\u30b2\u30ea\u30aa\u30f3) [\u82f1\u8a33]","pretty":"RE-TAKE 0"},"images":{"pages":[{"t":"j","w":984,"h":1400},{"t":"j","w":982,"h":1400},{"t":"j","w":982,"h":1400},{"t":"j","w":982,"h":1400},{"t":"j","w":982,"h":1400},{"t":"j","w":982,"h":1400},{"t":"j","w":982,"h":1400},{"t":"j","w":982,"h":1400},{"t":"j","w":982,"h":1400},{"t":"j","w":982,"h":1400},{"t":"j","w":982,"h":1400},{"t":"j","w":982,"h":1400},{"t":"j","w":982,"h":1400},{"t":"j","w":982,"h":1400},{"t":"j","w":982,"h":1400},{"t":"j","w":982,"h":1400},{"t":"j","w":982,"h":1400},{"t":"j","w":982,"h":1400},{"t":"j","w":982,"h":1400},{"t":"j","w":982,"h":1400},{"t":"j","w":982,"h":1400},{"t":"j","w":982,"h":1400},{"t":"j","w":982,"h":1400},{"t":"j","w":982,"h":1400},{"t":"j","w":982,"h":1400},{"t":"j","w":982,"h":1400},{"t":"j","w":982,"h":1400},{"t":"j","w":982,"h":1400},{"t":"j","w":982,"h":1400},{"t":"j","w":982,"h":1400},{"t":"j","w":982,"h":1400},{"t":"j","w":982,"h":1400},{"t":"j","w":982,"h":1400},{"t":"j","w":982,"h":1400},{"t":"j","w":982,"h":1400},{"t":"j","w":982,"h":1400},{"t":"j","w":1200,"h":856},{"t":"j","w":982,"h":1400},{"t":"j","w":982,"h":1400},{"t":"j","w":982,"h":1400},{"t":"j","w":982,"h":1400},{"t":"j","w":1200,"h":856},{"t":"j","w":982,"h":1400},{"t":"j","w":982,"h":1400},{"t":"j","w":982,"h":1400},{"t":"j","w":982,"h":1400},{"t":"j","w":1200,"h":856},{"t":"j","w":1200,"h":856},{"t":"j","w":1200,"h":856},{"t":"j","w":984,"h":1400}],"cover":{"t":"j","w":350,"h":498},"thumbnail":{"t":"j","w":250,"h":356}},"scanlator":"","upload_date":1403965017,"tags":[{"id":3206,"type":"character","name":"shinji ikari","url":"/character/shinji-ikari/","count":1243},{"id":12227,"type":"language","name":"english","url":"/language/english/","count":72941},{"id":17137,"type":"parody","name":"neon genesis evangelion","url":"/parody/neon-genesis-evangelion/","count":2508},{"id":17249,"type":"language","name":"translated","url":"/language/translated/","count":117288},{"id":25125,"type":"character","name":"asuka langley soryu","url":"/character/asuka-langley-soryu/","count":1540},{"id":27938,"type":"artist","name":"kimimaru","url":"/artist/kimimaru/","count":178},{"id":28736,"type":"group","name":"studio kimigabuchi","url":"/group/studio-kimigabuchi/","count":166},{"id":33172,"type":"category","name":"doujinshi","url":"/category/doujinshi/","count":238419},{"id":8739,"type":"tag","name":"story arc","url":"/tag/story-arc/","count":10019},{"id":21572,"type":"tag","name":"multi-work series","url":"/tag/multi-work-series/","count":15193},{"id":2527,"type":"tag","name":"bandages","url":"/tag/bandages/","count":741}],"num_pages":50,"num_favorites":654}