{"id":258,"media_id":"134","title":{"english":"(C70) [Studio Kimigabuchi (Kimimaru)] RE-TAKE 4 (Neon Genesis Evangelion) [English]","japanese":"(C70) [\u30b9\u30bf\u30b8\u30aaKIMIGABUCHI (\u304d\u307f\u307e\u308b)] RE-TAKE4 (\u65b0\u4e16\u7d00\u30a8\u30f4\u30a1\u30f3\u30b2\u30ea\u30aa\u30f3) [\u82f1\u8a33]","pretty":"RE-TAKE 4"},"images":{"pages":[{"t":"j","w":966,"h":1400},{"t":"j","w":946,"h":1400},{"t":"j","w":944,"h":1400},{"t":"j","w":895,"h":1400},{"t":"j","w":879,"h":1400},{"t":"j","w":947,"h":1400},{"t":"j","w":903,"h":1400},{"t":"j","w":951,"h":1400},{"t":"j","w":1200,"h":856},{"t":"j","w":960,"h":1400},{"t":"j","w":950,"h":1400},{"t":"j","w":949,"h":1400},{"t":"j","w":895,"h":1400},{"t":"j","w":933,"h":1400},{"t":"j","w":950,"h":1400},{"t":"j","w":947,"h":1400},{"t":"j","w":951,"h":1400},{"t":"j","w":948,"h":1400},{"t":"j","w":891,"h":1400},{"t":"j","w":869,"h":1400},{"t":"j","w":941,"h":1400},{"t":"j","w":938,"h":1400},{"t":"j","w":940,"h":1400},{"t":"j","w":925,"h":1400},{"t":"j","w":943,"h":1400},{"t":"j","w":935,"h":1400},{"t":"j","w":944,"h":1400},{"t":"j","w":938,"h":1400},{"t":"j","w":942,"h":1400},{"t":"j","w":934,"h":1400},{"t":"j","w":945,"h":1400},{"t":"j","w":911,"h":1400},{"t":"j","w":941,"h":1400},{"t":"j","w":924,"h":1400},{"t":"j","w":938,"h":1400},{"t":"j","w":937,"h":1400},{"t":"j","w":939,"h":1400},{"t":"j","w":938,"h":1400},{"t":"j","w":940,"h":1400},{"t":"j","w":938,"h":1400},{"t":"j","w":942,"h":1400},{"t":"j","w":938,"h":1400},{"t":"j","w":940,"h":1400},{"t":"j","w":940,"h":1400},{"t":"j","w":940,"h":1400},{"t":"j","w":933,"h":1400},{"t":"j","w":942,"h":1400},{"t":"j","w":1200,"h":852},{"t":"j","w":940,"h":1400},{"t":"j","w":938,"h":1400},{"t":"j","w":943,"h":1400},{"t":"j","w":941,"h":1400},{"t":"j","w":1200,"h":866},{"t":"j","w":940,"h":1400},{"t":"j","w":941,"h":1400},{"t":"j","w":1200,"h":866},{"t":"j","w":942,"h":1400},{"t":"j","w":940,"h":1400},{"t":"j","w":938,"h":1400},{"t":"j","w":940,"h":1400},{"t":"j","w":912,"h":1400},{"t":"j","w":941,"h":1400},{"t":"j","w":895,"h":1400},{"t":"j","w":942,"h":1400},{"t":"j","w":938,"h":1400},{"t":"j","w":906,"h":1400},{"t":"j","w":870,"h":1400},{"t":"j","w":941,"h":1400},{"t":"j","w":923,"h":1400},{"t":"j","w":941,"h":1400},{"t":"j","w":940,"h":1400},{"t":"j","w":940,"h":1400},{"t":"j","w":936,"h":1400},{"t":"j","w":940,"h":1400},{"t":"j","w":897,"h":1400},{"t":"j","w":939,"h":1400},{"t":"j","w":940,"h":1400},{"t":"j","w":942,"h":1400},{"t":"j","w":940,"h":1400},{"t":"j","w":891,"h":1400},{"t":"j","w":872,"h":1400},{"t":"j","w":941,"h":1400},{"t":"j","w":969,"h":1400},{"t":"j","w":943,"h":1400},{"t":"j","w":941,"h":1400},{"t":"j","w":940,"h":1400},{"t":"j","w":1200,"h":866},{"t":"j","w":926,"h":1400},{"t":"j","w":941,"h":1400},{"t":"j","w":939,"h":1400},{"t":"j","w":941,"h":1400},{"t":"j","w":938,"h":1400},{"t":"j","w":935,"h":1400},{"t":"j","w":1200,"h":867},{"t":"j","w":936,"h":1400},{"t":"j","w":939,"h":1400},{"t":"j","w":1200,"h":868},{"t":"j","w":940,"h":1400},{"t":"j","w":938,"h":1400},{"t":"j","w":938,"h":1400},{"t":"j","w":939,"h":1400},{"t":"j","w":939,"h":1400},{"t":"j","w":937,"h":1400},{"t":"j","w":936,"h":1400},{"t":"j","w":938,"h":1400},{"t":"j","w":937,"h":1400},{"t":"j","w":935,"h":1400},{"t":"j","w":937,"h":1400},{"t":"j","w":933,"h":1400},{"t":"j","w":937,"h":1400},{"t":"j","w":938,"h":1400},{"t":"j","w":930,"h":1400},{"t":"j","w":939,"h":1400},{"t":"j","w":938,"h":1400},{"t":"j","w":939,"h":1400},{"t":"j","w":896,"h":1400},{"t":"j","w":935,"h":1400},{"t":"j","w":874,"h":1400},{"t":"j","w":935,"h":1400},{"t":"j","w":1200,"h":869},{"t":"j","w":936,"h":1400},{"t":"j","w":937,"h":1400},{"t":"j","w":934,"h":1400},{"t":"j","w":935,"h":1400},{"t":"j","w":936,"h":1400},{"t":"j","w":935,"h":1400},{"t":"j","w":924,"h":1400},{"t":"j","w":938,"h":1400},{"t":"j","w":1200,"h":866},{"t":"j","w":933,"h":1400},{"t":"j","w":939,"h":1400},{"t":"j","w":935,"h":1400},{"t":"j","w":935,"h":1400},{"t":"j","w":934,"h":1400},{"t":"j","w":936,"h":1400},{"t":"j","w":933,"h":1400},{"t":"j","w":936,"h":1400},{"t":"j","w":935,"h":1400},{"t":"j","w":936,"h":1400},{"t":"j","w":950,"h":1400},{"t":"j","w":938,"h":1400},{"t":"j","w":936,"h":1400},{"t":"j","w":938,"h":1400},{"t":"j","w":935,"h":1400},{"t":"j","w":918,"h":1400},{"t":"j","w":941,"h":1400},{"t":"j","w":938,"h":1400},{"t":"j","w":940,"h":1400},{"t":"j","w":934,"h":1400},{"t":"j","w":939,"h":1400},{"t":"j","w":936,"h":1400},{"t":"j","w":917,"h":1400},{"t":"j","w":933,"h":1400},{"t":"j","w":1200,"h":869},{"t":"j","w":899,"h":1400},{"t":"j","w":933,"h":1400},{"t":"j","w":1200,"h":851},{"t":"j","w":944,"h":1400},{"t":"j","w":938,"h":1400},{"t":"j","w":935,"h":1400},{"t":"j","w":937,"h":1400},{"t":"j","w":907,"h":1400},{"t":"j","w":940,"h":1400},{"t":"j","w":1200,"h":867},{"t":"j","w":1200,"h":866},{"t":"j","w":936,"h":1400},{"t":"j","w":942,"h":1400},{"t":"j","w":927,"h":1400},{"t":"j","w":938,"h":1400},{"t":"j","w":937,"h":1400},{"t":"j","w":936,"h":1400},{"t":"j","w":937,"h":1400},{"t":"j","w":939,"h":1400},{"t":"j","w":935,"h":1400},{"t":"j","w":941,"h":1400},{"t":"j","w":896,"h":1400},{"t":"j","w":934,"h":1400},{"t":"j","w":931,"h":1400},{"t":"j","w":890,"h":1400},{"t":"j","w":936,"h":1400},{"t":"j","w":938,"h":1400},{"t":"j","w":928,"h":1400},{"t":"j","w":939,"h":1400},{"t":"j","w":934,"h":1400},{"t":"j","w":941,"h":1400},{"t":"j","w":1200,"h":900},{"t":"j","w":936,"h":1400},{"t":"j","w":939,"h":1400},{"t":"j","w":938,"h":1400},{"t":"j","w":937,"h":1400},{"t":"j","w":938,"h":1400},{"t":"j","w":968,"h":1400},{"t":"j","w":1000,"h":773},{"t":"j","w":792,"h":817}],"cover":{"t":"j","w":350,"h":507},"thumbnail":{"t":"j","w":250,"h":362}},"scanlator":"","upload_date":1403965018,"tags":[{"id":3206,"type":"character","name":"shinji ikari","url":"/character/shinji-ikari/","count":1243},{"id":6343,"type":"tag","name":"pregnant","url":"/tag/pregnant/","count":9508},{"id":12227,"type":"language","name":"english","url":"/language/english/","count":72941},{"id":17137,"type":"parody","name":"neon genesis evangelion","url":"/parody/neon-genesis-evangelion/","count":2508},{"id":17249,"type":"language","name":"translated","url":"/language/translated/","count":117288},{"id":19440,"type":"tag","name":"lolicon","url":"/tag/lolicon/","count":71882},{"id":21779,"type":"character","name":"rei ayanami","url":"/character/rei-ayanami/","count":1219},{"id":25125,"type":"character","name":"asuka langley soryu","url":"/character/asuka-langley-soryu/","count":1540},{"id":27938,"type":"artist","name":"kimimaru","url":"/artist/kimimaru/","count":178},{"id":28736,"type":"group","name":"studio kimigabuchi","url":"/group/studio-kimigabuchi/","count":166},{"id":33172,"type":"category","name":"doujinshi","url":"/category/doujinshi/","count":238419},{"id":10314,"type":"tag","name":"schoolgirl uniform","url":"/tag/schoolgirl-uniform/","count":58076},{"id":8739,"type":"tag","name":"story arc","url":"/tag/story-arc/","count":10019},{"id":21572,"type":"tag","name":"multi-work series","url":"/tag/multi-work-series/","count":15193},{"id":22221,"type":"tag","name":"blood","url":"/tag/blood/","count":1728},{"id":23225,"type":"tag","name":"non-h","url":"/tag/non-h/","count":566}],"num_pages":194,"num_favorites":847}