{"id":259,"media_id":"135","title":{"english":"(C71) [Studio Kimigabuchi (Kimimaru)] RE-TAKE ~After~ (Neon Genesis Evangelion) [English]","japanese":"(C71) [\u30b9\u30bf\u30b8\u30aaKIMIGABUCHI (\u304d\u307f\u307e\u308b)] RE-TAKE \uff5eAfter\uff5e (\u65b0\u4e16\u7d00\u30a8\u30f4\u30a1\u30f3\u30b2\u30ea\u30aa\u30f3) [\u82f1\u8a33]","pretty":"RE-TAKE"},"images":{"pages":[{"t":"j","w":1200,"h":1684},{"t":"j","w":1095,"h":1831},{"t":"j","w":1267,"h":2020},{"t":"j","w":1245,"h":2012},{"t":"j","w":1254,"h":2014},{"t":"j","w":1220,"h":1985},{"t":"j","w":1101,"h":2020},{"t":"j","w":1252,"h":2012},{"t":"j","w":1260,"h":2011},{"t":"j","w":1137,"h":1850},{"t":"j","w":1098,"h":2011},{"t":"j","w":1233,"h":2018},{"t":"j","w":1272,"h":2023},{"t":"j","w":1239,"h":2018},{"t":"j","w":1245,"h":2017},{"t":"j","w":1200,"h":1821},{"t":"j","w":1242,"h":2023},{"t":"j","w":1242,"h":2015},{"t":"j","w":1251,"h":2017},{"t":"j","w":1257,"h":2022},{"t":"j","w":1258,"h":2026},{"t":"j","w":1248,"h":2003},{"t":"j","w":1243,"h":2014},{"t":"j","w":1230,"h":2017},{"t":"j","w":1242,"h":2029},{"t":"j","w":1254,"h":1822},{"t":"j","w":1248,"h":2020},{"t":"j","w":1245,"h":2015},{"t":"j","w":1239,"h":2029},{"t":"j","w":1239,"h":2018},{"t":"j","w":1272,"h":2061},{"t":"j","w":1254,"h":2018},{"t":"j","w":1200,"h":1929},{"t":"j","w":1251,"h":2022},{"t":"j","w":1089,"h":2020},{"t":"j","w":1094,"h":1844},{"t":"j","w":1236,"h":2002},{"t":"j","w":1251,"h":2018},{"t":"j","w":1242,"h":2026},{"t":"j","w":1245,"h":2018},{"t":"j","w":1248,"h":2017},{"t":"j","w":1245,"h":2023},{"t":"j","w":1233,"h":2026},{"t":"j","w":1251,"h":2022},{"t":"j","w":1239,"h":2017},{"t":"j","w":1257,"h":1991},{"t":"j","w":1267,"h":2054},{"t":"j","w":1248,"h":1834},{"t":"j","w":1230,"h":2023},{"t":"j","w":1257,"h":2022},{"t":"j","w":1261,"h":2029},{"t":"j","w":1263,"h":2022},{"t":"j","w":1257,"h":2026},{"t":"j","w":1260,"h":2025},{"t":"j","w":1248,"h":2014},{"t":"j","w":1251,"h":2025},{"t":"j","w":1245,"h":2017},{"t":"j","w":1251,"h":2018},{"t":"j","w":1255,"h":2020},{"t":"j","w":1257,"h":2022},{"t":"j","w":1247,"h":2020},{"t":"j","w":1101,"h":1840},{"t":"j","w":1245,"h":2014},{"t":"j","w":1200,"h":1808},{"t":"j","w":1246,"h":2017},{"t":"j","w":1095,"h":2018},{"t":"j","w":1101,"h":2023},{"t":"j","w":1273,"h":2018},{"t":"j","w":1256,"h":2026},{"t":"j","w":1254,"h":2015},{"t":"j","w":1200,"h":1868},{"t":"j","w":1200,"h":1865},{"t":"j","w":1242,"h":2014},{"t":"j","w":1248,"h":2025},{"t":"j","w":1200,"h":1834},{"t":"j","w":1250,"h":2012},{"t":"j","w":1079,"h":2019},{"t":"j","w":1252,"h":1828},{"t":"j","w":1245,"h":2018},{"t":"j","w":1156,"h":2022},{"t":"j","w":1251,"h":2018},{"t":"j","w":1257,"h":2018},{"t":"j","w":1254,"h":2016},{"t":"j","w":1251,"h":2028},{"t":"j","w":1248,"h":2015},{"t":"j","w":1257,"h":2018},{"t":"j","w":1254,"h":2034},{"t":"j","w":1248,"h":2012},{"t":"j","w":1269,"h":2040},{"t":"j","w":1200,"h":886},{"t":"j","w":1200,"h":1890},{"t":"j","w":1200,"h":1799},{"t":"j","w":1251,"h":2009},{"t":"j","w":1264,"h":2034},{"t":"j","w":1242,"h":2012},{"t":"j","w":1254,"h":2022},{"t":"j","w":1254,"h":2009},{"t":"j","w":1255,"h":2012},{"t":"j","w":1254,"h":2009},{"t":"j","w":1263,"h":2022},{"t":"j","w":1260,"h":2015},{"t":"j","w":1200,"h":1842},{"t":"j","w":1270,"h":2034},{"t":"j","w":1098,"h":2018},{"t":"j","w":1242,"h":2018},{"t":"j","w":1036,"h":1679},{"t":"j","w":1143,"h":1857},{"t":"j","w":1200,"h":1688}],"cover":{"t":"j","w":350,"h":491},"thumbnail":{"t":"j","w":250,"h":351}},"scanlator":"","upload_date":1403965022,"tags":[{"id":3206,"type":"character","name":"shinji ikari","url":"/character/shinji-ikari/","count":1243},{"id":12227,"type":"language","name":"english","url":"/language/english/","count":72941},{"id":17137,"type":"parody","name":"neon genesis evangelion","url":"/parody/neon-genesis-evangelion/","count":2508},{"id":17249,"type":"language","name":"translated","url":"/language/translated/","count":117288},{"id":24832,"type":"character","name":"misato katsuragi","url":"/character/misato-katsuragi/","count":343},{"id":25125,"type":"character","name":"asuka langley soryu","url":"/character/asuka-langley-soryu/","count":1540},{"id":27938,"type":"artist","name":"kimimaru","url":"/artist/kimimaru/","count":178},{"id":28736,"type":"group","name":"studio kimigabuchi","url":"/group/studio-kimigabuchi/","count":166},{"id":33172,"type":"category","name":"doujinshi","url":"/category/doujinshi/","count":238419},{"id":10314,"type":"tag","name":"schoolgirl uniform","url":"/tag/schoolgirl-uniform/","count":58076},{"id":8739,"type":"tag","name":"story arc","url":"/tag/story-arc/","count":10019},{"id":21572,"type":"tag","name":"multi-work series","url":"/tag/multi-work-series/","count":15193}],"num_pages":108,"num_favorites":655}