{"id":260,"media_id":"925","title":{"english":"Something Else REDUX: Full On & Hard On [English] [Rewrite] [radixius]","japanese":"","pretty":"Something Else REDUX: Full On & Hard On"},"images":{"pages":[{"t":"j","w":711,"h":1000},{"t":"j","w":686,"h":1000},{"t":"j","w":679,"h":1000},{"t":"j","w":675,"h":1000},{"t":"j","w":677,"h":1000},{"t":"j","w":666,"h":1000},{"t":"j","w":671,"h":1000},{"t":"j","w":676,"h":1000},{"t":"j","w":676,"h":1000},{"t":"j","w":683,"h":1000},{"t":"j","w":675,"h":1000},{"t":"j","w":679,"h":1000},{"t":"j","w":672,"h":1000},{"t":"j","w":679,"h":1000},{"t":"j","w":662,"h":1000},{"t":"j","w":667,"h":1000},{"t":"j","w":663,"h":1000},{"t":"j","w":678,"h":1000},{"t":"j","w":676,"h":1000},{"t":"j","w":679,"h":1000},{"t":"j","w":681,"h":1000},{"t":"j","w":683,"h":1000},{"t":"j","w":685,"h":1000},{"t":"j","w":678,"h":1000},{"t":"j","w":689,"h":1000},{"t":"j","w":683,"h":1000},{"t":"j","w":681,"h":1000},{"t":"j","w":677,"h":1000},{"t":"j","w":653,"h":1000},{"t":"j","w":850,"h":1200},{"t":"j","w":713,"h":1000}],"cover":{"t":"j","w":350,"h":492},"thumbnail":{"t":"j","w":250,"h":352}},"scanlator":"","upload_date":1403965025,"tags":[{"id":2937,"type":"tag","name":"big breasts","url":"/tag/big-breasts/","count":103273},{"id":12227,"type":"language","name":"english","url":"/language/english/","count":69378},{"id":14597,"type":"parody","name":"eiken","url":"/parody/eiken/","count":32},{"id":25614,"type":"tag","name":"paizuri","url":"/tag/paizuri/","count":22785},{"id":26953,"type":"tag","name":"bukkake","url":"/tag/bukkake/","count":4717},{"id":29859,"type":"tag","name":"blowjob","url":"/tag/blowjob/","count":37321},{"id":30792,"type":"group","name":"vogue","url":"/group/vogue/","count":25},{"id":33172,"type":"category","name":"doujinshi","url":"/category/doujinshi/","count":228729},{"id":33252,"type":"language","name":"rewrite","url":"/language/rewrite/","count":1290},{"id":28849,"type":"artist","name":"vogue","url":"/artist/vogue/","count":33},{"id":10314,"type":"tag","name":"schoolgirl uniform","url":"/tag/schoolgirl-uniform/","count":56168},{"id":15782,"type":"tag","name":"crossdressing","url":"/tag/crossdressing/","count":12931},{"id":29023,"type":"tag","name":"tomgirl","url":"/tag/tomgirl/","count":9618}],"num_pages":31,"num_favorites":97}