{"id":261,"media_id":"979","title":{"english":"(SC33) [Buki to Bougu no Mise (Tsuruma Megumi)] DAGGER-15 (Zero no Tsukaima)","japanese":"(\u30b5\u30f3\u30af\u30ea33) [\u3076\u304d\u3068\u307c\u3046\u3050\u306e\u307f\u305b (\u3064\u308b\u307e\u3081\u3050\u307f)] DAGGER-15 (\u30bc\u30ed\u306e\u4f7f\u3044\u9b54)","pretty":"DAGGER-15"},"images":{"pages":[{"t":"j","w":1077,"h":1521},{"t":"j","w":1200,"h":847},{"t":"j","w":1075,"h":1519},{"t":"j","w":1077,"h":1519},{"t":"j","w":1074,"h":1519},{"t":"j","w":1075,"h":1519},{"t":"j","w":1074,"h":1519},{"t":"j","w":1073,"h":1519},{"t":"j","w":1070,"h":1519},{"t":"j","w":1071,"h":1519},{"t":"j","w":1075,"h":1520},{"t":"j","w":1076,"h":1519},{"t":"j","w":1075,"h":1520},{"t":"j","w":1075,"h":1520},{"t":"j","w":1077,"h":1521}],"cover":{"t":"j","w":350,"h":494},"thumbnail":{"t":"j","w":250,"h":353}},"scanlator":"","upload_date":1403965026,"tags":[{"id":190,"type":"tag","name":"maid","url":"/tag/maid/","count":10631},{"id":2937,"type":"tag","name":"big breasts","url":"/tag/big-breasts/","count":103273},{"id":8010,"type":"tag","name":"group","url":"/tag/group/","count":72150},{"id":9380,"type":"group","name":"buki to bougu no mise","url":"/group/buki-to-bougu-no-mise/","count":6},{"id":13076,"type":"artist","name":"tsuruma megumi","url":"/artist/tsuruma-megumi/","count":6},{"id":14283,"type":"tag","name":"anal","url":"/tag/anal/","count":64587},{"id":18722,"type":"character","name":"louise francoise le blanc de la valliere","url":"/character/louise-francoise-le-blanc-de-la-valliere/","count":255},{"id":19440,"type":"tag","name":"lolicon","url":"/tag/lolicon/","count":69490},{"id":20282,"type":"tag","name":"footjob","url":"/tag/footjob/","count":9366},{"id":22945,"type":"tag","name":"double penetration","url":"/tag/double-penetration/","count":24472},{"id":24201,"type":"tag","name":"stockings","url":"/tag/stockings/","count":64784},{"id":25614,"type":"tag","name":"paizuri","url":"/tag/paizuri/","count":22785},{"id":27553,"type":"tag","name":"rape","url":"/tag/rape/","count":34191},{"id":28474,"type":"parody","name":"zero no tsukaima","url":"/parody/zero-no-tsukaima/","count":400},{"id":29859,"type":"tag","name":"blowjob","url":"/tag/blowjob/","count":37321},{"id":6346,"type":"language","name":"japanese","url":"/language/japanese/","count":191613},{"id":33172,"type":"category","name":"doujinshi","url":"/category/doujinshi/","count":228729},{"id":10314,"type":"tag","name":"schoolgirl uniform","url":"/tag/schoolgirl-uniform/","count":56168}],"num_pages":15,"num_favorites":63}