{"id":262,"media_id":"1024","title":{"english":"(SC34) [Titokara 2nd Branch (Manami Tatsuya)] Naisho no Kimochi 2 (Zero no Tsukaima)","japanese":"(\u30b5\u30f3\u30af\u30ea34) [\u5343\u6b73\u70cf\u5c71\u7b2c2\u51fa\u5f35\u6240 (\u771f\u672a\u305f\u3064\u3084)] \u30ca\u30a4\u30b7\u30e7\u30ce\u30ad\u30e2\u30c12 (\u30bc\u30ed\u306e\u4f7f\u3044\u9b54)","pretty":"Naisho no Kimochi 2"},"images":{"pages":[{"t":"j","w":1123,"h":1600},{"t":"j","w":1122,"h":1600},{"t":"j","w":1122,"h":1600},{"t":"j","w":1122,"h":1600},{"t":"j","w":1122,"h":1600},{"t":"j","w":1122,"h":1600},{"t":"j","w":1122,"h":1600},{"t":"j","w":1122,"h":1600},{"t":"j","w":1122,"h":1600},{"t":"j","w":1122,"h":1600},{"t":"j","w":1122,"h":1600},{"t":"j","w":1122,"h":1600},{"t":"j","w":1122,"h":1600},{"t":"j","w":1122,"h":1600},{"t":"j","w":1122,"h":1600},{"t":"j","w":1122,"h":1600},{"t":"j","w":1122,"h":1600},{"t":"j","w":1122,"h":1600},{"t":"j","w":1122,"h":1600},{"t":"j","w":1122,"h":1600},{"t":"j","w":1122,"h":1600},{"t":"j","w":1122,"h":1600},{"t":"j","w":1122,"h":1600},{"t":"j","w":1122,"h":1600},{"t":"j","w":1122,"h":1600},{"t":"j","w":1123,"h":1600}],"cover":{"t":"j","w":350,"h":499},"thumbnail":{"t":"j","w":250,"h":356}},"scanlator":"","upload_date":1403965026,"tags":[{"id":189,"type":"artist","name":"manami tatsuya","url":"/artist/manami-tatsuya/","count":117},{"id":18722,"type":"character","name":"louise francoise le blanc de la valliere","url":"/character/louise-francoise-le-blanc-de-la-valliere/","count":255},{"id":19440,"type":"tag","name":"lolicon","url":"/tag/lolicon/","count":69490},{"id":28474,"type":"parody","name":"zero no tsukaima","url":"/parody/zero-no-tsukaima/","count":400},{"id":28949,"type":"group","name":"titokara 2nd branch","url":"/group/titokara-2nd-branch/","count":95},{"id":6346,"type":"language","name":"japanese","url":"/language/japanese/","count":191613},{"id":33172,"type":"category","name":"doujinshi","url":"/category/doujinshi/","count":228729},{"id":15129,"type":"character","name":"saito hiraga","url":"/character/saito-hiraga/","count":205},{"id":24201,"type":"tag","name":"stockings","url":"/tag/stockings/","count":64784},{"id":10314,"type":"tag","name":"schoolgirl uniform","url":"/tag/schoolgirl-uniform/","count":56168},{"id":35762,"type":"tag","name":"sole female","url":"/tag/sole-female/","count":66202},{"id":35763,"type":"tag","name":"sole male","url":"/tag/sole-male/","count":60070}],"num_pages":26,"num_favorites":58}