{"id":263,"media_id":"1092","title":{"english":"(CosCafe16) [Takane no Hanazono (Takane Nohana)] Shokugan no Shana II (Shakugan no Shana)","japanese":"(\u30b3\u30b9\u30ab16\u53f7\u5e97) [\u305f\u304b\u306d\u306e\u82b1\u5712 (\u305f\u304b\u306d\u306e\u306f\u306a)] \u89e6\u9858\u306e\u30b7\u30e3\u30caII (\u707c\u773c\u306e\u30b7\u30e3\u30ca)","pretty":"Shokugan no Shana II"},"images":{"pages":[{"t":"j","w":724,"h":1024},{"t":"j","w":720,"h":1024},{"t":"j","w":694,"h":1024},{"t":"j","w":694,"h":1024},{"t":"j","w":694,"h":1024},{"t":"j","w":694,"h":1024},{"t":"j","w":694,"h":1024},{"t":"j","w":694,"h":1024},{"t":"j","w":694,"h":1024},{"t":"j","w":694,"h":1024},{"t":"j","w":694,"h":1024},{"t":"j","w":694,"h":1024},{"t":"j","w":694,"h":1024},{"t":"j","w":694,"h":1024},{"t":"j","w":694,"h":1024},{"t":"j","w":694,"h":1024},{"t":"j","w":694,"h":1024},{"t":"j","w":694,"h":1024},{"t":"j","w":694,"h":1024},{"t":"j","w":694,"h":1024},{"t":"j","w":694,"h":1024},{"t":"j","w":694,"h":1024},{"t":"j","w":694,"h":1024},{"t":"j","w":694,"h":1024},{"t":"j","w":694,"h":1024},{"t":"j","w":694,"h":1024},{"t":"j","w":694,"h":1024}],"cover":{"t":"j","w":350,"h":495},"thumbnail":{"t":"j","w":250,"h":354}},"scanlator":"","upload_date":1403965027,"tags":[{"id":190,"type":"tag","name":"maid","url":"/tag/maid/","count":10631},{"id":2937,"type":"tag","name":"big breasts","url":"/tag/big-breasts/","count":103273},{"id":7390,"type":"artist","name":"takane nohana","url":"/artist/takane-nohana/","count":186},{"id":13940,"type":"parody","name":"shakugan no shana","url":"/parody/shakugan-no-shana/","count":131},{"id":19440,"type":"tag","name":"lolicon","url":"/tag/lolicon/","count":69490},{"id":20035,"type":"tag","name":"x-ray","url":"/tag/x-ray/","count":20947},{"id":22791,"type":"character","name":"wilhelmina carmel","url":"/character/wilhelmina-carmel/","count":13},{"id":25614,"type":"tag","name":"paizuri","url":"/tag/paizuri/","count":22785},{"id":30293,"type":"group","name":"takane no hanazono","url":"/group/takane-no-hanazono/","count":88},{"id":31153,"type":"character","name":"shana","url":"/character/shana/","count":118},{"id":6346,"type":"language","name":"japanese","url":"/language/japanese/","count":191613},{"id":33172,"type":"category","name":"doujinshi","url":"/category/doujinshi/","count":228729},{"id":10314,"type":"tag","name":"schoolgirl uniform","url":"/tag/schoolgirl-uniform/","count":56168},{"id":24201,"type":"tag","name":"stockings","url":"/tag/stockings/","count":64784}],"num_pages":27,"num_favorites":38}