{"id":264,"media_id":"1062","title":{"english":"(SC33) [ASGO (Zanzi)] Zero no Tsukainma (Zero no Tsukaima)","japanese":"(\u30b5\u30f3\u30af\u30ea33) [ASGO (\u66ab\u6642)] \u30bc\u30ed\u306e\u4f7f\u6deb\u9b54 (\u30bc\u30ed\u306e\u4f7f\u3044\u9b54)","pretty":"Zero no Tsukainma"},"images":{"pages":[{"t":"j","w":1122,"h":1600},{"t":"j","w":1122,"h":1600},{"t":"j","w":1122,"h":1600},{"t":"j","w":1122,"h":1600},{"t":"j","w":1122,"h":1600},{"t":"j","w":1122,"h":1600},{"t":"j","w":1122,"h":1600},{"t":"j","w":1122,"h":1600},{"t":"j","w":1122,"h":1600},{"t":"j","w":1122,"h":1600},{"t":"j","w":1122,"h":1600},{"t":"j","w":1122,"h":1600},{"t":"j","w":1122,"h":1600},{"t":"j","w":1122,"h":1600},{"t":"j","w":1122,"h":1600},{"t":"j","w":1122,"h":1600}],"cover":{"t":"j","w":350,"h":499},"thumbnail":{"t":"j","w":250,"h":357}},"scanlator":"","upload_date":1403965028,"tags":[{"id":1905,"type":"artist","name":"zanzi","url":"/artist/zanzi/","count":103},{"id":8010,"type":"tag","name":"group","url":"/tag/group/","count":72150},{"id":8378,"type":"tag","name":"glasses","url":"/tag/glasses/","count":48279},{"id":18722,"type":"character","name":"louise francoise le blanc de la valliere","url":"/character/louise-francoise-le-blanc-de-la-valliere/","count":255},{"id":19440,"type":"tag","name":"lolicon","url":"/tag/lolicon/","count":69490},{"id":25614,"type":"tag","name":"paizuri","url":"/tag/paizuri/","count":22785},{"id":26699,"type":"group","name":"asgo","url":"/group/asgo/","count":80},{"id":28474,"type":"parody","name":"zero no tsukaima","url":"/parody/zero-no-tsukaima/","count":400},{"id":32484,"type":"tag","name":"stomach deformation","url":"/tag/stomach-deformation/","count":4634},{"id":6346,"type":"language","name":"japanese","url":"/language/japanese/","count":191613},{"id":33172,"type":"category","name":"doujinshi","url":"/category/doujinshi/","count":228729}],"num_pages":16,"num_favorites":165}