{"id":265,"media_id":"1361","title":{"english":"Tales of Shalit [English] [Rewrite] [radixius]","japanese":"","pretty":"Tales of Shalit"},"images":{"pages":[{"t":"j","w":650,"h":900},{"t":"j","w":650,"h":900},{"t":"j","w":650,"h":900},{"t":"j","w":650,"h":900},{"t":"j","w":650,"h":900},{"t":"j","w":650,"h":900},{"t":"j","w":650,"h":900},{"t":"j","w":650,"h":900},{"t":"j","w":650,"h":900},{"t":"j","w":650,"h":900},{"t":"j","w":650,"h":900},{"t":"j","w":650,"h":900},{"t":"j","w":650,"h":900},{"t":"j","w":650,"h":900},{"t":"j","w":650,"h":900},{"t":"j","w":650,"h":900},{"t":"j","w":650,"h":900},{"t":"j","w":650,"h":900},{"t":"j","w":650,"h":900},{"t":"j","w":650,"h":900},{"t":"j","w":650,"h":900},{"t":"j","w":650,"h":900},{"t":"j","w":650,"h":900},{"t":"j","w":650,"h":900}],"cover":{"t":"j","w":350,"h":485},"thumbnail":{"t":"j","w":250,"h":346}},"scanlator":"","upload_date":1403965028,"tags":[{"id":2937,"type":"tag","name":"big breasts","url":"/tag/big-breasts/","count":103273},{"id":3846,"type":"parody","name":"tales of symphonia","url":"/parody/tales-of-symphonia/","count":53},{"id":10476,"type":"tag","name":"urination","url":"/tag/urination/","count":7051},{"id":12227,"type":"language","name":"english","url":"/language/english/","count":69378},{"id":33172,"type":"category","name":"doujinshi","url":"/category/doujinshi/","count":228729},{"id":31480,"type":"group","name":"clover kai","url":"/group/clover-kai/","count":24},{"id":33252,"type":"language","name":"rewrite","url":"/language/rewrite/","count":1272},{"id":29265,"type":"artist","name":"emua","url":"/artist/emua/","count":287},{"id":14283,"type":"tag","name":"anal","url":"/tag/anal/","count":64587}],"num_pages":24,"num_favorites":119}