{"id":266,"media_id":"1242","title":{"english":"(CT7) [HIGHWAY-SENMU (Maban, Saikoubi)] H-Sen 9 - Erotical Miyasato Bros. (Bleach)","japanese":"(\u30b3\u30df\u30c8\u30ec7) [HIGHWAY\u5c02\u52d9 (\u307e\u3070\u3093, \u6700\u5f8c\u5c3e)] H\u5c02 9 (\u30d6\u30ea\u30fc\u30c1)","pretty":"HErotical Miyasato Bros."},"images":{"pages":[{"t":"j","w":1141,"h":1600},{"t":"j","w":1127,"h":1600},{"t":"j","w":1127,"h":1600},{"t":"j","w":1127,"h":1600},{"t":"j","w":1127,"h":1600},{"t":"j","w":1127,"h":1600},{"t":"j","w":1127,"h":1600},{"t":"j","w":1127,"h":1600},{"t":"j","w":1127,"h":1600},{"t":"j","w":1127,"h":1600},{"t":"j","w":1127,"h":1600},{"t":"j","w":1127,"h":1600},{"t":"j","w":1127,"h":1600},{"t":"j","w":1127,"h":1600},{"t":"j","w":1127,"h":1600},{"t":"j","w":1127,"h":1600},{"t":"j","w":1127,"h":1600},{"t":"j","w":1127,"h":1600},{"t":"j","w":1127,"h":1600},{"t":"j","w":1127,"h":1600},{"t":"j","w":1127,"h":1600},{"t":"j","w":1127,"h":1600},{"t":"j","w":1127,"h":1600},{"t":"j","w":1127,"h":1600},{"t":"j","w":1127,"h":1600},{"t":"j","w":1127,"h":1600},{"t":"j","w":1127,"h":1600},{"t":"j","w":1127,"h":1600},{"t":"j","w":1127,"h":1600},{"t":"j","w":1141,"h":1600}],"cover":{"t":"j","w":350,"h":491},"thumbnail":{"t":"j","w":250,"h":351}},"scanlator":"","upload_date":1403965029,"tags":[{"id":831,"type":"group","name":"highway-senmu","url":"/group/highway-senmu/","count":15},{"id":2937,"type":"tag","name":"big breasts","url":"/tag/big-breasts/","count":103273},{"id":3582,"type":"character","name":"orihime inoue","url":"/character/orihime-inoue/","count":184},{"id":5037,"type":"parody","name":"bleach","url":"/parody/bleach/","count":722},{"id":8010,"type":"tag","name":"group","url":"/tag/group/","count":72150},{"id":25605,"type":"character","name":"rangiku matsumoto","url":"/character/rangiku-matsumoto/","count":237},{"id":6346,"type":"language","name":"japanese","url":"/language/japanese/","count":191613},{"id":33172,"type":"category","name":"doujinshi","url":"/category/doujinshi/","count":228729},{"id":15348,"type":"tag","name":"ffm threesome","url":"/tag/ffm-threesome/","count":17957},{"id":20120,"type":"tag","name":"multiple paizuri","url":"/tag/multiple-paizuri/","count":484},{"id":1806,"type":"artist","name":"maban","url":"/artist/maban/","count":46},{"id":16649,"type":"artist","name":"saikoubi","url":"/artist/saikoubi/","count":15}],"num_pages":30,"num_favorites":74}