{"id":267,"media_id":"1426","title":{"english":"(CR35) [BIG BOSS (Hontai Bai)] if CODE 04 Ayaka (Mahou Sensei Negima!) [English] [Yuecchi.blogspot.com]","japanese":"(C\u30ec\u30f4\u30a935) [BIG\u30fbBOSS (\u672c\u4f53\u58f2)] if CODE:04 \u3042\u3048\u304b (\u9b54\u6cd5\u5148\u751f\u30cd\u30ae\u307e!) [\u82f1\u8a33]","pretty":"if CODE 04 Ayaka"},"images":{"pages":[{"t":"j","w":1062,"h":1497},{"t":"j","w":1062,"h":1497},{"t":"j","w":1000,"h":1411},{"t":"j","w":1000,"h":1406},{"t":"j","w":1000,"h":1411},{"t":"j","w":1000,"h":1406},{"t":"j","w":1000,"h":1405},{"t":"j","w":1000,"h":1405},{"t":"j","w":1000,"h":1395},{"t":"j","w":1000,"h":1404},{"t":"j","w":1000,"h":1407},{"t":"j","w":1000,"h":1402},{"t":"j","w":1000,"h":1402},{"t":"j","w":1000,"h":1407},{"t":"j","w":1000,"h":1401},{"t":"j","w":1000,"h":1398},{"t":"j","w":1000,"h":1425},{"t":"j","w":1000,"h":1406},{"t":"j","w":1000,"h":1405},{"t":"j","w":1000,"h":1399},{"t":"j","w":1000,"h":1407},{"t":"j","w":1000,"h":1404},{"t":"j","w":1000,"h":1412},{"t":"j","w":1000,"h":1400},{"t":"j","w":1000,"h":1412},{"t":"j","w":1000,"h":1414},{"t":"j","w":1000,"h":1406}],"cover":{"t":"j","w":350,"h":493},"thumbnail":{"t":"j","w":250,"h":352}},"scanlator":"","upload_date":1403965030,"tags":[{"id":2937,"type":"tag","name":"big breasts","url":"/tag/big-breasts/","count":103273},{"id":8588,"type":"character","name":"ayaka yukihiro","url":"/character/ayaka-yukihiro/","count":52},{"id":12227,"type":"language","name":"english","url":"/language/english/","count":69378},{"id":16166,"type":"parody","name":"mahou sensei negima","url":"/parody/mahou-sensei-negima/","count":588},{"id":17249,"type":"language","name":"translated","url":"/language/translated/","count":109734},{"id":25614,"type":"tag","name":"paizuri","url":"/tag/paizuri/","count":22785},{"id":28611,"type":"group","name":"big boss","url":"/group/big-boss/","count":71},{"id":29122,"type":"artist","name":"hontai bai","url":"/artist/hontai-bai/","count":69},{"id":32341,"type":"tag","name":"shotacon","url":"/tag/shotacon/","count":39737},{"id":33172,"type":"category","name":"doujinshi","url":"/category/doujinshi/","count":228729},{"id":32168,"type":"character","name":"negi springfield","url":"/character/negi-springfield/","count":105},{"id":13720,"type":"tag","name":"nakadashi","url":"/tag/nakadashi/","count":42357}],"num_pages":27,"num_favorites":347}