{"id":268,"media_id":"1483","title":{"english":"[Ozaki Akira] Bakumatsu Gakuenden Ryoko Mairu 1","japanese":"[\u5c3e\u5d0e\u6676] \u5e55\u672b\u5b66\u5712\u4f1d\u30ea\u30e7\u30fc\u30b3\u53c2\u308b 1","pretty":"Bakumatsu Gakuenden Ryoko Mairu 1"},"images":{"pages":[{"t":"j","w":856,"h":1200},{"t":"j","w":545,"h":1200},{"t":"j","w":855,"h":1200},{"t":"j","w":845,"h":1200},{"t":"j","w":847,"h":1200},{"t":"j","w":840,"h":1200},{"t":"j","w":840,"h":1200},{"t":"j","w":840,"h":1200},{"t":"j","w":840,"h":1200},{"t":"j","w":840,"h":1200},{"t":"j","w":840,"h":1200},{"t":"j","w":840,"h":1200},{"t":"j","w":840,"h":1200},{"t":"j","w":840,"h":1200},{"t":"j","w":840,"h":1200},{"t":"j","w":840,"h":1200},{"t":"j","w":840,"h":1200},{"t":"j","w":840,"h":1200},{"t":"j","w":840,"h":1200},{"t":"j","w":840,"h":1200},{"t":"j","w":840,"h":1200},{"t":"j","w":840,"h":1200},{"t":"j","w":840,"h":1200},{"t":"j","w":840,"h":1200},{"t":"j","w":840,"h":1200},{"t":"j","w":840,"h":1200},{"t":"j","w":840,"h":1200},{"t":"j","w":840,"h":1200},{"t":"j","w":840,"h":1200},{"t":"j","w":840,"h":1200},{"t":"j","w":840,"h":1200},{"t":"j","w":840,"h":1200},{"t":"j","w":840,"h":1200},{"t":"j","w":840,"h":1200},{"t":"j","w":840,"h":1200},{"t":"j","w":840,"h":1200},{"t":"j","w":840,"h":1200},{"t":"j","w":840,"h":1200},{"t":"j","w":840,"h":1200},{"t":"j","w":840,"h":1200},{"t":"j","w":840,"h":1200},{"t":"j","w":840,"h":1200},{"t":"j","w":840,"h":1200},{"t":"j","w":840,"h":1200},{"t":"j","w":840,"h":1200},{"t":"j","w":840,"h":1200},{"t":"j","w":840,"h":1200},{"t":"j","w":840,"h":1200},{"t":"j","w":840,"h":1200},{"t":"j","w":840,"h":1200},{"t":"j","w":840,"h":1200},{"t":"j","w":840,"h":1200},{"t":"j","w":840,"h":1200},{"t":"j","w":840,"h":1200},{"t":"j","w":840,"h":1200},{"t":"j","w":840,"h":1200},{"t":"j","w":840,"h":1200},{"t":"j","w":840,"h":1200},{"t":"j","w":840,"h":1200},{"t":"j","w":840,"h":1200},{"t":"j","w":840,"h":1200},{"t":"j","w":840,"h":1200},{"t":"j","w":840,"h":1200},{"t":"j","w":840,"h":1200},{"t":"j","w":840,"h":1200},{"t":"j","w":840,"h":1200},{"t":"j","w":840,"h":1200},{"t":"j","w":840,"h":1200},{"t":"j","w":840,"h":1200},{"t":"j","w":840,"h":1200},{"t":"j","w":840,"h":1200},{"t":"j","w":840,"h":1200},{"t":"j","w":840,"h":1200},{"t":"j","w":840,"h":1200},{"t":"j","w":840,"h":1200},{"t":"j","w":840,"h":1200},{"t":"j","w":840,"h":1200},{"t":"j","w":840,"h":1200},{"t":"j","w":840,"h":1200},{"t":"j","w":840,"h":1200},{"t":"j","w":840,"h":1200},{"t":"j","w":840,"h":1200},{"t":"j","w":840,"h":1200},{"t":"j","w":840,"h":1200},{"t":"j","w":840,"h":1200},{"t":"j","w":840,"h":1200},{"t":"j","w":840,"h":1200},{"t":"j","w":840,"h":1200},{"t":"j","w":840,"h":1200},{"t":"j","w":840,"h":1200},{"t":"j","w":840,"h":1200},{"t":"j","w":840,"h":1200},{"t":"j","w":840,"h":1200},{"t":"j","w":840,"h":1200},{"t":"j","w":840,"h":1200},{"t":"j","w":840,"h":1200},{"t":"j","w":840,"h":1200},{"t":"j","w":840,"h":1200},{"t":"j","w":840,"h":1200},{"t":"j","w":840,"h":1200},{"t":"j","w":840,"h":1200},{"t":"j","w":840,"h":1200},{"t":"j","w":840,"h":1200},{"t":"j","w":840,"h":1200},{"t":"j","w":840,"h":1200},{"t":"j","w":840,"h":1200},{"t":"j","w":840,"h":1200},{"t":"j","w":840,"h":1200},{"t":"j","w":840,"h":1200},{"t":"j","w":840,"h":1200},{"t":"j","w":840,"h":1200},{"t":"j","w":840,"h":1200},{"t":"j","w":840,"h":1200},{"t":"j","w":840,"h":1200},{"t":"j","w":840,"h":1200},{"t":"j","w":840,"h":1200},{"t":"j","w":840,"h":1200},{"t":"j","w":840,"h":1200},{"t":"j","w":840,"h":1200},{"t":"j","w":840,"h":1200},{"t":"j","w":840,"h":1200},{"t":"j","w":840,"h":1200},{"t":"j","w":840,"h":1200},{"t":"j","w":840,"h":1200},{"t":"j","w":840,"h":1200},{"t":"j","w":840,"h":1200},{"t":"j","w":840,"h":1200},{"t":"j","w":840,"h":1200},{"t":"j","w":840,"h":1200},{"t":"j","w":840,"h":1200},{"t":"j","w":840,"h":1200},{"t":"j","w":840,"h":1200},{"t":"j","w":840,"h":1200},{"t":"j","w":840,"h":1200},{"t":"j","w":840,"h":1200},{"t":"j","w":840,"h":1200},{"t":"j","w":840,"h":1200},{"t":"j","w":840,"h":1200},{"t":"j","w":840,"h":1200},{"t":"j","w":840,"h":1200},{"t":"j","w":840,"h":1200},{"t":"j","w":840,"h":1200},{"t":"j","w":840,"h":1200},{"t":"j","w":840,"h":1200},{"t":"j","w":840,"h":1200},{"t":"j","w":840,"h":1200},{"t":"j","w":840,"h":1200},{"t":"j","w":840,"h":1200},{"t":"j","w":840,"h":1200},{"t":"j","w":840,"h":1200},{"t":"j","w":840,"h":1200},{"t":"j","w":840,"h":1200},{"t":"j","w":840,"h":1200},{"t":"j","w":840,"h":1200},{"t":"j","w":840,"h":1200},{"t":"j","w":840,"h":1200},{"t":"j","w":840,"h":1200},{"t":"j","w":840,"h":1200},{"t":"j","w":840,"h":1200},{"t":"j","w":840,"h":1200},{"t":"j","w":840,"h":1200},{"t":"j","w":840,"h":1200},{"t":"j","w":840,"h":1200},{"t":"j","w":840,"h":1200},{"t":"j","w":840,"h":1200},{"t":"j","w":941,"h":1200},{"t":"j","w":547,"h":1200},{"t":"j","w":942,"h":1200}],"cover":{"t":"j","w":350,"h":491},"thumbnail":{"t":"j","w":250,"h":351}},"scanlator":"","upload_date":1403965031,"tags":[{"id":2937,"type":"tag","name":"big breasts","url":"/tag/big-breasts/","count":103273},{"id":3735,"type":"tag","name":"swimsuit","url":"/tag/swimsuit/","count":19363},{"id":8010,"type":"tag","name":"group","url":"/tag/group/","count":72150},{"id":8378,"type":"tag","name":"glasses","url":"/tag/glasses/","count":48279},{"id":15242,"type":"tag","name":"lab coat","url":"/tag/lab-coat/","count":1092},{"id":23237,"type":"tag","name":"tankoubon","url":"/tag/tankoubon/","count":25051},{"id":24117,"type":"artist","name":"ozaki akira","url":"/artist/ozaki-akira/","count":242},{"id":25614,"type":"tag","name":"paizuri","url":"/tag/paizuri/","count":22785},{"id":27553,"type":"tag","name":"rape","url":"/tag/rape/","count":34191},{"id":6346,"type":"language","name":"japanese","url":"/language/japanese/","count":191613},{"id":33173,"type":"category","name":"manga","url":"/category/manga/","count":77142},{"id":8739,"type":"tag","name":"story arc","url":"/tag/story-arc/","count":9382}],"num_pages":168,"num_favorites":57}