{"id":269,"media_id":"1530","title":{"english":"[TYPE 90] Shoujo Jiru - Juice of Girl","japanese":"[TYPE.90] \u5c11\u5973\u6c41","pretty":"Shoujo Jiru - Juice of Girl"},"images":{"pages":[{"t":"j","w":974,"h":1229},{"t":"j","w":874,"h":1229},{"t":"j","w":790,"h":1222},{"t":"j","w":790,"h":1222},{"t":"j","w":790,"h":1222},{"t":"j","w":790,"h":1222},{"t":"j","w":790,"h":1222},{"t":"j","w":790,"h":1222},{"t":"j","w":790,"h":1222},{"t":"j","w":790,"h":1222},{"t":"j","w":790,"h":1222},{"t":"j","w":790,"h":1222},{"t":"j","w":790,"h":1222},{"t":"j","w":790,"h":1222},{"t":"j","w":790,"h":1222},{"t":"j","w":790,"h":1222},{"t":"j","w":790,"h":1222},{"t":"j","w":790,"h":1222},{"t":"j","w":790,"h":1222},{"t":"j","w":790,"h":1222},{"t":"j","w":790,"h":1222},{"t":"j","w":790,"h":1222},{"t":"j","w":790,"h":1222},{"t":"j","w":790,"h":1222},{"t":"j","w":790,"h":1222},{"t":"j","w":790,"h":1222},{"t":"j","w":790,"h":1222},{"t":"j","w":790,"h":1222},{"t":"j","w":790,"h":1222},{"t":"j","w":790,"h":1222},{"t":"j","w":790,"h":1222},{"t":"j","w":790,"h":1222},{"t":"j","w":790,"h":1222},{"t":"j","w":790,"h":1222},{"t":"j","w":790,"h":1222},{"t":"j","w":790,"h":1222},{"t":"j","w":790,"h":1222},{"t":"j","w":790,"h":1222},{"t":"j","w":790,"h":1222},{"t":"j","w":790,"h":1222},{"t":"j","w":790,"h":1222},{"t":"j","w":790,"h":1222},{"t":"j","w":790,"h":1222},{"t":"j","w":790,"h":1222},{"t":"j","w":790,"h":1222},{"t":"j","w":790,"h":1222},{"t":"j","w":790,"h":1222},{"t":"j","w":790,"h":1222},{"t":"j","w":790,"h":1222},{"t":"j","w":790,"h":1222},{"t":"j","w":790,"h":1222},{"t":"j","w":790,"h":1222},{"t":"j","w":790,"h":1222},{"t":"j","w":790,"h":1222},{"t":"j","w":790,"h":1222},{"t":"j","w":790,"h":1222},{"t":"j","w":790,"h":1222},{"t":"j","w":790,"h":1222},{"t":"j","w":790,"h":1222},{"t":"j","w":790,"h":1222},{"t":"j","w":790,"h":1222},{"t":"j","w":790,"h":1222},{"t":"j","w":790,"h":1222},{"t":"j","w":790,"h":1222},{"t":"j","w":790,"h":1222},{"t":"j","w":790,"h":1222},{"t":"j","w":790,"h":1222},{"t":"j","w":790,"h":1222},{"t":"j","w":790,"h":1222},{"t":"j","w":790,"h":1222},{"t":"j","w":790,"h":1222},{"t":"j","w":790,"h":1222},{"t":"j","w":790,"h":1222},{"t":"j","w":790,"h":1222},{"t":"j","w":790,"h":1222},{"t":"j","w":790,"h":1222},{"t":"j","w":790,"h":1222},{"t":"j","w":790,"h":1222},{"t":"j","w":790,"h":1222},{"t":"j","w":790,"h":1222},{"t":"j","w":790,"h":1222},{"t":"j","w":790,"h":1222},{"t":"j","w":790,"h":1222},{"t":"j","w":790,"h":1222},{"t":"j","w":790,"h":1222},{"t":"j","w":790,"h":1222},{"t":"j","w":790,"h":1222},{"t":"j","w":790,"h":1222},{"t":"j","w":790,"h":1222},{"t":"j","w":790,"h":1222},{"t":"j","w":790,"h":1222},{"t":"j","w":790,"h":1222},{"t":"j","w":790,"h":1222},{"t":"j","w":790,"h":1222},{"t":"j","w":790,"h":1222},{"t":"j","w":790,"h":1222},{"t":"j","w":790,"h":1222},{"t":"j","w":790,"h":1222},{"t":"j","w":790,"h":1222},{"t":"j","w":790,"h":1222},{"t":"j","w":790,"h":1222},{"t":"j","w":790,"h":1222},{"t":"j","w":790,"h":1222},{"t":"j","w":790,"h":1222},{"t":"j","w":790,"h":1222},{"t":"j","w":790,"h":1222},{"t":"j","w":790,"h":1222},{"t":"j","w":790,"h":1222},{"t":"j","w":790,"h":1222},{"t":"j","w":790,"h":1222},{"t":"j","w":790,"h":1222},{"t":"j","w":790,"h":1222},{"t":"j","w":790,"h":1222},{"t":"j","w":790,"h":1222},{"t":"j","w":790,"h":1222},{"t":"j","w":790,"h":1222},{"t":"j","w":790,"h":1222},{"t":"j","w":790,"h":1222},{"t":"j","w":790,"h":1222},{"t":"j","w":790,"h":1222},{"t":"j","w":790,"h":1222},{"t":"j","w":790,"h":1222},{"t":"j","w":790,"h":1222},{"t":"j","w":790,"h":1222},{"t":"j","w":790,"h":1222},{"t":"j","w":790,"h":1222},{"t":"j","w":790,"h":1222},{"t":"j","w":790,"h":1222},{"t":"j","w":790,"h":1222},{"t":"j","w":790,"h":1222},{"t":"j","w":790,"h":1222},{"t":"j","w":790,"h":1222},{"t":"j","w":790,"h":1222},{"t":"j","w":790,"h":1222},{"t":"j","w":790,"h":1222},{"t":"j","w":790,"h":1222},{"t":"j","w":790,"h":1222},{"t":"j","w":790,"h":1222},{"t":"j","w":790,"h":1222},{"t":"j","w":790,"h":1222},{"t":"j","w":790,"h":1222},{"t":"j","w":790,"h":1222},{"t":"j","w":790,"h":1222},{"t":"j","w":790,"h":1222},{"t":"j","w":790,"h":1222},{"t":"j","w":790,"h":1222},{"t":"j","w":790,"h":1222},{"t":"j","w":790,"h":1222},{"t":"j","w":790,"h":1222},{"t":"j","w":790,"h":1222},{"t":"j","w":790,"h":1222},{"t":"j","w":790,"h":1222},{"t":"j","w":790,"h":1222},{"t":"j","w":790,"h":1222},{"t":"j","w":790,"h":1222},{"t":"j","w":790,"h":1222},{"t":"j","w":790,"h":1222},{"t":"j","w":790,"h":1222},{"t":"j","w":875,"h":1229},{"t":"j","w":874,"h":1229},{"t":"j","w":875,"h":1229}],"cover":{"t":"j","w":350,"h":442},"thumbnail":{"t":"j","w":250,"h":315}},"scanlator":"","upload_date":1403965035,"tags":[{"id":190,"type":"tag","name":"maid","url":"/tag/maid/","count":10550},{"id":2820,"type":"tag","name":"scat","url":"/tag/scat/","count":5915},{"id":2937,"type":"tag","name":"big breasts","url":"/tag/big-breasts/","count":103273},{"id":5820,"type":"tag","name":"piercing","url":"/tag/piercing/","count":5567},{"id":7995,"type":"tag","name":"big nipples","url":"/tag/big-nipples/","count":1887},{"id":8010,"type":"tag","name":"group","url":"/tag/group/","count":72150},{"id":8378,"type":"tag","name":"glasses","url":"/tag/glasses/","count":48279},{"id":9406,"type":"tag","name":"enema","url":"/tag/enema/","count":3420},{"id":13477,"type":"artist","name":"type.90","url":"/artist/type-90/","count":368},{"id":14283,"type":"tag","name":"anal","url":"/tag/anal/","count":64587},{"id":15658,"type":"tag","name":"bondage","url":"/tag/bondage/","count":34540},{"id":19440,"type":"tag","name":"lolicon","url":"/tag/lolicon/","count":69490},{"id":19954,"type":"tag","name":"yuri","url":"/tag/yuri/","count":20241},{"id":22942,"type":"tag","name":"incest","url":"/tag/incest/","count":28107},{"id":22950,"type":"tag","name":"tanlines","url":"/tag/tanlines/","count":5676},{"id":23237,"type":"tag","name":"tankoubon","url":"/tag/tankoubon/","count":25051},{"id":27553,"type":"tag","name":"rape","url":"/tag/rape/","count":34191},{"id":31386,"type":"tag","name":"catgirl","url":"/tag/catgirl/","count":8286},{"id":32602,"type":"tag","name":"fisting","url":"/tag/fisting/","count":2230},{"id":6346,"type":"language","name":"japanese","url":"/language/japanese/","count":191613},{"id":33173,"type":"category","name":"manga","url":"/category/manga/","count":77142},{"id":10314,"type":"tag","name":"schoolgirl uniform","url":"/tag/schoolgirl-uniform/","count":56168},{"id":24201,"type":"tag","name":"stockings","url":"/tag/stockings/","count":64784}],"num_pages":161,"num_favorites":323}