{"id":270,"media_id":"1568","title":{"english":"(C62) [Daihonei (TYPE.90)] EMPIRE HARD CORE 02 (Onegai Teacher)","japanese":"(C62) [\u5927\u672c\u55b6 (TYPE.90)] EMPIRE HARD CORE 02 (\u304a\u306d\u304c\u3044\u2606\u30c6\u30a3\u30fc\u30c1\u30e3\u30fc)","pretty":"EMPIRE HARD CORE 02"},"images":{"pages":[{"t":"j","w":633,"h":776},{"t":"j","w":633,"h":776},{"t":"j","w":633,"h":776},{"t":"j","w":633,"h":776},{"t":"j","w":633,"h":776},{"t":"j","w":633,"h":776},{"t":"j","w":633,"h":776},{"t":"j","w":633,"h":776},{"t":"j","w":633,"h":776},{"t":"j","w":633,"h":776},{"t":"j","w":633,"h":776},{"t":"j","w":633,"h":776},{"t":"j","w":633,"h":776},{"t":"j","w":633,"h":776},{"t":"j","w":633,"h":776},{"t":"j","w":633,"h":776},{"t":"j","w":633,"h":776},{"t":"j","w":633,"h":776},{"t":"j","w":633,"h":776},{"t":"j","w":633,"h":776},{"t":"j","w":633,"h":776},{"t":"j","w":633,"h":776},{"t":"j","w":633,"h":776},{"t":"j","w":633,"h":776},{"t":"j","w":633,"h":776},{"t":"j","w":633,"h":776},{"t":"j","w":633,"h":776},{"t":"j","w":633,"h":776},{"t":"j","w":633,"h":776},{"t":"j","w":633,"h":776},{"t":"j","w":633,"h":776},{"t":"j","w":633,"h":776},{"t":"j","w":633,"h":776},{"t":"j","w":633,"h":776}],"cover":{"t":"j","w":350,"h":429},"thumbnail":{"t":"j","w":250,"h":306}},"scanlator":"","upload_date":1403965040,"tags":[{"id":1088,"type":"tag","name":"bdsm","url":"/tag/bdsm/","count":1933},{"id":2820,"type":"tag","name":"scat","url":"/tag/scat/","count":5915},{"id":2937,"type":"tag","name":"big breasts","url":"/tag/big-breasts/","count":103273},{"id":4966,"type":"parody","name":"onegai teacher","url":"/parody/onegai-teacher/","count":262},{"id":8010,"type":"tag","name":"group","url":"/tag/group/","count":72150},{"id":8378,"type":"tag","name":"glasses","url":"/tag/glasses/","count":48279},{"id":13477,"type":"artist","name":"type.90","url":"/artist/type-90/","count":368},{"id":14283,"type":"tag","name":"anal","url":"/tag/anal/","count":64587},{"id":15658,"type":"tag","name":"bondage","url":"/tag/bondage/","count":34540},{"id":19440,"type":"tag","name":"lolicon","url":"/tag/lolicon/","count":69490},{"id":19954,"type":"tag","name":"yuri","url":"/tag/yuri/","count":20241},{"id":21989,"type":"tag","name":"inflation","url":"/tag/inflation/","count":5149},{"id":26660,"type":"character","name":"mizuho kazami","url":"/character/mizuho-kazami/","count":213},{"id":27553,"type":"tag","name":"rape","url":"/tag/rape/","count":34191},{"id":28556,"type":"group","name":"daihonei","url":"/group/daihonei/","count":116},{"id":28778,"type":"tag","name":"large insertions","url":"/tag/large-insertions/","count":1462},{"id":6346,"type":"language","name":"japanese","url":"/language/japanese/","count":191613},{"id":33172,"type":"category","name":"doujinshi","url":"/category/doujinshi/","count":228729},{"id":24044,"type":"character","name":"koishi herikawa","url":"/character/koishi-herikawa/","count":32},{"id":27288,"type":"character","name":"ichigo morino","url":"/character/ichigo-morino/","count":65},{"id":14971,"type":"tag","name":"sex toys","url":"/tag/sex-toys/","count":20823}],"num_pages":34,"num_favorites":134}