{"id":162,"media_id":"485","title":{"english":"(SC23) [I&amp;I (Naohiro)] SHINJI 01 (Neon Genesis Evangelion)","japanese":"(\u30b5\u30f3\u30af\u30ea23) [I&amp;I (Naohiro)] SHINJI 01 (\u65b0\u4e16\u7d00\u30a8\u30f4\u30a1\u30f3\u30b2\u30ea\u30aa\u30f3)","pretty":"SHINJI 01"},"images":{"pages":[{"t":"j","w":983,"h":1400},{"t":"j","w":908,"h":1400},{"t":"j","w":928,"h":1400},{"t":"j","w":955,"h":1400},{"t":"j","w":938,"h":1400},{"t":"j","w":955,"h":1400},{"t":"j","w":944,"h":1400},{"t":"j","w":959,"h":1400},{"t":"j","w":941,"h":1400},{"t":"j","w":954,"h":1400},{"t":"j","w":944,"h":1400},{"t":"j","w":959,"h":1400},{"t":"j","w":940,"h":1400},{"t":"j","w":948,"h":1400},{"t":"j","w":945,"h":1400},{"t":"j","w":952,"h":1400},{"t":"j","w":937,"h":1400},{"t":"j","w":948,"h":1400},{"t":"j","w":947,"h":1400},{"t":"j","w":952,"h":1400},{"t":"j","w":938,"h":1400},{"t":"j","w":986,"h":1400}],"cover":{"t":"j","w":350,"h":498},"thumbnail":{"t":"j","w":250,"h":356}},"scanlator":"","upload_date":1403964889,"tags":[{"id":2937,"type":"tag","name":"big breasts","url":"/tag/big-breasts/","count":103273},{"id":3206,"type":"character","name":"shinji ikari","url":"/character/shinji-ikari/","count":1229},{"id":8010,"type":"tag","name":"group","url":"/tag/group/","count":72150},{"id":12720,"type":"group","name":"i and i","url":"/group/i-and-i/","count":17},{"id":17137,"type":"parody","name":"neon genesis evangelion","url":"/parody/neon-genesis-evangelion/","count":2489},{"id":21779,"type":"character","name":"rei ayanami","url":"/character/rei-ayanami/","count":1195},{"id":28407,"type":"artist","name":"naohiro","url":"/artist/naohiro/","count":24},{"id":32341,"type":"tag","name":"shotacon","url":"/tag/shotacon/","count":39737},{"id":6346,"type":"language","name":"japanese","url":"/language/japanese/","count":191613},{"id":33172,"type":"category","name":"doujinshi","url":"/category/doujinshi/","count":228729},{"id":10314,"type":"tag","name":"schoolgirl uniform","url":"/tag/schoolgirl-uniform/","count":56168},{"id":35762,"type":"tag","name":"sole female","url":"/tag/sole-female/","count":66202},{"id":35763,"type":"tag","name":"sole male","url":"/tag/sole-male/","count":60070}],"num_pages":22,"num_favorites":25}