{"id":163,"media_id":"486","title":{"english":"(C66) [I&amp;I (Naohiro)] SHINJI 02 (Neon Genesis Evangelion)","japanese":"(C66) [I&amp;I (Naohiro)] SHINJI 02 (\u65b0\u4e16\u7d00\u30a8\u30f4\u30a1\u30f3\u30b2\u30ea\u30aa\u30f3)","pretty":"SHINJI 02"},"images":{"pages":[{"t":"j","w":602,"h":850},{"t":"j","w":590,"h":850},{"t":"j","w":590,"h":850},{"t":"j","w":591,"h":850},{"t":"j","w":590,"h":850},{"t":"j","w":583,"h":850},{"t":"j","w":590,"h":850},{"t":"j","w":584,"h":850},{"t":"j","w":591,"h":850},{"t":"j","w":583,"h":850},{"t":"j","w":587,"h":850},{"t":"j","w":587,"h":850},{"t":"j","w":593,"h":850},{"t":"j","w":591,"h":850},{"t":"j","w":590,"h":850},{"t":"j","w":585,"h":850},{"t":"j","w":588,"h":850},{"t":"j","w":601,"h":850}],"cover":{"t":"j","w":350,"h":494},"thumbnail":{"t":"j","w":250,"h":353}},"scanlator":"","upload_date":1403964889,"tags":[{"id":3206,"type":"character","name":"shinji ikari","url":"/character/shinji-ikari/","count":1231},{"id":12720,"type":"group","name":"i and i","url":"/group/i-and-i/","count":17},{"id":15658,"type":"tag","name":"bondage","url":"/tag/bondage/","count":34802},{"id":17137,"type":"parody","name":"neon genesis evangelion","url":"/parody/neon-genesis-evangelion/","count":2492},{"id":25125,"type":"character","name":"asuka langley soryu","url":"/character/asuka-langley-soryu/","count":1515},{"id":28407,"type":"artist","name":"naohiro","url":"/artist/naohiro/","count":24},{"id":6346,"type":"language","name":"japanese","url":"/language/japanese/","count":193003},{"id":33172,"type":"category","name":"doujinshi","url":"/category/doujinshi/","count":231184},{"id":10314,"type":"tag","name":"schoolgirl uniform","url":"/tag/schoolgirl-uniform/","count":56614},{"id":7752,"type":"tag","name":"schoolboy uniform","url":"/tag/schoolboy-uniform/","count":12400}],"num_pages":18,"num_favorites":31}