{"id":167,"media_id":"490","title":{"english":"(C70) [Nakayohi (Izurumi)] A-six Kanseiban (Neon Genesis Evangelion)","japanese":"(C70) [\u306a\u304b\u3088\u3072 (\u3044\u3065\u308b\u307f)] A-six \u5b8c\u6210\u7248 (\u65b0\u4e16\u7d00\u30a8\u30f4\u30a1\u30f3\u30b2\u30ea\u30aa\u30f3)","pretty":"A-six Kanseiban"},"images":{"pages":[{"t":"j","w":1200,"h":1718},{"t":"j","w":1200,"h":1748},{"t":"j","w":1200,"h":1746},{"t":"j","w":1200,"h":1758},{"t":"j","w":1200,"h":1744},{"t":"j","w":1200,"h":1749},{"t":"j","w":1200,"h":1754},{"t":"j","w":1200,"h":1755},{"t":"j","w":1200,"h":1747},{"t":"j","w":1200,"h":1752},{"t":"j","w":1200,"h":1743},{"t":"j","w":1200,"h":1752},{"t":"j","w":1200,"h":1737},{"t":"j","w":1200,"h":1753},{"t":"j","w":1200,"h":1741},{"t":"j","w":1200,"h":1763},{"t":"j","w":1200,"h":1743},{"t":"j","w":1200,"h":1742},{"t":"j","w":1200,"h":1741},{"t":"j","w":1200,"h":1766},{"t":"j","w":1200,"h":1754},{"t":"j","w":1200,"h":1752},{"t":"j","w":1200,"h":1748},{"t":"j","w":1200,"h":1749},{"t":"j","w":1200,"h":1750},{"t":"j","w":1200,"h":1754},{"t":"j","w":1200,"h":1756},{"t":"j","w":1200,"h":1707}],"cover":{"t":"j","w":350,"h":501},"thumbnail":{"t":"j","w":250,"h":358}},"scanlator":"","upload_date":1403964893,"tags":[{"id":190,"type":"tag","name":"maid","url":"/tag/maid/","count":10550},{"id":8378,"type":"tag","name":"glasses","url":"/tag/glasses/","count":48279},{"id":8653,"type":"tag","name":"netorare","url":"/tag/netorare/","count":15879},{"id":16332,"type":"character","name":"hikari horaki","url":"/character/hikari-horaki/","count":104},{"id":16710,"type":"group","name":"nakayohi","url":"/group/nakayohi/","count":95},{"id":17137,"type":"parody","name":"neon genesis evangelion","url":"/parody/neon-genesis-evangelion/","count":2489},{"id":21875,"type":"artist","name":"izurumi","url":"/artist/izurumi/","count":95},{"id":25125,"type":"character","name":"asuka langley soryu","url":"/character/asuka-langley-soryu/","count":1513},{"id":6346,"type":"language","name":"japanese","url":"/language/japanese/","count":191613},{"id":33172,"type":"category","name":"doujinshi","url":"/category/doujinshi/","count":228729},{"id":3206,"type":"character","name":"shinji ikari","url":"/character/shinji-ikari/","count":1229},{"id":10314,"type":"tag","name":"schoolgirl uniform","url":"/tag/schoolgirl-uniform/","count":56168}],"num_pages":28,"num_favorites":89}