[{"id":165,"title":"SHINJI 04 - rei &amp; askua","tags":["group","i and i","neon genesis evangelion","rei ayanami","asuka langley soryu","naohiro","japanese","doujinshi","schoolgirl uniform"],"page":22},{"id":163,"title":"SHINJI 02","tags":["shinji ikari","i and i","bondage","neon genesis evangelion","asuka langley soryu","naohiro","japanese","doujinshi","schoolgirl uniform","schoolboy uniform"],"page":18},{"id":162,"title":"SHINJI 01","tags":["big breasts","shinji ikari","group","i and i","neon genesis evangelion","rei ayanami","naohiro","shotacon","japanese","doujinshi","schoolgirl uniform","sole female","sole male"],"page":22},{"id":161,"title":"Toropikaru","tags":["glasses","oofuji reiichirou","bondage","furaipan daimaou","neon genesis evangelion","hispano-suiza","asuka langley soryu","rape","dilf","japanese","doujinshi","schoolgirl uniform"],"page":50},{"id":164,"title":"SHINJI 03","tags":["shinji ikari","i and i","bondage","neon genesis evangelion","misato katsuragi","asuka langley soryu","naohiro","japanese","doujinshi","double penetration","ffm threesome","sex toys"],"page":24},{"id":167,"title":"A-six Kanseiban","tags":["maid","glasses","netorare","hikari horaki","nakayohi","neon genesis evangelion","izurumi","asuka langley soryu","japanese","doujinshi","shinji ikari","schoolgirl uniform"],"page":28},{"id":168,"title":"A-one","tags":["netorare","masturbation","english","nakayohi","neon genesis evangelion","translated","izurumi","asuka langley soryu","blackmail","doujinshi","shinji ikari","schoolgirl uniform","multi-work series","rape","sole female"],"page":23},{"id":170,"title":"A-four","tags":["netorare","english","anal","bondage","nakayohi","neon genesis evangelion","translated","izurumi","asuka langley soryu","rape","doujinshi","drugs","schoolgirl uniform","sex toys","mosaic censorship","schoolboy uniform"],"page":27},{"id":169,"title":"A-two","tags":["english","nakayohi","neon genesis evangelion","translated","izurumi","asuka langley soryu","bloomers","doujinshi","rape","multi-work series","full censorship","sole female","schoolboy uniform"],"page":20}]