{"id":137,"media_id":"527","title":{"english":"(C55) [Nakayohi (Izurumi)] R (Izurumi Soushuuhen 1+) (Neon Genesis Evangelion) [English] [whyneus]","japanese":"(C55) [\u306a\u304b\u3088\u3072 (\u3044\u3065\u308b\u307f)] R (\u3044\u3065\u308b\u307f\u7dcf\u96c6\u7de8 1+) (\u65b0\u4e16\u7d00\u30a8\u30f4\u30a1\u30f3\u30b2\u30ea\u30aa\u30f3) [\u82f1\u8a33]","pretty":"R"},"images":{"pages":[{"t":"j","w":784,"h":1124},{"t":"j","w":784,"h":1126},{"t":"j","w":784,"h":1126},{"t":"j","w":784,"h":1126},{"t":"j","w":784,"h":1126},{"t":"j","w":784,"h":1126},{"t":"j","w":784,"h":1126},{"t":"j","w":784,"h":1126},{"t":"j","w":784,"h":1126},{"t":"j","w":784,"h":1126},{"t":"j","w":784,"h":1126},{"t":"j","w":784,"h":1126},{"t":"j","w":784,"h":1126},{"t":"j","w":784,"h":1126},{"t":"j","w":784,"h":1126},{"t":"j","w":784,"h":1126},{"t":"j","w":784,"h":1126},{"t":"j","w":784,"h":1126},{"t":"j","w":784,"h":1126},{"t":"j","w":784,"h":1126},{"t":"j","w":784,"h":1126},{"t":"j","w":784,"h":1126},{"t":"j","w":784,"h":1126},{"t":"j","w":784,"h":1126},{"t":"j","w":784,"h":1126},{"t":"j","w":784,"h":1126},{"t":"j","w":784,"h":1126},{"t":"j","w":784,"h":1126},{"t":"j","w":784,"h":1126},{"t":"j","w":784,"h":1126},{"t":"j","w":784,"h":1126}],"cover":{"t":"j","w":350,"h":502},"thumbnail":{"t":"j","w":250,"h":358}},"scanlator":"","upload_date":1403964866,"tags":[{"id":12227,"type":"language","name":"english","url":"/language/english/","count":69378},{"id":16710,"type":"group","name":"nakayohi","url":"/group/nakayohi/","count":95},{"id":17137,"type":"parody","name":"neon genesis evangelion","url":"/parody/neon-genesis-evangelion/","count":2492},{"id":17249,"type":"language","name":"translated","url":"/language/translated/","count":109734},{"id":21779,"type":"character","name":"rei ayanami","url":"/character/rei-ayanami/","count":1196},{"id":21875,"type":"artist","name":"izurumi","url":"/artist/izurumi/","count":95},{"id":25125,"type":"character","name":"asuka langley soryu","url":"/character/asuka-langley-soryu/","count":1515},{"id":27553,"type":"tag","name":"rape","url":"/tag/rape/","count":34191},{"id":33172,"type":"category","name":"doujinshi","url":"/category/doujinshi/","count":228729},{"id":25601,"type":"tag","name":"small breasts","url":"/tag/small-breasts/","count":6915},{"id":30473,"type":"tag","name":"muscle","url":"/tag/muscle/","count":9231},{"id":14573,"type":"tag","name":"tall man","url":"/tag/tall-man/","count":799},{"id":19018,"type":"tag","name":"dark skin","url":"/tag/dark-skin/","count":21056},{"id":21283,"type":"tag","name":"masked face","url":"/tag/masked-face/","count":1903}],"num_pages":31,"num_favorites":198}