{"id":139,"media_id":"530","title":{"english":"(C71) [Nakayohi (Izurumi)] Labyrinth (Neon Genesis Evangelion)","japanese":"(C71) [\u306a\u304b\u3088\u3072 (\u3044\u3065\u308b\u307f)] Labyrinth -\u30e9\u30d3\u30ea\u30f3\u30b9- (\u65b0\u4e16\u7d00\u30a8\u30f4\u30a1\u30f3\u30b2\u30ea\u30aa\u30f3)","pretty":"Labyrinth"},"images":{"pages":[{"t":"j","w":1200,"h":1712},{"t":"j","w":1200,"h":1712},{"t":"j","w":1129,"h":1600},{"t":"j","w":1118,"h":1600},{"t":"j","w":927,"h":1336},{"t":"j","w":905,"h":1335},{"t":"j","w":923,"h":1336},{"t":"j","w":928,"h":1349},{"t":"j","w":915,"h":1334},{"t":"j","w":984,"h":1400},{"t":"j","w":980,"h":1400},{"t":"j","w":1119,"h":1600},{"t":"j","w":980,"h":1400},{"t":"j","w":980,"h":1400},{"t":"j","w":980,"h":1400},{"t":"j","w":980,"h":1400},{"t":"j","w":980,"h":1400},{"t":"j","w":954,"h":1351}],"cover":{"t":"j","w":350,"h":499},"thumbnail":{"t":"j","w":250,"h":357}},"scanlator":"","upload_date":1403964868,"tags":[{"id":9162,"type":"tag","name":"masturbation","url":"/tag/masturbation/","count":9348},{"id":16332,"type":"character","name":"hikari horaki","url":"/character/hikari-horaki/","count":104},{"id":16710,"type":"group","name":"nakayohi","url":"/group/nakayohi/","count":95},{"id":17137,"type":"parody","name":"neon genesis evangelion","url":"/parody/neon-genesis-evangelion/","count":2492},{"id":19440,"type":"tag","name":"lolicon","url":"/tag/lolicon/","count":70096},{"id":19954,"type":"tag","name":"yuri","url":"/tag/yuri/","count":20411},{"id":21875,"type":"artist","name":"izurumi","url":"/artist/izurumi/","count":95},{"id":25125,"type":"character","name":"asuka langley soryu","url":"/character/asuka-langley-soryu/","count":1515},{"id":27384,"type":"tag","name":"mind break","url":"/tag/mind-break/","count":13283},{"id":28800,"type":"tag","name":"bloomers","url":"/tag/bloomers/","count":5672},{"id":6346,"type":"language","name":"japanese","url":"/language/japanese/","count":193003},{"id":33172,"type":"category","name":"doujinshi","url":"/category/doujinshi/","count":231184},{"id":10314,"type":"tag","name":"schoolgirl uniform","url":"/tag/schoolgirl-uniform/","count":56614}],"num_pages":18,"num_favorites":79}