{"id":141,"media_id":"532","title":{"english":"(C66) [Kohakutei (Sakai Hamachi)] More! (Neon Genesis Evangelion)","japanese":"(C66) [\u7425\u73c0\u4ead (\u583a\u306f\u307e\u3061)] More! (\u65b0\u4e16\u7d00\u30a8\u30f4\u30a1\u30f3\u30b2\u30ea\u30aa\u30f3)","pretty":"More!"},"images":{"pages":[{"t":"j","w":1199,"h":1698},{"t":"j","w":1199,"h":1698},{"t":"j","w":1206,"h":1703},{"t":"j","w":1214,"h":1701},{"t":"j","w":1201,"h":1703},{"t":"j","w":1196,"h":1701},{"t":"j","w":1196,"h":1700},{"t":"j","w":1196,"h":1701},{"t":"j","w":1188,"h":1709},{"t":"j","w":1194,"h":1698},{"t":"j","w":1196,"h":1709},{"t":"j","w":1192,"h":1696},{"t":"j","w":1196,"h":1703},{"t":"j","w":1186,"h":1696},{"t":"j","w":1188,"h":1703},{"t":"j","w":1186,"h":1701},{"t":"j","w":1183,"h":1706},{"t":"j","w":1194,"h":1703},{"t":"j","w":1183,"h":1714},{"t":"j","w":1188,"h":1693},{"t":"j","w":1171,"h":1702},{"t":"j","w":1181,"h":1701},{"t":"j","w":1222,"h":1742},{"t":"j","w":1188,"h":1701},{"t":"j","w":1183,"h":1699},{"t":"j","w":1178,"h":1701},{"t":"j","w":1186,"h":1704},{"t":"j","w":1189,"h":1698},{"t":"j","w":1186,"h":1696},{"t":"j","w":1199,"h":1701},{"t":"j","w":1186,"h":1691},{"t":"j","w":1189,"h":1698},{"t":"j","w":1170,"h":1722},{"t":"j","w":1170,"h":1722},{"t":"j","w":1199,"h":1703}],"cover":{"t":"j","w":350,"h":496},"thumbnail":{"t":"j","w":250,"h":354}},"scanlator":"","upload_date":1403964869,"tags":[{"id":2937,"type":"tag","name":"big breasts","url":"/tag/big-breasts/","count":103273},{"id":3206,"type":"character","name":"shinji ikari","url":"/character/shinji-ikari/","count":1231},{"id":8444,"type":"artist","name":"sakai hamachi","url":"/artist/sakai-hamachi/","count":287},{"id":11229,"type":"group","name":"kohakutei","url":"/group/kohakutei/","count":188},{"id":17137,"type":"parody","name":"neon genesis evangelion","url":"/parody/neon-genesis-evangelion/","count":2492},{"id":20282,"type":"tag","name":"footjob","url":"/tag/footjob/","count":9366},{"id":25125,"type":"character","name":"asuka langley soryu","url":"/character/asuka-langley-soryu/","count":1515},{"id":6346,"type":"language","name":"japanese","url":"/language/japanese/","count":191613},{"id":33172,"type":"category","name":"doujinshi","url":"/category/doujinshi/","count":228729},{"id":10314,"type":"tag","name":"schoolgirl uniform","url":"/tag/schoolgirl-uniform/","count":56168},{"id":35762,"type":"tag","name":"sole female","url":"/tag/sole-female/","count":66202},{"id":35763,"type":"tag","name":"sole male","url":"/tag/sole-male/","count":60070}],"num_pages":35,"num_favorites":96}