{"id":142,"media_id":"536","title":{"english":"(C68) [Kohakutei (Sakai Hamachi)] More!2 (Neon Genesis Evangelion)","japanese":"(C68) [\u7425\u73c0\u4ead (\u583a\u306f\u307e\u3061)] More!2 (\u65b0\u4e16\u7d00\u30a8\u30f4\u30a1\u30f3\u30b2\u30ea\u30aa\u30f3)","pretty":"More!2"},"images":{"pages":[{"t":"j","w":1200,"h":1702},{"t":"j","w":1200,"h":1731},{"t":"j","w":1200,"h":1705},{"t":"j","w":1200,"h":1706},{"t":"j","w":1200,"h":1718},{"t":"j","w":1200,"h":1709},{"t":"j","w":1200,"h":1713},{"t":"j","w":1200,"h":1708},{"t":"j","w":1200,"h":1713},{"t":"j","w":1200,"h":1709},{"t":"j","w":1200,"h":1718},{"t":"j","w":1200,"h":1708},{"t":"j","w":1200,"h":1716},{"t":"j","w":1200,"h":1704},{"t":"j","w":1200,"h":1716},{"t":"j","w":1200,"h":1709},{"t":"j","w":1200,"h":1720},{"t":"j","w":1200,"h":1708},{"t":"j","w":1200,"h":1716},{"t":"j","w":1200,"h":1710},{"t":"j","w":1200,"h":1710},{"t":"j","w":1200,"h":1710},{"t":"j","w":1200,"h":1713},{"t":"j","w":1200,"h":1718},{"t":"j","w":1200,"h":1715},{"t":"j","w":1200,"h":1709},{"t":"j","w":1200,"h":1709},{"t":"j","w":1200,"h":1705},{"t":"j","w":1200,"h":1725},{"t":"j","w":1200,"h":1714},{"t":"j","w":1200,"h":1734},{"t":"j","w":1200,"h":1695}],"cover":{"t":"j","w":350,"h":496},"thumbnail":{"t":"j","w":250,"h":355}},"scanlator":"","upload_date":1403964870,"tags":[{"id":3206,"type":"character","name":"shinji ikari","url":"/character/shinji-ikari/","count":1229},{"id":8444,"type":"artist","name":"sakai hamachi","url":"/artist/sakai-hamachi/","count":285},{"id":11229,"type":"group","name":"kohakutei","url":"/group/kohakutei/","count":186},{"id":17137,"type":"parody","name":"neon genesis evangelion","url":"/parody/neon-genesis-evangelion/","count":2489},{"id":24726,"type":"tag","name":"apron","url":"/tag/apron/","count":2921},{"id":25125,"type":"character","name":"asuka langley soryu","url":"/character/asuka-langley-soryu/","count":1513},{"id":29565,"type":"tag","name":"school swimsuit","url":"/tag/school-swimsuit/","count":3924},{"id":6346,"type":"language","name":"japanese","url":"/language/japanese/","count":191613},{"id":33172,"type":"category","name":"doujinshi","url":"/category/doujinshi/","count":228729},{"id":10314,"type":"tag","name":"schoolgirl uniform","url":"/tag/schoolgirl-uniform/","count":56168},{"id":35763,"type":"tag","name":"sole male","url":"/tag/sole-male/","count":60070},{"id":35762,"type":"tag","name":"sole female","url":"/tag/sole-female/","count":66202},{"id":7752,"type":"tag","name":"schoolboy uniform","url":"/tag/schoolboy-uniform/","count":12311}],"num_pages":32,"num_favorites":85}