{"id":149,"media_id":"547","title":{"english":"[Maniac Street] ebuange 3 comic (Neon Genesis Evangelion)","japanese":"[Maniac Street] \u3048\u3076\u3041\u3093\u3052\uff13\u3053\u307f\u3063\u304f (\u65b0\u4e16\u7d00\u30a8\u30f4\u30a1\u30f3\u30b2\u30ea\u30aa\u30f3)","pretty":"ebuange 3 comic"},"images":{"pages":[{"t":"j","w":571,"h":800},{"t":"j","w":509,"h":800},{"t":"j","w":509,"h":800},{"t":"j","w":512,"h":800},{"t":"j","w":509,"h":800},{"t":"j","w":509,"h":800},{"t":"j","w":509,"h":800},{"t":"j","w":509,"h":800},{"t":"j","w":509,"h":800},{"t":"j","w":509,"h":800},{"t":"j","w":509,"h":800},{"t":"j","w":509,"h":800},{"t":"j","w":509,"h":800},{"t":"j","w":509,"h":800},{"t":"j","w":509,"h":800},{"t":"j","w":509,"h":800},{"t":"j","w":509,"h":800},{"t":"j","w":509,"h":800},{"t":"j","w":1018,"h":800},{"t":"j","w":509,"h":800},{"t":"j","w":571,"h":800},{"t":"j","w":450,"h":321}],"cover":{"t":"j","w":350,"h":490},"thumbnail":{"t":"j","w":250,"h":350}},"scanlator":"","upload_date":1403964876,"tags":[{"id":16458,"type":"group","name":"maniac street","url":"/group/maniac-street/","count":105},{"id":17137,"type":"parody","name":"neon genesis evangelion","url":"/parody/neon-genesis-evangelion/","count":2492},{"id":18276,"type":"artist","name":"black olive","url":"/artist/black-olive/","count":25},{"id":25125,"type":"character","name":"asuka langley soryu","url":"/character/asuka-langley-soryu/","count":1515},{"id":29212,"type":"artist","name":"e.c.h","url":"/artist/e-c-h/","count":7},{"id":6346,"type":"language","name":"japanese","url":"/language/japanese/","count":193003},{"id":33172,"type":"category","name":"doujinshi","url":"/category/doujinshi/","count":231184},{"id":3206,"type":"character","name":"shinji ikari","url":"/character/shinji-ikari/","count":1231},{"id":25601,"type":"tag","name":"small breasts","url":"/tag/small-breasts/","count":7002},{"id":35762,"type":"tag","name":"sole female","url":"/tag/sole-female/","count":67502},{"id":35763,"type":"tag","name":"sole male","url":"/tag/sole-male/","count":61245}],"num_pages":22,"num_favorites":149}