{"id":150,"media_id":"548","title":{"english":"[Maniac Street] ebuange 4 german (Neon Genesis Evangelion)","japanese":"[Maniac Street] \u3048\u3076\u3041\u3093\u3052\uff14\u3052\u308b\u307e\u3093 (\u65b0\u4e16\u7d00\u30a8\u30f4\u30a1\u30f3\u30b2\u30ea\u30aa\u30f3)","pretty":"ebuange 4 german"},"images":{"pages":[{"t":"j","w":714,"h":1000},{"t":"j","w":712,"h":1000},{"t":"j","w":712,"h":1000},{"t":"j","w":712,"h":1000},{"t":"j","w":712,"h":1000},{"t":"j","w":712,"h":1000},{"t":"j","w":712,"h":1000},{"t":"j","w":712,"h":1000},{"t":"j","w":712,"h":1000},{"t":"j","w":712,"h":1000},{"t":"j","w":712,"h":1000},{"t":"j","w":712,"h":1000},{"t":"j","w":712,"h":1000},{"t":"j","w":712,"h":1000},{"t":"j","w":712,"h":1000},{"t":"j","w":712,"h":1000},{"t":"j","w":712,"h":1000},{"t":"j","w":712,"h":1000},{"t":"j","w":714,"h":1000},{"t":"j","w":450,"h":321}],"cover":{"t":"j","w":350,"h":490},"thumbnail":{"t":"j","w":250,"h":350}},"scanlator":"","upload_date":1403964877,"tags":[{"id":16458,"type":"group","name":"maniac street","url":"/group/maniac-street/","count":105},{"id":17137,"type":"parody","name":"neon genesis evangelion","url":"/parody/neon-genesis-evangelion/","count":2492},{"id":25125,"type":"character","name":"asuka langley soryu","url":"/character/asuka-langley-soryu/","count":1515},{"id":29212,"type":"artist","name":"e.c.h","url":"/artist/e-c-h/","count":7},{"id":6346,"type":"language","name":"japanese","url":"/language/japanese/","count":191613},{"id":33172,"type":"category","name":"doujinshi","url":"/category/doujinshi/","count":228729},{"id":10063,"type":"character","name":"ryoji kaji","url":"/character/ryoji-kaji/","count":21},{"id":8653,"type":"tag","name":"netorare","url":"/tag/netorare/","count":15879},{"id":9260,"type":"tag","name":"cheating","url":"/tag/cheating/","count":11721},{"id":29013,"type":"tag","name":"dilf","url":"/tag/dilf/","count":15244},{"id":35762,"type":"tag","name":"sole female","url":"/tag/sole-female/","count":66202},{"id":35763,"type":"tag","name":"sole male","url":"/tag/sole-male/","count":60070}],"num_pages":20,"num_favorites":100}