{"id":241,"media_id":"243","title":{"english":"(C68) [Celluloid-Acme (Chiba Toshirou)] Issues (Naruto)","japanese":"(C68) [Celluloid-Acme (\u30c1\u30d0\u30c8\u30b7\u30ed\u30a6)] Issues (\u30ca\u30eb\u30c8)","pretty":"Issues"},"images":{"pages":[{"t":"j","w":1200,"h":843},{"t":"j","w":974,"h":1400},{"t":"j","w":974,"h":1400},{"t":"j","w":974,"h":1400},{"t":"j","w":974,"h":1400},{"t":"j","w":974,"h":1400},{"t":"j","w":974,"h":1400},{"t":"j","w":974,"h":1400},{"t":"j","w":971,"h":1400},{"t":"j","w":974,"h":1400},{"t":"j","w":971,"h":1400},{"t":"j","w":974,"h":1400},{"t":"j","w":1200,"h":857},{"t":"j","w":1200,"h":856},{"t":"j","w":974,"h":1400},{"t":"j","w":974,"h":1400},{"t":"j","w":1200,"h":857},{"t":"j","w":974,"h":1400},{"t":"j","w":974,"h":1400},{"t":"j","w":1200,"h":859},{"t":"j","w":970,"h":1400},{"t":"j","w":974,"h":1400},{"t":"j","w":974,"h":1400},{"t":"j","w":974,"h":1400},{"t":"j","w":974,"h":1400},{"t":"j","w":974,"h":1400},{"t":"j","w":974,"h":1400},{"t":"j","w":974,"h":1400},{"t":"j","w":974,"h":1400},{"t":"j","w":974,"h":1400},{"t":"j","w":970,"h":1400},{"t":"j","w":974,"h":1400},{"t":"j","w":1200,"h":856},{"t":"j","w":974,"h":1400},{"t":"j","w":974,"h":1400},{"t":"j","w":974,"h":1400},{"t":"j","w":974,"h":1400},{"t":"j","w":974,"h":1400},{"t":"j","w":974,"h":1400},{"t":"j","w":974,"h":1400},{"t":"j","w":974,"h":1400},{"t":"j","w":974,"h":1400},{"t":"j","w":974,"h":1400},{"t":"j","w":974,"h":1400}],"cover":{"t":"j","w":350,"h":246},"thumbnail":{"t":"j","w":250,"h":176}},"scanlator":"","upload_date":1403964993,"tags":[{"id":1088,"type":"tag","name":"bdsm","url":"/tag/bdsm/","count":1933},{"id":2937,"type":"tag","name":"big breasts","url":"/tag/big-breasts/","count":103273},{"id":3304,"type":"character","name":"kurenai yuhi","url":"/character/kurenai-yuhi/","count":34},{"id":4435,"type":"tag","name":"gag","url":"/tag/gag/","count":7148},{"id":7953,"type":"artist","name":"chiba toshirou","url":"/artist/chiba-toshirou/","count":319},{"id":8010,"type":"tag","name":"group","url":"/tag/group/","count":72150},{"id":13159,"type":"parody","name":"naruto","url":"/parody/naruto/","count":1288},{"id":14499,"type":"character","name":"tsunade","url":"/character/tsunade/","count":355},{"id":14801,"type":"character","name":"temari","url":"/character/temari/","count":87},{"id":15348,"type":"tag","name":"ffm threesome","url":"/tag/ffm-threesome/","count":17957},{"id":15408,"type":"tag","name":"femdom","url":"/tag/femdom/","count":17418},{"id":15658,"type":"tag","name":"bondage","url":"/tag/bondage/","count":34540},{"id":18675,"type":"group","name":"celluloid-acme","url":"/group/celluloid-acme/","count":96},{"id":22851,"type":"character","name":"shizune","url":"/character/shizune/","count":89},{"id":24201,"type":"tag","name":"stockings","url":"/tag/stockings/","count":64784},{"id":27553,"type":"tag","name":"rape","url":"/tag/rape/","count":34191},{"id":31012,"type":"tag","name":"blindfold","url":"/tag/blindfold/","count":5705},{"id":32752,"type":"tag","name":"shibari","url":"/tag/shibari/","count":2540},{"id":6346,"type":"language","name":"japanese","url":"/language/japanese/","count":191613},{"id":33172,"type":"category","name":"doujinshi","url":"/category/doujinshi/","count":228729},{"id":6430,"type":"character","name":"shikamaru nara","url":"/character/shikamaru-nara/","count":34},{"id":11920,"type":"character","name":"sakura haruno","url":"/character/sakura-haruno/","count":482},{"id":1207,"type":"tag","name":"milf","url":"/tag/milf/","count":22588},{"id":29013,"type":"tag","name":"dilf","url":"/tag/dilf/","count":15244},{"id":13720,"type":"tag","name":"nakadashi","url":"/tag/nakadashi/","count":42357},{"id":17426,"type":"artist","name":"cobolt","url":"/artist/cobolt/","count":13}],"num_pages":44,"num_favorites":270}