{"id":242,"media_id":"244","title":{"english":"(C70) [CELLULOID-ACME (Chiba Toshirou, Nekoi Mie, Nekomata Naomi)] Loop and Loop (Naruto, Eureka Seven)","japanese":"(C70) [CELLULOID-ACME (\u30c1\u30d0\u30c8\u30b7\u30ed\u30a6, \u732b\u4e95\u30df\u30a3, \u732b\u53c8\u306a\u304a\u307f)] LOOP and LOOP (\u30ca\u30eb\u30c8, \u30a8\u30a6\u30ec\u30ab\u30bb\u30d6\u30f3)","pretty":"Loop and Loop"},"images":{"pages":[{"t":"j","w":1200,"h":830},{"t":"j","w":1127,"h":1600},{"t":"j","w":1127,"h":1600},{"t":"j","w":1127,"h":1600},{"t":"j","w":1127,"h":1600},{"t":"j","w":1127,"h":1600},{"t":"j","w":1127,"h":1600},{"t":"j","w":1127,"h":1600},{"t":"j","w":1127,"h":1600},{"t":"j","w":1127,"h":1600},{"t":"j","w":1127,"h":1600},{"t":"j","w":1127,"h":1600},{"t":"j","w":1127,"h":1600},{"t":"j","w":1127,"h":1600},{"t":"j","w":1127,"h":1600},{"t":"j","w":1127,"h":1600},{"t":"j","w":1127,"h":1600},{"t":"j","w":1127,"h":1600},{"t":"j","w":1127,"h":1600},{"t":"j","w":1127,"h":1600},{"t":"j","w":1127,"h":1600},{"t":"j","w":1127,"h":1600},{"t":"j","w":1127,"h":1600},{"t":"j","w":1127,"h":1600},{"t":"j","w":1127,"h":1600},{"t":"j","w":1127,"h":1600},{"t":"j","w":1127,"h":1600},{"t":"j","w":1127,"h":1600},{"t":"j","w":1127,"h":1600},{"t":"j","w":1127,"h":1600},{"t":"j","w":1127,"h":1600},{"t":"j","w":1127,"h":1600},{"t":"j","w":1127,"h":1600},{"t":"j","w":1127,"h":1600},{"t":"j","w":1127,"h":1600},{"t":"j","w":1127,"h":1600},{"t":"j","w":1127,"h":1600},{"t":"j","w":1127,"h":1600},{"t":"j","w":1127,"h":1600},{"t":"j","w":1127,"h":1600},{"t":"j","w":1127,"h":1600},{"t":"j","w":1127,"h":1600},{"t":"j","w":1127,"h":1600},{"t":"j","w":1127,"h":1600},{"t":"j","w":1127,"h":1600},{"t":"j","w":1127,"h":1600},{"t":"j","w":1127,"h":1600},{"t":"j","w":1127,"h":1600},{"t":"j","w":1127,"h":1600},{"t":"j","w":1127,"h":1600}],"cover":{"t":"j","w":350,"h":242},"thumbnail":{"t":"j","w":250,"h":173}},"scanlator":"","upload_date":1403964994,"tags":[{"id":1207,"type":"tag","name":"milf","url":"/tag/milf/","count":22588},{"id":2937,"type":"tag","name":"big breasts","url":"/tag/big-breasts/","count":103273},{"id":7953,"type":"artist","name":"chiba toshirou","url":"/artist/chiba-toshirou/","count":319},{"id":12606,"type":"parody","name":"eureka 7","url":"/parody/eureka-7/","count":115},{"id":13159,"type":"parody","name":"naruto","url":"/parody/naruto/","count":1288},{"id":14499,"type":"character","name":"tsunade","url":"/character/tsunade/","count":355},{"id":16854,"type":"artist","name":"nekomata naomi","url":"/artist/nekomata-naomi/","count":239},{"id":18675,"type":"group","name":"celluloid-acme","url":"/group/celluloid-acme/","count":96},{"id":19034,"type":"character","name":"talho yuki","url":"/character/talho-yuki/","count":44},{"id":20035,"type":"tag","name":"x-ray","url":"/tag/x-ray/","count":20947},{"id":29248,"type":"character","name":"gidget","url":"/character/gidget/","count":8},{"id":29859,"type":"tag","name":"blowjob","url":"/tag/blowjob/","count":37321},{"id":32341,"type":"tag","name":"shotacon","url":"/tag/shotacon/","count":39737},{"id":32410,"type":"artist","name":"nekoi mie","url":"/artist/nekoi-mie/","count":145},{"id":6346,"type":"language","name":"japanese","url":"/language/japanese/","count":191613},{"id":33172,"type":"category","name":"doujinshi","url":"/category/doujinshi/","count":228729},{"id":7718,"type":"character","name":"naruto uzumaki","url":"/character/naruto-uzumaki/","count":640},{"id":19018,"type":"tag","name":"dark skin","url":"/tag/dark-skin/","count":21056}],"num_pages":50,"num_favorites":119}