{"id":243,"media_id":"246","title":{"english":"(C69) [Celluloid-Acme (Chiba Toshirou)] Himitsu - The Secret (Naruto)","japanese":"(C69) [CELLULOID-ACME (\u30c1\u30d0\u30c8\u30b7\u30ed\u30a6, \u8c37\u53e3\u3061\u3072\u308d)] \u79d8\u5bc6 the secret (\u30ca\u30eb\u30c8)","pretty":"Himitsu - The Secret"},"images":{"pages":[{"t":"j","w":1200,"h":843},{"t":"j","w":975,"h":1400},{"t":"j","w":975,"h":1400},{"t":"j","w":975,"h":1400},{"t":"j","w":975,"h":1400},{"t":"j","w":975,"h":1400},{"t":"j","w":975,"h":1400},{"t":"j","w":975,"h":1400},{"t":"j","w":975,"h":1400},{"t":"j","w":975,"h":1400},{"t":"j","w":975,"h":1400},{"t":"j","w":975,"h":1400},{"t":"j","w":975,"h":1400},{"t":"j","w":975,"h":1400},{"t":"j","w":975,"h":1400},{"t":"j","w":975,"h":1400},{"t":"j","w":975,"h":1400},{"t":"j","w":975,"h":1400},{"t":"j","w":975,"h":1400},{"t":"j","w":975,"h":1400},{"t":"j","w":1200,"h":858},{"t":"j","w":975,"h":1400},{"t":"j","w":975,"h":1400},{"t":"j","w":975,"h":1400},{"t":"j","w":975,"h":1400},{"t":"j","w":975,"h":1400},{"t":"j","w":975,"h":1400},{"t":"j","w":975,"h":1400},{"t":"j","w":975,"h":1400},{"t":"j","w":975,"h":1400},{"t":"j","w":975,"h":1400},{"t":"j","w":975,"h":1400},{"t":"j","w":975,"h":1400},{"t":"j","w":975,"h":1400},{"t":"j","w":975,"h":1400},{"t":"j","w":975,"h":1400},{"t":"j","w":975,"h":1400},{"t":"j","w":975,"h":1400},{"t":"j","w":975,"h":1400},{"t":"j","w":975,"h":1400},{"t":"j","w":975,"h":1400},{"t":"j","w":1200,"h":854},{"t":"j","w":975,"h":1400},{"t":"j","w":975,"h":1400},{"t":"j","w":975,"h":1400},{"t":"j","w":975,"h":1400},{"t":"j","w":975,"h":1400}],"cover":{"t":"j","w":350,"h":246},"thumbnail":{"t":"j","w":250,"h":176}},"scanlator":"","upload_date":1403964995,"tags":[{"id":6430,"type":"character","name":"shikamaru nara","url":"/character/shikamaru-nara/","count":34},{"id":7953,"type":"artist","name":"chiba toshirou","url":"/artist/chiba-toshirou/","count":319},{"id":11920,"type":"character","name":"sakura haruno","url":"/character/sakura-haruno/","count":482},{"id":13159,"type":"parody","name":"naruto","url":"/parody/naruto/","count":1288},{"id":14801,"type":"character","name":"temari","url":"/character/temari/","count":87},{"id":18675,"type":"group","name":"celluloid-acme","url":"/group/celluloid-acme/","count":96},{"id":24742,"type":"character","name":"naruko","url":"/character/naruko/","count":72},{"id":25046,"type":"character","name":"kakashi hatake","url":"/character/kakashi-hatake/","count":72},{"id":6346,"type":"language","name":"japanese","url":"/language/japanese/","count":193003},{"id":33172,"type":"category","name":"doujinshi","url":"/category/doujinshi/","count":231184},{"id":13720,"type":"tag","name":"nakadashi","url":"/tag/nakadashi/","count":43099},{"id":57248,"type":"artist","name":"taniguchi chihiro","url":"/artist/taniguchi-chihiro/","count":1}],"num_pages":47,"num_favorites":106}