{"id":244,"media_id":"247","title":{"english":"[Crimson Comics (Carmine)] Hinata (Naruto)","japanese":"[\u30af\u30ea\u30e0\u30be\u30f3\u30b3\u30df\u30c3\u30af\u30b9 (\u30ab\u30fc\u30de\u30a4\u30f3)] \u30d2\u30ca\u30bf (\u30ca\u30eb\u30c8)","pretty":"Hinata"},"images":{"pages":[{"t":"j","w":781,"h":1127},{"t":"j","w":779,"h":1129},{"t":"j","w":779,"h":1129},{"t":"j","w":779,"h":1129},{"t":"j","w":779,"h":1129},{"t":"j","w":779,"h":1129},{"t":"j","w":779,"h":1129},{"t":"j","w":779,"h":1129},{"t":"j","w":779,"h":1129},{"t":"j","w":779,"h":1129},{"t":"j","w":779,"h":1129},{"t":"j","w":779,"h":1129},{"t":"j","w":779,"h":1129},{"t":"j","w":779,"h":1129},{"t":"j","w":779,"h":1129},{"t":"j","w":779,"h":1129},{"t":"j","w":779,"h":1129},{"t":"j","w":779,"h":1129},{"t":"j","w":779,"h":1129},{"t":"j","w":779,"h":1129},{"t":"j","w":779,"h":1129},{"t":"j","w":779,"h":1129},{"t":"j","w":779,"h":1129},{"t":"j","w":779,"h":1129},{"t":"j","w":779,"h":1129},{"t":"j","w":779,"h":1129},{"t":"j","w":779,"h":1129}],"cover":{"t":"j","w":350,"h":505},"thumbnail":{"t":"j","w":250,"h":361}},"scanlator":"","upload_date":1403964996,"tags":[{"id":8010,"type":"tag","name":"group","url":"/tag/group/","count":72150},{"id":13159,"type":"parody","name":"naruto","url":"/parody/naruto/","count":1267},{"id":15658,"type":"tag","name":"bondage","url":"/tag/bondage/","count":34540},{"id":18216,"type":"group","name":"crimson comics","url":"/group/crimson-comics/","count":613},{"id":19440,"type":"tag","name":"lolicon","url":"/tag/lolicon/","count":69490},{"id":20525,"type":"tag","name":"defloration","url":"/tag/defloration/","count":23209},{"id":25439,"type":"character","name":"hinata hyuga","url":"/character/hinata-hyuga/","count":436},{"id":27553,"type":"tag","name":"rape","url":"/tag/rape/","count":34191},{"id":32341,"type":"tag","name":"shotacon","url":"/tag/shotacon/","count":39737},{"id":6346,"type":"language","name":"japanese","url":"/language/japanese/","count":191613},{"id":33172,"type":"category","name":"doujinshi","url":"/category/doujinshi/","count":228729},{"id":34849,"type":"artist","name":"crimson","url":"/artist/crimson/","count":722}],"num_pages":27,"num_favorites":84}