{"id":245,"media_id":"248","title":{"english":"[Crimson Comics (Carmine)] Suiren Hanabira","japanese":"[\u30af\u30ea\u30e0\u30be\u30f3\u30b3\u30df\u30c3\u30af\u30b9 (\u30ab\u30fc\u30de\u30a4\u30f3)] \u7761\u84ee\u306e\u82b1\u3073\u3089","pretty":"Suiren Hanabira"},"images":{"pages":[{"t":"j","w":650,"h":917},{"t":"j","w":650,"h":930},{"t":"j","w":650,"h":930},{"t":"j","w":650,"h":906},{"t":"j","w":650,"h":929},{"t":"j","w":650,"h":929},{"t":"j","w":650,"h":929},{"t":"j","w":650,"h":929},{"t":"j","w":650,"h":929},{"t":"j","w":650,"h":929},{"t":"j","w":650,"h":929},{"t":"j","w":650,"h":929},{"t":"j","w":650,"h":948},{"t":"j","w":650,"h":929},{"t":"j","w":650,"h":929},{"t":"j","w":650,"h":921},{"t":"j","w":650,"h":921},{"t":"j","w":650,"h":921},{"t":"j","w":650,"h":921},{"t":"j","w":650,"h":921},{"t":"j","w":650,"h":942},{"t":"j","w":650,"h":942},{"t":"j","w":650,"h":942},{"t":"j","w":650,"h":923},{"t":"j","w":650,"h":943},{"t":"j","w":650,"h":926},{"t":"j","w":650,"h":943},{"t":"j","w":650,"h":930},{"t":"j","w":650,"h":939},{"t":"j","w":650,"h":930},{"t":"j","w":650,"h":930},{"t":"j","w":650,"h":930},{"t":"j","w":650,"h":933},{"t":"j","w":650,"h":933},{"t":"j","w":650,"h":948},{"t":"j","w":650,"h":948},{"t":"j","w":650,"h":954},{"t":"j","w":650,"h":941},{"t":"j","w":650,"h":948},{"t":"j","w":650,"h":948},{"t":"j","w":650,"h":948},{"t":"j","w":650,"h":948},{"t":"j","w":650,"h":948},{"t":"j","w":650,"h":948},{"t":"j","w":650,"h":948},{"t":"j","w":650,"h":948},{"t":"j","w":650,"h":948},{"t":"j","w":650,"h":948},{"t":"j","w":650,"h":948},{"t":"j","w":650,"h":948},{"t":"j","w":650,"h":948},{"t":"j","w":650,"h":948},{"t":"j","w":650,"h":948},{"t":"j","w":650,"h":948},{"t":"j","w":650,"h":951},{"t":"j","w":650,"h":941},{"t":"j","w":650,"h":941},{"t":"j","w":650,"h":941},{"t":"j","w":650,"h":941},{"t":"j","w":650,"h":941},{"t":"j","w":650,"h":941},{"t":"j","w":650,"h":941},{"t":"j","w":650,"h":941},{"t":"j","w":650,"h":941},{"t":"j","w":650,"h":941},{"t":"j","w":650,"h":941},{"t":"j","w":650,"h":941},{"t":"j","w":650,"h":941},{"t":"j","w":650,"h":941},{"t":"j","w":650,"h":941},{"t":"j","w":650,"h":941},{"t":"j","w":650,"h":941},{"t":"j","w":650,"h":941},{"t":"j","w":650,"h":941},{"t":"j","w":650,"h":941},{"t":"j","w":650,"h":941},{"t":"j","w":650,"h":941},{"t":"j","w":650,"h":944},{"t":"j","w":650,"h":944},{"t":"j","w":650,"h":944},{"t":"j","w":650,"h":927},{"t":"j","w":650,"h":927},{"t":"j","w":650,"h":927},{"t":"j","w":650,"h":927},{"t":"j","w":650,"h":939},{"t":"j","w":650,"h":939},{"t":"j","w":650,"h":939},{"t":"j","w":650,"h":939},{"t":"j","w":650,"h":939},{"t":"j","w":650,"h":922}],"cover":{"t":"j","w":350,"h":494},"thumbnail":{"t":"j","w":250,"h":353}},"scanlator":"","upload_date":1403964997,"tags":[{"id":8010,"type":"tag","name":"group","url":"/tag/group/","count":72150},{"id":9162,"type":"tag","name":"masturbation","url":"/tag/masturbation/","count":9228},{"id":13159,"type":"parody","name":"naruto","url":"/parody/naruto/","count":1267},{"id":14499,"type":"character","name":"tsunade","url":"/character/tsunade/","count":354},{"id":15348,"type":"tag","name":"ffm threesome","url":"/tag/ffm-threesome/","count":17957},{"id":15658,"type":"tag","name":"bondage","url":"/tag/bondage/","count":34540},{"id":16081,"type":"parody","name":"death note","url":"/parody/death-note/","count":76},{"id":18216,"type":"group","name":"crimson comics","url":"/group/crimson-comics/","count":613},{"id":18836,"type":"parody","name":"black cat","url":"/parody/black-cat/","count":93},{"id":21757,"type":"character","name":"sayu yagami","url":"/character/sayu-yagami/","count":9},{"id":25614,"type":"tag","name":"paizuri","url":"/tag/paizuri/","count":22785},{"id":27553,"type":"tag","name":"rape","url":"/tag/rape/","count":34191},{"id":30438,"type":"character","name":"rinslet walker","url":"/character/rinslet-walker/","count":19},{"id":6346,"type":"language","name":"japanese","url":"/language/japanese/","count":191613},{"id":33172,"type":"category","name":"doujinshi","url":"/category/doujinshi/","count":228729},{"id":17801,"type":"tag","name":"solo action","url":"/tag/solo-action/","count":1042},{"id":34849,"type":"artist","name":"crimson","url":"/artist/crimson/","count":722}],"num_pages":90,"num_favorites":118}