{"id":246,"media_id":"251","title":{"english":"(C64) [Evolution brand (Misutake, Nemu Nemu R, Yo-shu Ohepe)] Koki no Tane vol. 4 (Naruto)","japanese":"(C64) [Evolution brand (\u307f\u3059\u305f\u3051, \u30cd\u30e0\u30cd\u30e0R, \u990a\u9152\u30aa\u30d8\u30da)] \u30b3\u30ad\u306e\u7a2e vol.4 (NARUTO -\u30ca\u30eb\u30c8-)","pretty":"Koki no Tane vol. 4"},"images":{"pages":[{"t":"j","w":631,"h":900},{"t":"j","w":633,"h":900},{"t":"j","w":624,"h":900},{"t":"j","w":629,"h":900},{"t":"j","w":630,"h":900},{"t":"j","w":627,"h":900},{"t":"j","w":629,"h":900},{"t":"j","w":625,"h":900},{"t":"j","w":629,"h":900},{"t":"j","w":624,"h":900},{"t":"j","w":627,"h":900},{"t":"j","w":627,"h":900},{"t":"j","w":627,"h":900},{"t":"j","w":627,"h":900},{"t":"j","w":627,"h":900},{"t":"j","w":622,"h":900},{"t":"j","w":628,"h":900},{"t":"j","w":627,"h":900},{"t":"j","w":629,"h":900},{"t":"j","w":625,"h":900},{"t":"j","w":627,"h":900},{"t":"j","w":625,"h":900},{"t":"j","w":627,"h":900},{"t":"j","w":623,"h":900},{"t":"j","w":628,"h":900},{"t":"j","w":625,"h":900},{"t":"j","w":625,"h":900},{"t":"j","w":625,"h":900},{"t":"j","w":629,"h":900},{"t":"j","w":628,"h":900},{"t":"j","w":627,"h":900},{"t":"j","w":625,"h":900},{"t":"j","w":627,"h":900},{"t":"j","w":632,"h":900}],"cover":{"t":"j","w":350,"h":499},"thumbnail":{"t":"j","w":250,"h":357}},"scanlator":"","upload_date":1403964999,"tags":[{"id":2937,"type":"tag","name":"big breasts","url":"/tag/big-breasts/","count":103273},{"id":5768,"type":"character","name":"anko mitarashi","url":"/character/anko-mitarashi/","count":93},{"id":8010,"type":"tag","name":"group","url":"/tag/group/","count":72150},{"id":9083,"type":"tag","name":"big ass","url":"/tag/big-ass/","count":9718},{"id":13159,"type":"parody","name":"naruto","url":"/parody/naruto/","count":1288},{"id":14499,"type":"character","name":"tsunade","url":"/character/tsunade/","count":355},{"id":14801,"type":"character","name":"temari","url":"/character/temari/","count":87},{"id":15212,"type":"artist","name":"nemu nemu r","url":"/artist/nemu-nemu-r/","count":5},{"id":15349,"type":"group","name":"evolution brand","url":"/group/evolution-brand/","count":7},{"id":19299,"type":"artist","name":"yoshu ohepe","url":"/artist/yoshu-ohepe/","count":166},{"id":22698,"type":"artist","name":"misutake","url":"/artist/misutake/","count":13},{"id":24102,"type":"tag","name":"lactation","url":"/tag/lactation/","count":11973},{"id":25614,"type":"tag","name":"paizuri","url":"/tag/paizuri/","count":23124},{"id":26953,"type":"tag","name":"bukkake","url":"/tag/bukkake/","count":4759},{"id":29859,"type":"tag","name":"blowjob","url":"/tag/blowjob/","count":37977},{"id":32341,"type":"tag","name":"shotacon","url":"/tag/shotacon/","count":39737},{"id":6346,"type":"language","name":"japanese","url":"/language/japanese/","count":191613},{"id":33172,"type":"category","name":"doujinshi","url":"/category/doujinshi/","count":228729}],"num_pages":34,"num_favorites":97}