{"id":247,"media_id":"253","title":{"english":"(C60) [K-3 (Tanpaku, Kei Cube, Aiba Yuuya, Miyomi Yamori)] ERO-NINJA (Naruto)","japanese":"(C60) [K-3 (\u305f\u3093\u3071\u304f, \u30b1\u30a4\u30ad\u30e5\u30fc\u30d6, \u76f8\u7fbd\u4f91\u54c9, \u307f\u3088\u307f\u3084\u3082\u308a)] \u3048\u308d\u306b\u3093\u3058\u3083 (\u30ca\u30eb\u30c8)","pretty":"ERO-NINJA"},"images":{"pages":[{"t":"j","w":716,"h":1011},{"t":"j","w":716,"h":1011},{"t":"j","w":716,"h":1011},{"t":"j","w":716,"h":1011},{"t":"j","w":716,"h":1011},{"t":"j","w":716,"h":1011},{"t":"j","w":716,"h":1011},{"t":"j","w":716,"h":1011},{"t":"j","w":716,"h":1011},{"t":"j","w":716,"h":1011},{"t":"j","w":716,"h":1011},{"t":"j","w":716,"h":1011},{"t":"j","w":716,"h":1011},{"t":"j","w":716,"h":1011},{"t":"j","w":716,"h":1011},{"t":"j","w":716,"h":1011},{"t":"j","w":716,"h":1011},{"t":"j","w":716,"h":1011},{"t":"j","w":716,"h":1011},{"t":"j","w":716,"h":1011},{"t":"j","w":716,"h":1011},{"t":"j","w":716,"h":1011},{"t":"j","w":716,"h":1011},{"t":"j","w":716,"h":1011},{"t":"j","w":716,"h":1011},{"t":"j","w":716,"h":1011}],"cover":{"t":"j","w":350,"h":494},"thumbnail":{"t":"j","w":250,"h":353}},"scanlator":"","upload_date":1403965000,"tags":[{"id":2788,"type":"group","name":"k3","url":"/group/k3/","count":1},{"id":2937,"type":"tag","name":"big breasts","url":"/tag/big-breasts/","count":103273},{"id":3304,"type":"character","name":"kurenai yuhi","url":"/character/kurenai-yuhi/","count":34},{"id":4879,"type":"artist","name":"kei cube","url":"/artist/kei-cube/","count":1},{"id":5768,"type":"character","name":"anko mitarashi","url":"/character/anko-mitarashi/","count":93},{"id":8010,"type":"tag","name":"group","url":"/tag/group/","count":72150},{"id":8765,"type":"artist","name":"tanpaku","url":"/artist/tanpaku/","count":1},{"id":12203,"type":"artist","name":"miyomi yamori","url":"/artist/miyomi-yamori/","count":1},{"id":13159,"type":"parody","name":"naruto","url":"/parody/naruto/","count":1267},{"id":25439,"type":"character","name":"hinata hyuga","url":"/character/hinata-hyuga/","count":441},{"id":28861,"type":"artist","name":"aiba yuuya","url":"/artist/aiba-yuuya/","count":1},{"id":32341,"type":"tag","name":"shotacon","url":"/tag/shotacon/","count":39737},{"id":6346,"type":"language","name":"japanese","url":"/language/japanese/","count":191613},{"id":33172,"type":"category","name":"doujinshi","url":"/category/doujinshi/","count":228729}],"num_pages":26,"num_favorites":57}