{"id":248,"media_id":"18","title":{"english":"(C44) [Chirigami Goya, Fusuma go Ten (Shoji Hariko)] XX (Dragon Ball Z) [English]","japanese":"(C44) [\u3061\u308a\u7d19\u5c0f\u5c4b, \u3075\u3059\u307e\u5fa1\u6bbf (\u969c\u5b50\u5f35\u5b50)] XX (\u30c9\u30e9\u30b4\u30f3\u30dc\u30fc\u30ebZ) [\u82f1\u8a33]","pretty":"XX"},"images":{"pages":[{"t":"j","w":687,"h":989},{"t":"j","w":676,"h":983},{"t":"j","w":658,"h":950},{"t":"j","w":682,"h":980},{"t":"j","w":670,"h":984},{"t":"j","w":623,"h":899},{"t":"j","w":632,"h":900},{"t":"j","w":619,"h":876},{"t":"j","w":628,"h":923},{"t":"j","w":709,"h":1038},{"t":"j","w":654,"h":912},{"t":"j","w":680,"h":977},{"t":"j","w":607,"h":935},{"t":"j","w":662,"h":920},{"t":"j","w":677,"h":975},{"t":"j","w":692,"h":984},{"t":"j","w":624,"h":912},{"t":"j","w":656,"h":918},{"t":"j","w":670,"h":976},{"t":"j","w":616,"h":910},{"t":"j","w":663,"h":904},{"t":"j","w":651,"h":915},{"t":"j","w":672,"h":968},{"t":"j","w":581,"h":881},{"t":"j","w":635,"h":928},{"t":"j","w":664,"h":973},{"t":"j","w":664,"h":979},{"t":"j","w":654,"h":915},{"t":"j","w":637,"h":963},{"t":"j","w":674,"h":980},{"t":"j","w":668,"h":976},{"t":"j","w":715,"h":1030},{"t":"j","w":660,"h":962},{"t":"j","w":620,"h":912}],"cover":{"t":"j","w":350,"h":504},"thumbnail":{"t":"j","w":250,"h":360}},"scanlator":"","upload_date":1403965002,"tags":[{"id":3143,"type":"character","name":"bulma","url":"/character/bulma/","count":217},{"id":8485,"type":"parody","name":"dragon ball z","url":"/parody/dragon-ball-z/","count":620},{"id":8547,"type":"artist","name":"shouji haruko","url":"/artist/shouji-haruko/","count":40},{"id":8693,"type":"tag","name":"uncensored","url":"/tag/uncensored/","count":7295},{"id":10990,"type":"character","name":"son gohan","url":"/character/son-gohan/","count":111},{"id":12227,"type":"language","name":"english","url":"/language/english/","count":69378},{"id":16771,"type":"group","name":"fusuma goten","url":"/group/fusuma-goten/","count":51},{"id":17249,"type":"language","name":"translated","url":"/language/translated/","count":109734},{"id":18937,"type":"artist","name":"toma","url":"/artist/toma/","count":7},{"id":26637,"type":"group","name":"chirigami goya","url":"/group/chirigami-goya/","count":47},{"id":32783,"type":"character","name":"videl","url":"/character/videl/","count":186},{"id":33172,"type":"category","name":"doujinshi","url":"/category/doujinshi/","count":228729},{"id":17967,"type":"tag","name":"alien","url":"/tag/alien/","count":157},{"id":26130,"type":"tag","name":"fingering","url":"/tag/fingering/","count":5148},{"id":13720,"type":"tag","name":"nakadashi","url":"/tag/nakadashi/","count":42357}],"num_pages":34,"num_favorites":488}