{"id":"249","media_id":"52","title":{"english":"(C56) [Chimatsuriya Honpo (Asanagi Aoi)] Another You (Neon Genesis Evangelion)","japanese":"(C56) [\u8840\u796d\u5c4b\u672c\u8217 (\u671d\u51ea\u8475)] Another You (\u65b0\u4e16\u7d00\u30a8\u30f4\u30a1\u30f3\u30b2\u30ea\u30aa\u30f3)","pretty":"Another You"},"images":{"pages":[{"t":"j","w":1200,"h":1699},{"t":"j","w":1200,"h":848},{"t":"j","w":1200,"h":1819},{"t":"j","w":1200,"h":1781},{"t":"j","w":1008,"h":1486},{"t":"j","w":993,"h":1496},{"t":"j","w":1014,"h":1480},{"t":"j","w":1002,"h":1495},{"t":"j","w":1007,"h":1493},{"t":"j","w":1016,"h":1496},{"t":"j","w":1004,"h":1496},{"t":"j","w":1008,"h":1496},{"t":"j","w":1029,"h":1496},{"t":"j","w":1011,"h":1496},{"t":"j","w":1029,"h":1496},{"t":"j","w":1010,"h":1496},{"t":"j","w":1027,"h":1496},{"t":"j","w":1007,"h":1495},{"t":"j","w":1025,"h":1496},{"t":"j","w":995,"h":1496},{"t":"j","w":1020,"h":1496},{"t":"j","w":1008,"h":1495},{"t":"j","w":1021,"h":1496},{"t":"j","w":1002,"h":1495},{"t":"j","w":1010,"h":1489},{"t":"j","w":1001,"h":1498},{"t":"j","w":1025,"h":1501},{"t":"j","w":1011,"h":1497},{"t":"j","w":1011,"h":1497},{"t":"j","w":993,"h":1499},{"t":"j","w":1011,"h":1502},{"t":"j","w":995,"h":1499},{"t":"j","w":1024,"h":1503},{"t":"j","w":999,"h":1499},{"t":"j","w":1018,"h":1502},{"t":"j","w":994,"h":1497},{"t":"j","w":1010,"h":1501},{"t":"j","w":1010,"h":1498},{"t":"j","w":1024,"h":1503},{"t":"j","w":1008,"h":1500},{"t":"j","w":1022,"h":1502},{"t":"j","w":1000,"h":1499},{"t":"j","w":1016,"h":1503},{"t":"j","w":992,"h":1502},{"t":"j","w":1019,"h":1501},{"t":"j","w":999,"h":1499},{"t":"j","w":1012,"h":1501},{"t":"j","w":1010,"h":1499},{"t":"j","w":1021,"h":1503},{"t":"j","w":1014,"h":1499},{"t":"j","w":1021,"h":1504},{"t":"j","w":1009,"h":1499},{"t":"j","w":1023,"h":1502},{"t":"j","w":1015,"h":1499},{"t":"j","w":1026,"h":1503},{"t":"j","w":1014,"h":1499},{"t":"j","w":1031,"h":1502},{"t":"j","w":1016,"h":1498},{"t":"j","w":1015,"h":1500},{"t":"j","w":1000,"h":1499},{"t":"j","w":1024,"h":1501},{"t":"j","w":992,"h":1496},{"t":"j","w":1012,"h":1502},{"t":"j","w":986,"h":1494},{"t":"j","w":1014,"h":1492},{"t":"j","w":996,"h":1493},{"t":"j","w":1027,"h":1502},{"t":"j","w":1018,"h":1500},{"t":"j","w":1033,"h":1503},{"t":"j","w":997,"h":1488},{"t":"j","w":1013,"h":1499},{"t":"j","w":1006,"h":1497},{"t":"j","w":1032,"h":1502},{"t":"j","w":1007,"h":1499},{"t":"j","w":1032,"h":1502},{"t":"j","w":1026,"h":1496},{"t":"j","w":1011,"h":1502},{"t":"j","w":1005,"h":1497},{"t":"j","w":1017,"h":1492},{"t":"j","w":1005,"h":1500},{"t":"j","w":1200,"h":848},{"t":"j","w":1200,"h":1719},{"t":"j","w":1200,"h":1695}],"cover":{"t":"j","w":350,"h":496},"thumbnail":{"t":"j","w":250,"h":354}},"scanlator":"","upload_date":1403965003,"tags":[{"id":2937,"type":"tag","name":"big breasts","url":"/tag/big-breasts/","count":103273},{"id":3206,"type":"character","name":"shinji ikari","url":"/character/shinji-ikari/","count":1231},{"id":5523,"type":"artist","name":"asanagi aoi","url":"/artist/asanagi-aoi/","count":55},{"id":6015,"type":"character","name":"mayumi yamagishi","url":"/character/mayumi-yamagishi/","count":3},{"id":8378,"type":"tag","name":"glasses","url":"/tag/glasses/","count":48279},{"id":17137,"type":"parody","name":"neon genesis evangelion","url":"/parody/neon-genesis-evangelion/","count":2492},{"id":19440,"type":"tag","name":"lolicon","url":"/tag/lolicon/","count":69490},{"id":19954,"type":"tag","name":"yuri","url":"/tag/yuri/","count":20241},{"id":21779,"type":"character","name":"rei ayanami","url":"/character/rei-ayanami/","count":1196},{"id":24412,"type":"tag","name":"bodysuit","url":"/tag/bodysuit/","count":3135},{"id":24832,"type":"character","name":"misato katsuragi","url":"/character/misato-katsuragi/","count":339},{"id":26028,"type":"character","name":"mana kirishima","url":"/character/mana-kirishima/","count":4},{"id":29859,"type":"tag","name":"blowjob","url":"/tag/blowjob/","count":37321},{"id":30093,"type":"group","name":"chimatsuriya honpo","url":"/group/chimatsuriya-honpo/","count":51},{"id":6346,"type":"language","name":"japanese","url":"/language/japanese/","count":191613},{"id":33172,"type":"category","name":"doujinshi","url":"/category/doujinshi/","count":228729},{"id":10314,"type":"tag","name":"schoolgirl uniform","url":"/tag/schoolgirl-uniform/","count":56168},{"id":8010,"type":"tag","name":"group","url":"/tag/group/","count":72150},{"id":7256,"type":"tag","name":"mmf threesome","url":"/tag/mmf-threesome/","count":9641},{"id":27553,"type":"tag","name":"rape","url":"/tag/rape/","count":34191},{"id":13720,"type":"tag","name":"nakadashi","url":"/tag/nakadashi/","count":42357}],"num_pages":83,"num_favorites":30}