{"id":250,"media_id":"85","title":{"english":"[SHYNESS OVER DRIVE (Motozaki Akira)] Seinen 14 Sai (Neon Genesis Evangelion)","japanese":"[SHYNESS OVER DRIVE (\u7d20\u5d0e\u5f70)] \u9752\u5e7414\u6b73 (\u65b0\u4e16\u7d00\u30a8\u30f4\u30a1\u30f3\u30b2\u30ea\u30aa\u30f3)","pretty":"Seinen 14 Sai"},"images":{"pages":[{"t":"j","w":1200,"h":1711},{"t":"j","w":1041,"h":1513},{"t":"j","w":1041,"h":1513},{"t":"j","w":1041,"h":1513},{"t":"j","w":1041,"h":1513},{"t":"j","w":1041,"h":1513},{"t":"j","w":1041,"h":1513},{"t":"j","w":1041,"h":1513},{"t":"j","w":1041,"h":1513},{"t":"j","w":1041,"h":1513},{"t":"j","w":1041,"h":1513},{"t":"j","w":1041,"h":1513},{"t":"j","w":1041,"h":1513},{"t":"j","w":1041,"h":1513},{"t":"j","w":1041,"h":1513},{"t":"j","w":1041,"h":1513},{"t":"j","w":1041,"h":1513},{"t":"j","w":1041,"h":1513},{"t":"j","w":1041,"h":1513},{"t":"j","w":1041,"h":1513},{"t":"j","w":1041,"h":1513},{"t":"j","w":1041,"h":1513},{"t":"j","w":1041,"h":1513},{"t":"j","w":1041,"h":1513},{"t":"j","w":1041,"h":1513},{"t":"j","w":1041,"h":1513},{"t":"j","w":1041,"h":1513},{"t":"j","w":1041,"h":1513},{"t":"j","w":1041,"h":1513},{"t":"j","w":1041,"h":1513},{"t":"j","w":1041,"h":1513},{"t":"j","w":1041,"h":1513},{"t":"j","w":1041,"h":1513},{"t":"j","w":1041,"h":1513},{"t":"j","w":1041,"h":1513},{"t":"j","w":1041,"h":1513},{"t":"j","w":1041,"h":1513},{"t":"j","w":1041,"h":1513},{"t":"j","w":1041,"h":1513},{"t":"j","w":1041,"h":1513},{"t":"j","w":1041,"h":1513},{"t":"j","w":1041,"h":1513},{"t":"j","w":1041,"h":1513},{"t":"j","w":1041,"h":1513},{"t":"j","w":1041,"h":1513},{"t":"j","w":1041,"h":1513},{"t":"j","w":1041,"h":1513},{"t":"j","w":1041,"h":1513},{"t":"j","w":1041,"h":1513},{"t":"j","w":1041,"h":1513},{"t":"j","w":1041,"h":1513},{"t":"j","w":1041,"h":1513},{"t":"j","w":1041,"h":1513},{"t":"j","w":1041,"h":1513},{"t":"j","w":1041,"h":1513},{"t":"j","w":1041,"h":1513},{"t":"j","w":1041,"h":1513},{"t":"j","w":1200,"h":1705}],"cover":{"t":"j","w":350,"h":499},"thumbnail":{"t":"j","w":250,"h":356}},"scanlator":"","upload_date":1403965005,"tags":[{"id":3206,"type":"character","name":"shinji ikari","url":"/character/shinji-ikari/","count":1231},{"id":4684,"type":"artist","name":"motozaki akira","url":"/artist/motozaki-akira/","count":20},{"id":8263,"type":"group","name":"shyness over drive","url":"/group/shyness-over-drive/","count":4},{"id":17137,"type":"parody","name":"neon genesis evangelion","url":"/parody/neon-genesis-evangelion/","count":2492},{"id":19440,"type":"tag","name":"lolicon","url":"/tag/lolicon/","count":69490},{"id":21779,"type":"character","name":"rei ayanami","url":"/character/rei-ayanami/","count":1196},{"id":24832,"type":"character","name":"misato katsuragi","url":"/character/misato-katsuragi/","count":339},{"id":25125,"type":"character","name":"asuka langley soryu","url":"/character/asuka-langley-soryu/","count":1515},{"id":29859,"type":"tag","name":"blowjob","url":"/tag/blowjob/","count":37321},{"id":6346,"type":"language","name":"japanese","url":"/language/japanese/","count":191613},{"id":33172,"type":"category","name":"doujinshi","url":"/category/doujinshi/","count":228729},{"id":10314,"type":"tag","name":"schoolgirl uniform","url":"/tag/schoolgirl-uniform/","count":56168},{"id":8368,"type":"tag","name":"full censorship","url":"/tag/full-censorship/","count":17000},{"id":35763,"type":"tag","name":"sole male","url":"/tag/sole-male/","count":60070}],"num_pages":58,"num_favorites":19}