{"id":"251","media_id":"120","title":{"english":"(CR19) [Chimatsuriya Honpo (Various)] Apocrypha (Neon Genesis Evangelion)","japanese":"(C\u30ec\u30f4\u30a919) [\u8840\u796d\u5c4b\u672c\u8217 (\u3088\u308d\u305a)] APOCRYPHA (\u65b0\u4e16\u7d00\u30a8\u30f4\u30a1\u30f3\u30b2\u30ea\u30aa\u30f3)","pretty":"Apocrypha"},"images":{"pages":[{"t":"j","w":1028,"h":1450},{"t":"j","w":978,"h":1450},{"t":"j","w":961,"h":1450},{"t":"j","w":987,"h":1450},{"t":"j","w":980,"h":1450},{"t":"j","w":985,"h":1450},{"t":"j","w":981,"h":1450},{"t":"j","w":996,"h":1450},{"t":"j","w":998,"h":1450},{"t":"j","w":1000,"h":1450},{"t":"j","w":990,"h":1450},{"t":"j","w":1000,"h":1450},{"t":"j","w":960,"h":1450},{"t":"j","w":996,"h":1450},{"t":"j","w":951,"h":1450},{"t":"j","w":1006,"h":1450},{"t":"j","w":967,"h":1450},{"t":"j","w":981,"h":1450},{"t":"j","w":979,"h":1450},{"t":"j","w":1004,"h":1450},{"t":"j","w":977,"h":1450},{"t":"j","w":1000,"h":1450},{"t":"j","w":976,"h":1450},{"t":"j","w":995,"h":1450},{"t":"j","w":968,"h":1450},{"t":"j","w":996,"h":1450},{"t":"j","w":972,"h":1450},{"t":"j","w":987,"h":1450},{"t":"j","w":965,"h":1450},{"t":"j","w":1001,"h":1450},{"t":"j","w":973,"h":1450},{"t":"j","w":984,"h":1450},{"t":"j","w":961,"h":1450},{"t":"j","w":991,"h":1450},{"t":"j","w":977,"h":1450},{"t":"j","w":995,"h":1450},{"t":"j","w":973,"h":1450},{"t":"j","w":998,"h":1450},{"t":"j","w":968,"h":1450},{"t":"j","w":991,"h":1450},{"t":"j","w":970,"h":1450},{"t":"j","w":981,"h":1450},{"t":"j","w":932,"h":1450},{"t":"j","w":987,"h":1450},{"t":"j","w":961,"h":1450},{"t":"j","w":988,"h":1450},{"t":"j","w":968,"h":1450},{"t":"j","w":983,"h":1450},{"t":"j","w":981,"h":1450},{"t":"j","w":971,"h":1450},{"t":"j","w":986,"h":1450},{"t":"j","w":995,"h":1450},{"t":"j","w":954,"h":1450},{"t":"j","w":999,"h":1450},{"t":"j","w":985,"h":1450},{"t":"j","w":998,"h":1450},{"t":"j","w":961,"h":1450},{"t":"j","w":999,"h":1450},{"t":"j","w":965,"h":1450},{"t":"j","w":999,"h":1450},{"t":"j","w":977,"h":1450},{"t":"j","w":985,"h":1450},{"t":"j","w":977,"h":1450},{"t":"j","w":995,"h":1450},{"t":"j","w":961,"h":1450},{"t":"j","w":985,"h":1450},{"t":"j","w":968,"h":1450},{"t":"j","w":991,"h":1450},{"t":"j","w":968,"h":1450},{"t":"j","w":987,"h":1450},{"t":"j","w":976,"h":1450},{"t":"j","w":979,"h":1450},{"t":"j","w":969,"h":1450},{"t":"j","w":986,"h":1450},{"t":"j","w":980,"h":1450},{"t":"j","w":995,"h":1450},{"t":"j","w":976,"h":1450},{"t":"j","w":995,"h":1450},{"t":"j","w":972,"h":1450},{"t":"j","w":995,"h":1450},{"t":"j","w":955,"h":1450},{"t":"j","w":987,"h":1450},{"t":"j","w":981,"h":1450},{"t":"j","w":985,"h":1450},{"t":"j","w":988,"h":1450},{"t":"j","w":999,"h":1450},{"t":"j","w":981,"h":1450},{"t":"j","w":999,"h":1450},{"t":"j","w":964,"h":1450},{"t":"j","w":1014,"h":1450}],"cover":{"t":"j","w":350,"h":494},"thumbnail":{"t":"j","w":250,"h":353}},"scanlator":"","upload_date":1403965006,"tags":[{"id":5523,"type":"artist","name":"asanagi aoi","url":"/artist/asanagi-aoi/","count":55},{"id":8378,"type":"tag","name":"glasses","url":"/tag/glasses/","count":48279},{"id":16651,"type":"character","name":"ritsuko akagi","url":"/character/ritsuko-akagi/","count":209},{"id":17137,"type":"parody","name":"neon genesis evangelion","url":"/parody/neon-genesis-evangelion/","count":2492},{"id":21779,"type":"character","name":"rei ayanami","url":"/character/rei-ayanami/","count":1196},{"id":24832,"type":"character","name":"misato katsuragi","url":"/character/misato-katsuragi/","count":339},{"id":25125,"type":"character","name":"asuka langley soryu","url":"/character/asuka-langley-soryu/","count":1515},{"id":29013,"type":"tag","name":"dilf","url":"/tag/dilf/","count":15244},{"id":30093,"type":"group","name":"chimatsuriya honpo","url":"/group/chimatsuriya-honpo/","count":51},{"id":32341,"type":"tag","name":"shotacon","url":"/tag/shotacon/","count":39737},{"id":6346,"type":"language","name":"japanese","url":"/language/japanese/","count":191613},{"id":33172,"type":"category","name":"doujinshi","url":"/category/doujinshi/","count":228729},{"id":3206,"type":"character","name":"shinji ikari","url":"/character/shinji-ikari/","count":1231},{"id":17801,"type":"tag","name":"solo action","url":"/tag/solo-action/","count":1055},{"id":9162,"type":"tag","name":"masturbation","url":"/tag/masturbation/","count":9228}],"num_pages":90,"num_favorites":27}