{"id":252,"media_id":"123","title":{"english":"(C66) [Studio Kimigabuchi (Kimimaru)] RE-TAKE (Neon Genesis Evangelion) [English]","japanese":"(C66) [\u30b9\u30bf\u30b8\u30aaKIMIGABUCHI (\u304d\u307f\u307e\u308b)] RE-TAKE (\u65b0\u4e16\u7d00\u30a8\u30f4\u30a1\u30f3\u30b2\u30ea\u30aa\u30f3) [\u82f1\u8a33]","pretty":"RE-TAKE"},"images":{"pages":[{"t":"j","w":1200,"h":835},{"t":"j","w":980,"h":1400},{"t":"j","w":1200,"h":857},{"t":"j","w":980,"h":1400},{"t":"j","w":980,"h":1400},{"t":"j","w":1200,"h":857},{"t":"j","w":1200,"h":857},{"t":"j","w":980,"h":1400},{"t":"j","w":980,"h":1400},{"t":"j","w":980,"h":1400},{"t":"j","w":980,"h":1400},{"t":"j","w":980,"h":1400},{"t":"j","w":980,"h":1400},{"t":"j","w":980,"h":1400},{"t":"j","w":980,"h":1400},{"t":"j","w":980,"h":1400},{"t":"j","w":980,"h":1400},{"t":"j","w":980,"h":1400},{"t":"j","w":980,"h":1400},{"t":"j","w":980,"h":1400},{"t":"j","w":980,"h":1400},{"t":"j","w":980,"h":1400},{"t":"j","w":980,"h":1400},{"t":"j","w":980,"h":1400},{"t":"j","w":980,"h":1400},{"t":"j","w":980,"h":1400},{"t":"j","w":980,"h":1400},{"t":"j","w":980,"h":1400},{"t":"j","w":980,"h":1400},{"t":"j","w":980,"h":1400},{"t":"j","w":980,"h":1400},{"t":"j","w":980,"h":1400},{"t":"j","w":980,"h":1400},{"t":"j","w":980,"h":1400},{"t":"j","w":980,"h":1400},{"t":"j","w":980,"h":1400},{"t":"j","w":980,"h":1400},{"t":"j","w":980,"h":1400},{"t":"j","w":980,"h":1400},{"t":"j","w":980,"h":1400},{"t":"j","w":980,"h":1400},{"t":"j","w":980,"h":1400},{"t":"j","w":980,"h":1400},{"t":"j","w":980,"h":1400},{"t":"j","w":980,"h":1400},{"t":"j","w":980,"h":1400},{"t":"j","w":980,"h":1400},{"t":"j","w":980,"h":1400},{"t":"j","w":980,"h":1400},{"t":"j","w":980,"h":1400},{"t":"j","w":980,"h":1400},{"t":"j","w":980,"h":1400},{"t":"j","w":980,"h":1400},{"t":"j","w":980,"h":1400},{"t":"j","w":980,"h":1400},{"t":"j","w":980,"h":1400},{"t":"j","w":980,"h":1400},{"t":"j","w":1200,"h":857},{"t":"j","w":980,"h":1400},{"t":"j","w":980,"h":1400},{"t":"j","w":980,"h":1400},{"t":"j","w":980,"h":1400},{"t":"j","w":980,"h":1400},{"t":"j","w":980,"h":1400},{"t":"j","w":980,"h":1400},{"t":"j","w":980,"h":1400},{"t":"j","w":980,"h":1400},{"t":"j","w":980,"h":1400},{"t":"j","w":980,"h":1400},{"t":"j","w":980,"h":1400},{"t":"j","w":980,"h":1400},{"t":"j","w":980,"h":1400},{"t":"j","w":980,"h":1400},{"t":"j","w":980,"h":1400},{"t":"j","w":980,"h":1400},{"t":"j","w":980,"h":1400},{"t":"j","w":980,"h":1400},{"t":"j","w":980,"h":1400},{"t":"j","w":980,"h":1400},{"t":"j","w":980,"h":1400},{"t":"j","w":980,"h":1400},{"t":"j","w":980,"h":1400},{"t":"j","w":980,"h":1400},{"t":"j","w":980,"h":1400},{"t":"j","w":1200,"h":857},{"t":"j","w":1200,"h":857},{"t":"j","w":980,"h":1400},{"t":"j","w":980,"h":1400},{"t":"j","w":980,"h":1400},{"t":"j","w":800,"h":1142},{"t":"j","w":990,"h":1400}],"cover":{"t":"j","w":350,"h":244},"thumbnail":{"t":"j","w":250,"h":174}},"scanlator":"","upload_date":1403965009,"tags":[{"id":3206,"type":"character","name":"shinji ikari","url":"/character/shinji-ikari/","count":1243},{"id":12227,"type":"language","name":"english","url":"/language/english/","count":72944},{"id":17137,"type":"parody","name":"neon genesis evangelion","url":"/parody/neon-genesis-evangelion/","count":2508},{"id":17249,"type":"language","name":"translated","url":"/language/translated/","count":117296},{"id":25125,"type":"character","name":"asuka langley soryu","url":"/character/asuka-langley-soryu/","count":1540},{"id":27938,"type":"artist","name":"kimimaru","url":"/artist/kimimaru/","count":178},{"id":28736,"type":"group","name":"studio kimigabuchi","url":"/group/studio-kimigabuchi/","count":166},{"id":33172,"type":"category","name":"doujinshi","url":"/category/doujinshi/","count":238428},{"id":10314,"type":"tag","name":"schoolgirl uniform","url":"/tag/schoolgirl-uniform/","count":58076},{"id":8739,"type":"tag","name":"story arc","url":"/tag/story-arc/","count":10019},{"id":21572,"type":"tag","name":"multi-work series","url":"/tag/multi-work-series/","count":15195},{"id":7752,"type":"tag","name":"schoolboy uniform","url":"/tag/schoolboy-uniform/","count":12713}],"num_pages":91,"num_favorites":612}