{"id":254,"media_id":"126","title":{"english":"(ComiComi10) [Studio Kimigabuchi (Kimimaru)] Higurashi no Naku Sama ni (Higurashi no Naku Koro ni) [English]","japanese":"(\u30b3\u30df\u30b3\u30df10) [\u30b9\u30bf\u30b8\u30aaKIMIGABUCHI (\u304d\u307f\u307e\u308b)] \u3072\u3050\u3089\u3057\u306e\u9cf4\u304f\u69d8\u306b (\u3072\u3050\u3089\u3057\u306e\u306a\u304f\u9803\u306b) [\u82f1\u8a33]","pretty":"Higurashi no Naku Sama ni"},"images":{"pages":[{"t":"j","w":851,"h":1200},{"t":"j","w":842,"h":1200},{"t":"j","w":1200,"h":846},{"t":"j","w":842,"h":1200},{"t":"j","w":842,"h":1200},{"t":"j","w":842,"h":1200},{"t":"j","w":842,"h":1200},{"t":"j","w":842,"h":1200},{"t":"j","w":842,"h":1200},{"t":"j","w":842,"h":1200},{"t":"j","w":842,"h":1200},{"t":"j","w":842,"h":1200},{"t":"j","w":842,"h":1200},{"t":"j","w":842,"h":1200},{"t":"j","w":842,"h":1200},{"t":"j","w":842,"h":1200},{"t":"j","w":842,"h":1200},{"t":"j","w":842,"h":1200},{"t":"j","w":842,"h":1200},{"t":"j","w":842,"h":1200},{"t":"j","w":842,"h":1200},{"t":"j","w":842,"h":1200},{"t":"j","w":842,"h":1200},{"t":"j","w":842,"h":1200},{"t":"j","w":842,"h":1200},{"t":"j","w":1200,"h":842},{"t":"j","w":842,"h":1200},{"t":"j","w":842,"h":1200},{"t":"j","w":842,"h":1200},{"t":"j","w":842,"h":1200},{"t":"j","w":842,"h":1200},{"t":"j","w":852,"h":1200}],"cover":{"t":"j","w":350,"h":494},"thumbnail":{"t":"j","w":250,"h":353}},"scanlator":"","upload_date":1403965013,"tags":[{"id":2192,"type":"character","name":"rena ryuuguu","url":"/character/rena-ryuuguu/","count":70},{"id":9304,"type":"parody","name":"higurashi no naku koro ni","url":"/parody/higurashi-no-naku-koro-ni/","count":255},{"id":12227,"type":"language","name":"english","url":"/language/english/","count":69378},{"id":14283,"type":"tag","name":"anal","url":"/tag/anal/","count":64587},{"id":17249,"type":"language","name":"translated","url":"/language/translated/","count":109734},{"id":20502,"type":"character","name":"mion sonozaki","url":"/character/mion-sonozaki/","count":74},{"id":27938,"type":"artist","name":"kimimaru","url":"/artist/kimimaru/","count":173},{"id":28736,"type":"group","name":"studio kimigabuchi","url":"/group/studio-kimigabuchi/","count":160},{"id":30885,"type":"character","name":"rika furude","url":"/character/rika-furude/","count":107},{"id":33172,"type":"category","name":"doujinshi","url":"/category/doujinshi/","count":228729},{"id":10314,"type":"tag","name":"schoolgirl uniform","url":"/tag/schoolgirl-uniform/","count":56168}],"num_pages":32,"num_favorites":104}