{"id":255,"media_id":"128","title":{"english":"[Kusano Kouichi] Kanojo no Yuuutsu | A Girlfriend's Melancholy (Kiss Me) [English]","japanese":"[\u8349\u91ce\u7d05\u58f1] \u5f7c\u5973\u306e\u6182\u9b31 (Kiss Me) [\u82f1\u8a33]","pretty":"Kanojo no Yuuutsu | A Girlfriend's Melancholy"},"images":{"pages":[{"t":"j","w":722,"h":1024},{"t":"j","w":722,"h":1024},{"t":"j","w":722,"h":1024},{"t":"j","w":722,"h":1024},{"t":"j","w":722,"h":1024},{"t":"j","w":722,"h":1024},{"t":"j","w":722,"h":1024},{"t":"j","w":722,"h":1024},{"t":"j","w":722,"h":1024},{"t":"j","w":722,"h":1024},{"t":"j","w":722,"h":1024},{"t":"j","w":722,"h":1024},{"t":"j","w":722,"h":1024},{"t":"j","w":722,"h":1024},{"t":"j","w":722,"h":1024},{"t":"j","w":722,"h":1024},{"t":"j","w":722,"h":1024},{"t":"j","w":722,"h":1024},{"t":"j","w":722,"h":1024},{"t":"j","w":722,"h":1024}],"cover":{"t":"j","w":350,"h":496},"thumbnail":{"t":"j","w":250,"h":355}},"scanlator":"","upload_date":1403965014,"tags":[{"id":12227,"type":"language","name":"english","url":"/language/english/","count":69378},{"id":17249,"type":"language","name":"translated","url":"/language/translated/","count":109734},{"id":24306,"type":"artist","name":"kusano kouichi","url":"/artist/kusano-kouichi/","count":71},{"id":25601,"type":"tag","name":"small breasts","url":"/tag/small-breasts/","count":7002},{"id":33173,"type":"category","name":"manga","url":"/category/manga/","count":77142}],"num_pages":20,"num_favorites":182}