{"id":181,"media_id":"309","title":{"english":"[Satoshi Urushihara, Kimura Yoshihiro] Lady Innocent","japanese":"[\u3046\u308b\u3057\u539f\u667a\u5fd7, \u6728\u6751\u7fa9\u6d69] \u30ec\u30c7\u30a3\u30a4\u30ce\u30bb\u30f3\u30c8","pretty":"Lady Innocent"},"images":{"pages":[{"t":"j","w":820,"h":1218},{"t":"j","w":822,"h":1219},{"t":"j","w":811,"h":1188},{"t":"j","w":825,"h":1219},{"t":"j","w":822,"h":1221},{"t":"j","w":828,"h":1222},{"t":"j","w":829,"h":1224},{"t":"j","w":1200,"h":883},{"t":"j","w":831,"h":1225},{"t":"j","w":823,"h":1227},{"t":"j","w":822,"h":1221},{"t":"j","w":820,"h":1224},{"t":"j","w":819,"h":1225},{"t":"j","w":813,"h":1218},{"t":"j","w":811,"h":1219},{"t":"j","w":810,"h":1221},{"t":"j","w":799,"h":1215},{"t":"j","w":813,"h":1221},{"t":"j","w":810,"h":1222},{"t":"j","w":816,"h":1224},{"t":"j","w":792,"h":1225},{"t":"j","w":811,"h":1227},{"t":"j","w":805,"h":1221},{"t":"j","w":787,"h":1210},{"t":"j","w":715,"h":1041},{"t":"j","w":631,"h":900}],"cover":{"t":"j","w":350,"h":520},"thumbnail":{"t":"j","w":250,"h":371}},"scanlator":"","upload_date":1403964910,"tags":[{"id":190,"type":"tag","name":"maid","url":"/tag/maid/","count":10550},{"id":8010,"type":"tag","name":"group","url":"/tag/group/","count":72150},{"id":15658,"type":"tag","name":"bondage","url":"/tag/bondage/","count":34540},{"id":20905,"type":"tag","name":"full color","url":"/tag/full-color/","count":33404},{"id":27378,"type":"tag","name":"artbook","url":"/tag/artbook/","count":1798},{"id":31991,"type":"artist","name":"kimura yoshihiro","url":"/artist/kimura-yoshihiro/","count":19},{"id":32341,"type":"tag","name":"shotacon","url":"/tag/shotacon/","count":39737},{"id":6346,"type":"language","name":"japanese","url":"/language/japanese/","count":191613},{"id":33173,"type":"category","name":"manga","url":"/category/manga/","count":77142},{"id":24201,"type":"tag","name":"stockings","url":"/tag/stockings/","count":64784},{"id":3666,"type":"tag","name":"garter belt","url":"/tag/garter-belt/","count":7640},{"id":31880,"type":"tag","name":"bbm","url":"/tag/bbm/","count":11652},{"id":29859,"type":"tag","name":"blowjob","url":"/tag/blowjob/","count":37321},{"id":13720,"type":"tag","name":"nakadashi","url":"/tag/nakadashi/","count":42357},{"id":50834,"type":"artist","name":"urushihara satoshi","url":"/artist/urushihara-satoshi/","count":137}],"num_pages":26,"num_favorites":625}