{"id":183,"media_id":"371","title":{"english":"(C70) [Kyouken Diners (Yonekura Kengo)] Red Ache (Neon Genesis Evangelion)","japanese":"(C70) [\u72c2\u72ac\u30c0\u30a4\u30ca\u30fc\u30ba (\u7c73\u5009\u3051\u3093\u3054)] Red Ache (\u65b0\u4e16\u7d00\u30a8\u30f4\u30a1\u30f3\u30b2\u30ea\u30aa\u30f3)","pretty":"Red Ache"},"images":{"pages":[{"t":"j","w":1130,"h":1600},{"t":"j","w":1121,"h":1600},{"t":"j","w":1121,"h":1600},{"t":"j","w":1121,"h":1600},{"t":"j","w":1121,"h":1600},{"t":"j","w":1121,"h":1600},{"t":"j","w":1121,"h":1600},{"t":"j","w":1121,"h":1600},{"t":"j","w":1121,"h":1600},{"t":"j","w":1121,"h":1600},{"t":"j","w":1121,"h":1600},{"t":"j","w":1121,"h":1600},{"t":"j","w":1121,"h":1600},{"t":"j","w":1121,"h":1600},{"t":"j","w":1121,"h":1600},{"t":"j","w":1121,"h":1600},{"t":"j","w":1121,"h":1600},{"t":"j","w":1121,"h":1600},{"t":"j","w":1121,"h":1600},{"t":"j","w":1121,"h":1600},{"t":"j","w":1121,"h":1600},{"t":"j","w":1121,"h":1600},{"t":"j","w":1121,"h":1600},{"t":"j","w":1121,"h":1600},{"t":"j","w":1121,"h":1600},{"t":"j","w":1130,"h":1600}],"cover":{"t":"j","w":350,"h":496},"thumbnail":{"t":"j","w":250,"h":354}},"scanlator":"","upload_date":1403964914,"tags":[{"id":779,"type":"tag","name":"futanari","url":"/tag/futanari/","count":23336},{"id":3206,"type":"character","name":"shinji ikari","url":"/character/shinji-ikari/","count":1231},{"id":8010,"type":"tag","name":"group","url":"/tag/group/","count":72839},{"id":9903,"type":"group","name":"kyouken diners","url":"/group/kyouken-diners/","count":11},{"id":17137,"type":"parody","name":"neon genesis evangelion","url":"/parody/neon-genesis-evangelion/","count":2492},{"id":19440,"type":"tag","name":"lolicon","url":"/tag/lolicon/","count":70096},{"id":19954,"type":"tag","name":"yuri","url":"/tag/yuri/","count":20411},{"id":21779,"type":"character","name":"rei ayanami","url":"/character/rei-ayanami/","count":1196},{"id":24033,"type":"artist","name":"yonekura kengo","url":"/artist/yonekura-kengo/","count":86},{"id":25125,"type":"character","name":"asuka langley soryu","url":"/character/asuka-langley-soryu/","count":1515},{"id":27553,"type":"tag","name":"rape","url":"/tag/rape/","count":34545},{"id":6346,"type":"language","name":"japanese","url":"/language/japanese/","count":193003},{"id":33172,"type":"category","name":"doujinshi","url":"/category/doujinshi/","count":231184},{"id":35971,"type":"tag","name":"male on dickgirl","url":"/tag/male-on-dickgirl/","count":1999},{"id":24412,"type":"tag","name":"bodysuit","url":"/tag/bodysuit/","count":3164}],"num_pages":26,"num_favorites":54}