{"id":188,"media_id":"396","title":{"english":"(CR31) [CHAHO (Natsuki Kotoe)] Angel Sweet petit (Neon Genesis Evangelion)","japanese":"(C\u30ec\u30f4\u30a931) [\u3061\u3083\u307b (\u90a3\u6708\u7434\u834f)] Angel Sweet petit (\u65b0\u4e16\u7d00\u30a8\u30f4\u30a1\u30f3\u30b2\u30ea\u30aa\u30f3)","pretty":"Angel Sweet petit"},"images":{"pages":[{"t":"j","w":850,"h":1200},{"t":"j","w":848,"h":1200},{"t":"j","w":848,"h":1200},{"t":"j","w":848,"h":1200},{"t":"j","w":848,"h":1200},{"t":"j","w":848,"h":1200},{"t":"j","w":848,"h":1200},{"t":"j","w":848,"h":1200},{"t":"j","w":848,"h":1200},{"t":"j","w":848,"h":1200},{"t":"j","w":848,"h":1200},{"t":"j","w":851,"h":1200},{"t":"j","w":848,"h":1200},{"t":"j","w":848,"h":1200},{"t":"j","w":848,"h":1200},{"t":"j","w":848,"h":1200},{"t":"j","w":848,"h":1200},{"t":"j","w":848,"h":1200},{"t":"j","w":848,"h":1200},{"t":"j","w":848,"h":1200},{"t":"j","w":848,"h":1200},{"t":"j","w":848,"h":1200},{"t":"j","w":839,"h":1200},{"t":"j","w":851,"h":1200}],"cover":{"t":"j","w":350,"h":494},"thumbnail":{"t":"j","w":250,"h":353}},"scanlator":"","upload_date":1403964917,"tags":[{"id":266,"type":"tag","name":"sundress","url":"/tag/sundress/","count":1070},{"id":6291,"type":"group","name":"chaho","url":"/group/chaho/","count":5},{"id":17137,"type":"parody","name":"neon genesis evangelion","url":"/parody/neon-genesis-evangelion/","count":2492},{"id":23445,"type":"artist","name":"natsuki kotoe","url":"/artist/natsuki-kotoe/","count":6},{"id":25125,"type":"character","name":"asuka langley soryu","url":"/character/asuka-langley-soryu/","count":1515},{"id":31044,"type":"tag","name":"collar","url":"/tag/collar/","count":13788},{"id":6346,"type":"language","name":"japanese","url":"/language/japanese/","count":193003},{"id":33172,"type":"category","name":"doujinshi","url":"/category/doujinshi/","count":231184},{"id":13720,"type":"tag","name":"nakadashi","url":"/tag/nakadashi/","count":43099},{"id":35762,"type":"tag","name":"sole female","url":"/tag/sole-female/","count":67502}],"num_pages":24,"num_favorites":18}