{"id":189,"media_id":"438","title":{"english":"[Lee] Shimai Gokko [Sisters at play] (Gunslinger Girl) [English]","japanese":"[LEE] \u59c9\u59b9\u3054\u3063\u3053 (\u30ac\u30f3\u30b9\u30ea\u30f3\u30ac\u30fc\u30fb\u30ac\u30fc\u30eb) [\u82f1\u8a33]","pretty":"Shimai Gokko"},"images":{"pages":[{"t":"j","w":840,"h":1200},{"t":"j","w":840,"h":1200},{"t":"j","w":840,"h":1200},{"t":"j","w":840,"h":1200},{"t":"j","w":840,"h":1200},{"t":"j","w":840,"h":1200},{"t":"j","w":840,"h":1200},{"t":"j","w":840,"h":1200},{"t":"j","w":840,"h":1200},{"t":"j","w":840,"h":1200}],"cover":{"t":"j","w":350,"h":500},"thumbnail":{"t":"j","w":250,"h":357}},"scanlator":"","upload_date":1403964918,"tags":[{"id":7511,"type":"artist","name":"lee","url":"/artist/lee/","count":106},{"id":9315,"type":"character","name":"rico","url":"/character/rico/","count":15},{"id":12227,"type":"language","name":"english","url":"/language/english/","count":69378},{"id":17249,"type":"language","name":"translated","url":"/language/translated/","count":109734},{"id":18385,"type":"character","name":"henrietta","url":"/character/henrietta/","count":37},{"id":19304,"type":"parody","name":"gunslinger girl","url":"/parody/gunslinger-girl/","count":54},{"id":19440,"type":"tag","name":"lolicon","url":"/tag/lolicon/","count":69490},{"id":19954,"type":"tag","name":"yuri","url":"/tag/yuri/","count":20241},{"id":33172,"type":"category","name":"doujinshi","url":"/category/doujinshi/","count":228729},{"id":8050,"type":"tag","name":"females only","url":"/tag/females-only/","count":8656},{"id":25393,"type":"group","name":"pa-pu-","url":"/group/pa-pu/","count":11}],"num_pages":10,"num_favorites":621}