{"id":191,"media_id":"441","title":{"english":"(C71) [Kohakutei (Sakai Hamachi)] EDEN -Rei7- (Neon Genesis Evangelion)","japanese":"(C71) [\u7425\u73c0\u4ead (\u583a\u306f\u307e\u3061)] EDEN -Rei7- (\u65b0\u4e16\u7d00\u30a8\u30f4\u30a1\u30f3\u30b2\u30ea\u30aa\u30f3)","pretty":"EDEN"},"images":{"pages":[{"t":"j","w":1146,"h":1600},{"t":"j","w":1118,"h":1600},{"t":"j","w":1118,"h":1600},{"t":"j","w":1118,"h":1600},{"t":"j","w":1118,"h":1600},{"t":"j","w":1118,"h":1600},{"t":"j","w":1118,"h":1600},{"t":"j","w":1118,"h":1600},{"t":"j","w":1118,"h":1600},{"t":"j","w":1118,"h":1600},{"t":"j","w":1118,"h":1600},{"t":"j","w":1118,"h":1600},{"t":"j","w":1118,"h":1600},{"t":"j","w":1118,"h":1600},{"t":"j","w":1118,"h":1600},{"t":"j","w":1118,"h":1600},{"t":"j","w":1118,"h":1600},{"t":"j","w":1118,"h":1600},{"t":"j","w":1118,"h":1600},{"t":"j","w":1118,"h":1600},{"t":"j","w":1118,"h":1600},{"t":"j","w":1118,"h":1600},{"t":"j","w":1118,"h":1600},{"t":"j","w":1118,"h":1600},{"t":"j","w":1118,"h":1600},{"t":"j","w":1118,"h":1600},{"t":"j","w":1118,"h":1600},{"t":"j","w":1118,"h":1600},{"t":"j","w":1118,"h":1600},{"t":"j","w":1118,"h":1600},{"t":"j","w":1118,"h":1600},{"t":"j","w":1118,"h":1600},{"t":"j","w":1118,"h":1600},{"t":"j","w":1146,"h":1600}],"cover":{"t":"j","w":350,"h":489},"thumbnail":{"t":"j","w":250,"h":349}},"scanlator":"","upload_date":1403964922,"tags":[{"id":2937,"type":"tag","name":"big breasts","url":"/tag/big-breasts/","count":108513},{"id":3206,"type":"character","name":"shinji ikari","url":"/character/shinji-ikari/","count":1243},{"id":8444,"type":"artist","name":"sakai hamachi","url":"/artist/sakai-hamachi/","count":292},{"id":11229,"type":"group","name":"kohakutei","url":"/group/kohakutei/","count":191},{"id":17137,"type":"parody","name":"neon genesis evangelion","url":"/parody/neon-genesis-evangelion/","count":2508},{"id":21779,"type":"character","name":"rei ayanami","url":"/character/rei-ayanami/","count":1219},{"id":24412,"type":"tag","name":"bodysuit","url":"/tag/bodysuit/","count":3294},{"id":25125,"type":"character","name":"asuka langley soryu","url":"/character/asuka-langley-soryu/","count":1540},{"id":6346,"type":"language","name":"japanese","url":"/language/japanese/","count":197135},{"id":33172,"type":"category","name":"doujinshi","url":"/category/doujinshi/","count":238435},{"id":10314,"type":"tag","name":"schoolgirl uniform","url":"/tag/schoolgirl-uniform/","count":58076},{"id":21572,"type":"tag","name":"multi-work series","url":"/tag/multi-work-series/","count":15196},{"id":13720,"type":"tag","name":"nakadashi","url":"/tag/nakadashi/","count":45682},{"id":20035,"type":"tag","name":"x-ray","url":"/tag/x-ray/","count":22237}],"num_pages":34,"num_favorites":79}