{"id":192,"media_id":"447","title":{"english":"[Mizui Kaou] Slow Step [English]","japanese":"[\u745e\u4e95\u9e7f\u592e] Slow Step [\u82f1\u8a33]","pretty":"Slow Step"},"images":{"pages":[{"t":"j","w":1200,"h":1063},{"t":"j","w":1098,"h":1400},{"t":"j","w":960,"h":1400},{"t":"j","w":960,"h":1400},{"t":"j","w":960,"h":1400},{"t":"j","w":960,"h":1400},{"t":"j","w":960,"h":1400},{"t":"j","w":960,"h":1400},{"t":"j","w":960,"h":1400},{"t":"j","w":960,"h":1400},{"t":"j","w":960,"h":1400},{"t":"j","w":960,"h":1400},{"t":"j","w":960,"h":1400},{"t":"j","w":960,"h":1400},{"t":"j","w":960,"h":1400},{"t":"j","w":960,"h":1400},{"t":"j","w":960,"h":1400},{"t":"j","w":960,"h":1400},{"t":"j","w":960,"h":1400},{"t":"j","w":960,"h":1400},{"t":"j","w":960,"h":1400},{"t":"j","w":960,"h":1400},{"t":"j","w":960,"h":1400},{"t":"j","w":960,"h":1400},{"t":"j","w":960,"h":1400},{"t":"j","w":960,"h":1400},{"t":"j","w":960,"h":1400},{"t":"j","w":960,"h":1400},{"t":"j","w":960,"h":1400},{"t":"j","w":960,"h":1400},{"t":"j","w":960,"h":1400},{"t":"j","w":960,"h":1400},{"t":"j","w":960,"h":1400},{"t":"j","w":960,"h":1400},{"t":"j","w":960,"h":1400},{"t":"j","w":960,"h":1400},{"t":"j","w":960,"h":1400},{"t":"j","w":960,"h":1400},{"t":"j","w":960,"h":1400},{"t":"j","w":960,"h":1400},{"t":"j","w":960,"h":1400},{"t":"j","w":960,"h":1400},{"t":"j","w":960,"h":1400},{"t":"j","w":960,"h":1400},{"t":"j","w":960,"h":1400},{"t":"j","w":960,"h":1400},{"t":"j","w":960,"h":1400},{"t":"j","w":960,"h":1400},{"t":"j","w":960,"h":1400},{"t":"j","w":960,"h":1400},{"t":"j","w":960,"h":1400},{"t":"j","w":960,"h":1400},{"t":"j","w":960,"h":1400},{"t":"j","w":960,"h":1400},{"t":"j","w":960,"h":1400},{"t":"j","w":960,"h":1400},{"t":"j","w":960,"h":1400},{"t":"j","w":960,"h":1400},{"t":"j","w":960,"h":1400},{"t":"j","w":960,"h":1400},{"t":"j","w":960,"h":1400},{"t":"j","w":960,"h":1400},{"t":"j","w":960,"h":1400},{"t":"j","w":960,"h":1400},{"t":"j","w":960,"h":1400},{"t":"j","w":960,"h":1400},{"t":"j","w":960,"h":1400},{"t":"j","w":960,"h":1400},{"t":"j","w":960,"h":1400},{"t":"j","w":960,"h":1400},{"t":"j","w":960,"h":1400},{"t":"j","w":960,"h":1400},{"t":"j","w":960,"h":1400},{"t":"j","w":960,"h":1400},{"t":"j","w":960,"h":1400},{"t":"j","w":960,"h":1400},{"t":"j","w":960,"h":1400},{"t":"j","w":960,"h":1400},{"t":"j","w":960,"h":1400},{"t":"j","w":960,"h":1400},{"t":"j","w":960,"h":1400},{"t":"j","w":960,"h":1400},{"t":"j","w":960,"h":1400},{"t":"j","w":960,"h":1400},{"t":"j","w":960,"h":1400},{"t":"j","w":960,"h":1400},{"t":"j","w":960,"h":1400},{"t":"j","w":960,"h":1400},{"t":"j","w":960,"h":1400},{"t":"j","w":960,"h":1400},{"t":"j","w":960,"h":1400},{"t":"j","w":960,"h":1400},{"t":"j","w":960,"h":1400},{"t":"j","w":960,"h":1400},{"t":"j","w":960,"h":1400},{"t":"j","w":960,"h":1400},{"t":"j","w":960,"h":1400},{"t":"j","w":960,"h":1400},{"t":"j","w":960,"h":1400},{"t":"j","w":960,"h":1400},{"t":"j","w":960,"h":1400},{"t":"j","w":960,"h":1400},{"t":"j","w":960,"h":1400},{"t":"j","w":960,"h":1400},{"t":"j","w":960,"h":1400},{"t":"j","w":960,"h":1400},{"t":"j","w":960,"h":1400},{"t":"j","w":960,"h":1400},{"t":"j","w":960,"h":1400},{"t":"j","w":960,"h":1400},{"t":"j","w":960,"h":1400},{"t":"j","w":960,"h":1400},{"t":"j","w":960,"h":1400},{"t":"j","w":960,"h":1400},{"t":"j","w":960,"h":1400},{"t":"j","w":960,"h":1400},{"t":"j","w":960,"h":1400},{"t":"j","w":960,"h":1400},{"t":"j","w":960,"h":1400},{"t":"j","w":960,"h":1400},{"t":"j","w":960,"h":1400},{"t":"j","w":960,"h":1400},{"t":"j","w":960,"h":1400},{"t":"j","w":960,"h":1400},{"t":"j","w":960,"h":1400},{"t":"j","w":960,"h":1400},{"t":"j","w":960,"h":1400},{"t":"j","w":960,"h":1400},{"t":"j","w":960,"h":1400},{"t":"j","w":960,"h":1400},{"t":"j","w":960,"h":1400},{"t":"j","w":960,"h":1400},{"t":"j","w":960,"h":1400},{"t":"j","w":960,"h":1400},{"t":"j","w":960,"h":1400},{"t":"j","w":960,"h":1400},{"t":"j","w":960,"h":1400},{"t":"j","w":960,"h":1400},{"t":"j","w":960,"h":1400},{"t":"j","w":960,"h":1400},{"t":"j","w":960,"h":1400},{"t":"j","w":960,"h":1400},{"t":"j","w":960,"h":1400},{"t":"j","w":960,"h":1400},{"t":"j","w":960,"h":1400},{"t":"j","w":960,"h":1400},{"t":"j","w":960,"h":1400},{"t":"j","w":960,"h":1400},{"t":"j","w":960,"h":1400},{"t":"j","w":960,"h":1400},{"t":"j","w":960,"h":1400},{"t":"j","w":960,"h":1400},{"t":"j","w":960,"h":1400},{"t":"j","w":960,"h":1400},{"t":"j","w":960,"h":1400},{"t":"j","w":960,"h":1400},{"t":"j","w":960,"h":1400},{"t":"j","w":960,"h":1400},{"t":"j","w":960,"h":1400},{"t":"j","w":960,"h":1400},{"t":"j","w":960,"h":1400},{"t":"j","w":960,"h":1400},{"t":"j","w":960,"h":1400},{"t":"j","w":960,"h":1400},{"t":"j","w":960,"h":1400},{"t":"j","w":960,"h":1400},{"t":"j","w":960,"h":1400},{"t":"j","w":960,"h":1400},{"t":"j","w":960,"h":1400},{"t":"j","w":960,"h":1400},{"t":"j","w":960,"h":1400},{"t":"j","w":960,"h":1400},{"t":"j","w":960,"h":1400},{"t":"j","w":960,"h":1400},{"t":"j","w":960,"h":1400},{"t":"j","w":960,"h":1400},{"t":"j","w":960,"h":1400},{"t":"j","w":960,"h":1400},{"t":"j","w":960,"h":1400},{"t":"j","w":960,"h":1400},{"t":"j","w":960,"h":1400},{"t":"j","w":960,"h":1400},{"t":"j","w":960,"h":1400},{"t":"j","w":960,"h":1400},{"t":"j","w":960,"h":1400},{"t":"j","w":1200,"h":1143},{"t":"j","w":1144,"h":1600}],"cover":{"t":"j","w":350,"h":310},"thumbnail":{"t":"j","w":250,"h":221}},"scanlator":"","upload_date":1403964923,"tags":[{"id":190,"type":"tag","name":"maid","url":"/tag/maid/","count":10550},{"id":779,"type":"tag","name":"futanari","url":"/tag/futanari/","count":23173},{"id":1088,"type":"tag","name":"bdsm","url":"/tag/bdsm/","count":1933},{"id":3735,"type":"tag","name":"swimsuit","url":"/tag/swimsuit/","count":19363},{"id":6900,"type":"tag","name":"miko","url":"/tag/miko/","count":2866},{"id":8010,"type":"tag","name":"group","url":"/tag/group/","count":72150},{"id":8378,"type":"tag","name":"glasses","url":"/tag/glasses/","count":48279},{"id":10820,"type":"group","name":"flavor graphics","url":"/group/flavor-graphics/","count":23},{"id":12227,"type":"language","name":"english","url":"/language/english/","count":69378},{"id":12367,"type":"artist","name":"mizui kaou","url":"/artist/mizui-kaou/","count":91},{"id":13720,"type":"tag","name":"nakadashi","url":"/tag/nakadashi/","count":42357},{"id":16533,"type":"tag","name":"sleeping","url":"/tag/sleeping/","count":4276},{"id":17249,"type":"language","name":"translated","url":"/language/translated/","count":109734},{"id":19440,"type":"tag","name":"lolicon","url":"/tag/lolicon/","count":69490},{"id":20035,"type":"tag","name":"x-ray","url":"/tag/x-ray/","count":20947},{"id":20525,"type":"tag","name":"defloration","url":"/tag/defloration/","count":23209},{"id":22079,"type":"tag","name":"drugs","url":"/tag/drugs/","count":6723},{"id":22942,"type":"tag","name":"incest","url":"/tag/incest/","count":28107},{"id":23237,"type":"tag","name":"tankoubon","url":"/tag/tankoubon/","count":25051},{"id":23965,"type":"tag","name":"chloroform","url":"/tag/chloroform/","count":1858},{"id":26953,"type":"tag","name":"bukkake","url":"/tag/bukkake/","count":4717},{"id":27553,"type":"tag","name":"rape","url":"/tag/rape/","count":34191},{"id":28031,"type":"tag","name":"sister","url":"/tag/sister/","count":14429},{"id":28800,"type":"tag","name":"bloomers","url":"/tag/bloomers/","count":5648},{"id":29565,"type":"tag","name":"school swimsuit","url":"/tag/school-swimsuit/","count":3924},{"id":33173,"type":"category","name":"manga","url":"/category/manga/","count":77142},{"id":10314,"type":"tag","name":"schoolgirl uniform","url":"/tag/schoolgirl-uniform/","count":56168},{"id":35970,"type":"tag","name":"dickgirl on dickgirl","url":"/tag/dickgirl-on-dickgirl/","count":2940},{"id":30645,"type":"tag","name":"dick growth","url":"/tag/dick-growth/","count":3261},{"id":13640,"type":"tag","name":"frottage","url":"/tag/frottage/","count":1173}],"num_pages":187,"num_favorites":897}