{"id":"193","media_id":"457","title":{"english":"(SC26) [Tsuki no Ryodan (Rei Do)] Houkago no Taiiku Souko (Neon Genesis Evangelion)","japanese":"(\u30b5\u30f3\u30af\u30ea26) [\u6708\u306e\u65c5\u56e3 (\u96f6\u571f)] \u653e\u8ab2\u5f8c\u306e\u4f53\u80b2\u5009\u5eab (\u65b0\u4e16\u7d00\u30a8\u30f4\u30a1\u30f3\u30b2\u30ea\u30aa\u30f3)","pretty":"Houkago no Taiiku Souko"},"images":{"pages":[{"t":"j","w":884,"h":1280},{"t":"j","w":890,"h":1280},{"t":"j","w":863,"h":1280},{"t":"j","w":868,"h":1280},{"t":"j","w":848,"h":1280},{"t":"j","w":842,"h":1280},{"t":"j","w":837,"h":1280},{"t":"j","w":832,"h":1280},{"t":"j","w":841,"h":1280},{"t":"j","w":808,"h":1280},{"t":"j","w":834,"h":1280},{"t":"j","w":851,"h":1280},{"t":"j","w":910,"h":1280},{"t":"j","w":837,"h":1280},{"t":"j","w":830,"h":1280},{"t":"j","w":842,"h":1280},{"t":"j","w":835,"h":1280},{"t":"j","w":835,"h":1280},{"t":"j","w":906,"h":1280},{"t":"j","w":880,"h":1280},{"t":"j","w":895,"h":1280},{"t":"j","w":869,"h":1280},{"t":"j","w":897,"h":1280},{"t":"j","w":886,"h":1280},{"t":"j","w":910,"h":1280},{"t":"j","w":870,"h":1280},{"t":"j","w":870,"h":1280},{"t":"j","w":846,"h":1280},{"t":"j","w":883,"h":1280}],"cover":{"t":"j","w":350,"h":507},"thumbnail":{"t":"j","w":250,"h":362}},"scanlator":"","upload_date":1403964928,"tags":[{"id":1798,"type":"artist","name":"rei do","url":"/artist/rei-do/","count":1},{"id":17137,"type":"parody","name":"neon genesis evangelion","url":"/parody/neon-genesis-evangelion/","count":2492},{"id":25125,"type":"character","name":"asuka langley soryu","url":"/character/asuka-langley-soryu/","count":1515},{"id":27553,"type":"tag","name":"rape","url":"/tag/rape/","count":34545},{"id":31044,"type":"tag","name":"collar","url":"/tag/collar/","count":13788},{"id":6346,"type":"language","name":"japanese","url":"/language/japanese/","count":193003},{"id":33172,"type":"category","name":"doujinshi","url":"/category/doujinshi/","count":231184},{"id":8010,"type":"tag","name":"group","url":"/tag/group/","count":72839},{"id":35762,"type":"tag","name":"sole female","url":"/tag/sole-female/","count":67502},{"id":7752,"type":"tag","name":"schoolboy uniform","url":"/tag/schoolboy-uniform/","count":12400}],"num_pages":29,"num_favorites":42}