{"id":194,"media_id":"458","title":{"english":"(CR28) [CHAHO (Natsuki Kotoe)] Milcrepe (Neon Genesis Evangelion)","japanese":"(C\u30ec\u30f4\u30a928) [\u3061\u3083\u307b (\u90a3\u6708\u7434\u834f)] \u30df\u30eb\u30af\u30ec\u30fc\u30d7 (\u65b0\u4e16\u7d00\u30a8\u30f4\u30a1\u30f3\u30b2\u30ea\u30aa\u30f3)","pretty":"Milcrepe"},"images":{"pages":[{"t":"j","w":680,"h":977},{"t":"j","w":680,"h":973},{"t":"j","w":680,"h":973},{"t":"j","w":680,"h":973},{"t":"j","w":680,"h":973},{"t":"j","w":680,"h":973},{"t":"j","w":680,"h":973},{"t":"j","w":680,"h":973},{"t":"j","w":680,"h":973},{"t":"j","w":680,"h":973},{"t":"j","w":680,"h":973},{"t":"j","w":680,"h":973},{"t":"j","w":680,"h":973},{"t":"j","w":680,"h":973},{"t":"j","w":680,"h":973},{"t":"j","w":680,"h":973},{"t":"j","w":680,"h":973}],"cover":{"t":"j","w":350,"h":503},"thumbnail":{"t":"j","w":250,"h":359}},"scanlator":"","upload_date":1403964929,"tags":[{"id":6291,"type":"group","name":"chaho","url":"/group/chaho/","count":5},{"id":17137,"type":"parody","name":"neon genesis evangelion","url":"/parody/neon-genesis-evangelion/","count":2492},{"id":21875,"type":"artist","name":"izurumi","url":"/artist/izurumi/","count":95},{"id":23445,"type":"artist","name":"natsuki kotoe","url":"/artist/natsuki-kotoe/","count":6},{"id":25125,"type":"character","name":"asuka langley soryu","url":"/character/asuka-langley-soryu/","count":1515},{"id":6346,"type":"language","name":"japanese","url":"/language/japanese/","count":193003},{"id":33172,"type":"category","name":"doujinshi","url":"/category/doujinshi/","count":231184},{"id":8368,"type":"tag","name":"full censorship","url":"/tag/full-censorship/","count":17250}],"num_pages":17,"num_favorites":29}