{"id":101,"media_id":"724","title":{"english":"(C70) [Studio Katsudon (Manabe Jouji)] Plug Suit Fetish Vol. 4 (Neon Genesis Evangelion) [English]","japanese":"(C70) [\u30b9\u30bf\u30b8\u30aa\u304b\u3064\u4e3c (\u771f\u934b\u8b72\u6cbb)] \u30d7\u30e9\u30b0\u30b9\u30fc\u30c4\u30fb\u30d5\u30a7\u30c1 vol.4 (\u65b0\u4e16\u7d00\u30a8\u30f4\u30a1\u30f3\u30b2\u30ea\u30aa\u30f3) [\u82f1\u8a33]","pretty":"Plug Suit Fetish Vol. 4"},"images":{"pages":[{"t":"j","w":1200,"h":1728},{"t":"j","w":1200,"h":1720},{"t":"j","w":1200,"h":1726},{"t":"j","w":1200,"h":1652},{"t":"j","w":1200,"h":1466},{"t":"j","w":1200,"h":1785},{"t":"j","w":1200,"h":1753},{"t":"j","w":1200,"h":1759},{"t":"j","w":1200,"h":1738},{"t":"j","w":1200,"h":1728},{"t":"j","w":1200,"h":1751},{"t":"j","w":1200,"h":1726},{"t":"j","w":1200,"h":1732},{"t":"j","w":1200,"h":1763},{"t":"j","w":1200,"h":1741},{"t":"j","w":1200,"h":1772},{"t":"j","w":1200,"h":1735},{"t":"j","w":1200,"h":1751},{"t":"j","w":1200,"h":1716},{"t":"j","w":1200,"h":1741},{"t":"j","w":1200,"h":1735},{"t":"j","w":1200,"h":1738},{"t":"j","w":1200,"h":1716},{"t":"j","w":1200,"h":1738},{"t":"j","w":1200,"h":1716},{"t":"j","w":1200,"h":1745},{"t":"j","w":1200,"h":1703},{"t":"j","w":1200,"h":1454},{"t":"j","w":1200,"h":1432},{"t":"j","w":1200,"h":1691}],"cover":{"t":"j","w":350,"h":504},"thumbnail":{"t":"j","w":250,"h":360}},"scanlator":"","upload_date":1403964826,"tags":[{"id":109,"type":"group","name":"studio katsudon","url":"/group/studio-katsudon/","count":190},{"id":3206,"type":"character","name":"shinji ikari","url":"/character/shinji-ikari/","count":1231},{"id":12227,"type":"language","name":"english","url":"/language/english/","count":69378},{"id":17137,"type":"parody","name":"neon genesis evangelion","url":"/parody/neon-genesis-evangelion/","count":2492},{"id":17249,"type":"language","name":"translated","url":"/language/translated/","count":109734},{"id":21779,"type":"character","name":"rei ayanami","url":"/character/rei-ayanami/","count":1196},{"id":22456,"type":"artist","name":"manabe jouji","url":"/artist/manabe-jouji/","count":413},{"id":33172,"type":"category","name":"doujinshi","url":"/category/doujinshi/","count":228729},{"id":35762,"type":"tag","name":"sole female","url":"/tag/sole-female/","count":66202},{"id":7752,"type":"tag","name":"schoolboy uniform","url":"/tag/schoolboy-uniform/","count":12311},{"id":13136,"type":"tag","name":"facesitting","url":"/tag/facesitting/","count":1715},{"id":24412,"type":"tag","name":"bodysuit","url":"/tag/bodysuit/","count":3164},{"id":9083,"type":"tag","name":"big ass","url":"/tag/big-ass/","count":9564},{"id":35763,"type":"tag","name":"sole male","url":"/tag/sole-male/","count":60070}],"num_pages":30,"num_favorites":742}