{"id":103,"media_id":"730","title":{"english":"(C63) [Tail of Nearly (Waka)] Aaaa-Asuka Ver. 2 (Neon Genesis Evangelion)","japanese":"(C63) [\u30c6\u30fc\u30eb of \u30cb\u30e4\u30ea\u30fc (WAKA)] \u3042\u3042\u3042\u3042\u30a2\u30b9\u30ab Ver. 2 (\u65b0\u4e16\u7d00\u30a8\u30f4\u30a1\u30f3\u30b2\u30ea\u30aa\u30f3)","pretty":"Aaaa-Asuka Ver. 2"},"images":{"pages":[{"t":"j","w":1200,"h":838},{"t":"j","w":1077,"h":1500},{"t":"j","w":1055,"h":1500},{"t":"j","w":1055,"h":1500},{"t":"j","w":1055,"h":1500},{"t":"j","w":1055,"h":1500},{"t":"j","w":1055,"h":1500},{"t":"j","w":1055,"h":1500},{"t":"j","w":1055,"h":1500},{"t":"j","w":1055,"h":1500},{"t":"j","w":1055,"h":1500},{"t":"j","w":1055,"h":1500},{"t":"j","w":1055,"h":1500},{"t":"j","w":1055,"h":1500},{"t":"j","w":1055,"h":1500},{"t":"j","w":1055,"h":1500},{"t":"j","w":1055,"h":1500},{"t":"j","w":1055,"h":1500},{"t":"j","w":1055,"h":1500},{"t":"j","w":1055,"h":1500},{"t":"j","w":1055,"h":1500},{"t":"j","w":1055,"h":1500},{"t":"j","w":1055,"h":1500},{"t":"j","w":1055,"h":1500},{"t":"j","w":1055,"h":1500},{"t":"j","w":1055,"h":1500},{"t":"j","w":1055,"h":1500},{"t":"j","w":1055,"h":1500},{"t":"j","w":1055,"h":1500},{"t":"j","w":1055,"h":1500},{"t":"j","w":1055,"h":1500},{"t":"j","w":1055,"h":1500},{"t":"j","w":1055,"h":1500},{"t":"j","w":1055,"h":1500},{"t":"j","w":1055,"h":1500},{"t":"j","w":1055,"h":1500},{"t":"j","w":1055,"h":1500},{"t":"j","w":1055,"h":1500},{"t":"j","w":1055,"h":1500},{"t":"j","w":1055,"h":1500},{"t":"j","w":1048,"h":1500}],"cover":{"t":"j","w":350,"h":244},"thumbnail":{"t":"j","w":250,"h":175}},"scanlator":"","upload_date":1403964829,"tags":[{"id":2937,"type":"tag","name":"big breasts","url":"/tag/big-breasts/","count":103273},{"id":17137,"type":"parody","name":"neon genesis evangelion","url":"/parody/neon-genesis-evangelion/","count":2492},{"id":17983,"type":"artist","name":"waka","url":"/artist/waka/","count":60},{"id":25125,"type":"character","name":"asuka langley soryu","url":"/character/asuka-langley-soryu/","count":1515},{"id":27553,"type":"tag","name":"rape","url":"/tag/rape/","count":34545},{"id":30752,"type":"group","name":"tail of nearly","url":"/group/tail-of-nearly/","count":40},{"id":6346,"type":"language","name":"japanese","url":"/language/japanese/","count":191613},{"id":33172,"type":"category","name":"doujinshi","url":"/category/doujinshi/","count":228729},{"id":19018,"type":"tag","name":"dark skin","url":"/tag/dark-skin/","count":21056}],"num_pages":41,"num_favorites":27}