{"id":105,"media_id":"554","title":{"english":"[Maniac Street (E.M.H)] ebuange 9 (Neon Genesis Evangelion)","japanese":"[Maniac Street (E.M.H)] \u3048\u3076\u3041\u3093\u3052\uff19 (\u65b0\u4e16\u7d00\u30a8\u30f4\u30a1\u30f3\u30b2\u30ea\u30aa\u30f3)","pretty":"ebuange 9"},"images":{"pages":[{"t":"j","w":719,"h":1000},{"t":"j","w":719,"h":1000},{"t":"j","w":719,"h":1000},{"t":"j","w":719,"h":1000},{"t":"j","w":719,"h":1000},{"t":"j","w":719,"h":1000},{"t":"j","w":719,"h":1000},{"t":"j","w":719,"h":1000},{"t":"j","w":719,"h":1000},{"t":"j","w":719,"h":1000},{"t":"j","w":719,"h":1000},{"t":"j","w":719,"h":1000},{"t":"j","w":719,"h":1000},{"t":"j","w":719,"h":1000},{"t":"j","w":719,"h":1000},{"t":"j","w":719,"h":1000},{"t":"j","w":719,"h":1000},{"t":"j","w":719,"h":1000},{"t":"j","w":719,"h":1000},{"t":"j","w":719,"h":1000},{"t":"j","w":719,"h":1000},{"t":"j","w":719,"h":1000},{"t":"j","w":719,"h":1000},{"t":"j","w":719,"h":1000},{"t":"j","w":719,"h":1000},{"t":"j","w":719,"h":1000},{"t":"j","w":450,"h":321}],"cover":{"t":"j","w":350,"h":487},"thumbnail":{"t":"j","w":250,"h":348}},"scanlator":"","upload_date":1403964831,"tags":[{"id":8010,"type":"tag","name":"group","url":"/tag/group/","count":72150},{"id":14283,"type":"tag","name":"anal","url":"/tag/anal/","count":64587},{"id":15785,"type":"tag","name":"harem","url":"/tag/harem/","count":7694},{"id":16458,"type":"group","name":"maniac street","url":"/group/maniac-street/","count":105},{"id":17137,"type":"parody","name":"neon genesis evangelion","url":"/parody/neon-genesis-evangelion/","count":2492},{"id":22945,"type":"tag","name":"double penetration","url":"/tag/double-penetration/","count":24472},{"id":25125,"type":"character","name":"asuka langley soryu","url":"/character/asuka-langley-soryu/","count":1515},{"id":27553,"type":"tag","name":"rape","url":"/tag/rape/","count":34545},{"id":29212,"type":"artist","name":"e.c.h","url":"/artist/e-c-h/","count":7},{"id":6346,"type":"language","name":"japanese","url":"/language/japanese/","count":191613},{"id":33172,"type":"category","name":"doujinshi","url":"/category/doujinshi/","count":228729},{"id":10314,"type":"tag","name":"schoolgirl uniform","url":"/tag/schoolgirl-uniform/","count":56168},{"id":27473,"type":"tag","name":"mosaic censorship","url":"/tag/mosaic-censorship/","count":23707},{"id":35762,"type":"tag","name":"sole female","url":"/tag/sole-female/","count":66202}],"num_pages":27,"num_favorites":96}