{"id":107,"media_id":"555","title":{"english":"[Maniac Street (Black Olive)] Ninpu no Chuushin de Seishi o Houshutsushita Kemono (Neon Genesis Evangelion)","japanese":"[Maniac Street (\u30d6\u30e9\u30c3\u30af\u30aa\u30ea\u30fc\u30d6)] \u598a\u5a66\u306e\u4e2d\u5fc3\u3067\u7cbe\u5b50\u3092\u653e\u51fa\u3057\u305f\u3051\u3082\u306e (\u65b0\u4e16\u7d00\u30a8\u30f4\u30a1\u30f3\u30b2\u30ea\u30aa\u30f3)","pretty":"Ninpu no Chuushin de Seishi o Houshutsushita Kemono"},"images":{"pages":[{"t":"j","w":560,"h":420},{"t":"j","w":919,"h":1300},{"t":"j","w":919,"h":1300},{"t":"j","w":919,"h":1300},{"t":"j","w":919,"h":1300},{"t":"j","w":919,"h":1300},{"t":"j","w":919,"h":1300},{"t":"j","w":919,"h":1300},{"t":"j","w":919,"h":1300},{"t":"j","w":919,"h":1300},{"t":"j","w":919,"h":1300},{"t":"j","w":921,"h":1300},{"t":"j","w":919,"h":1300},{"t":"j","w":919,"h":1300},{"t":"j","w":919,"h":1300},{"t":"j","w":919,"h":1300},{"t":"j","w":919,"h":1300},{"t":"j","w":919,"h":1300},{"t":"j","w":919,"h":1300},{"t":"j","w":912,"h":1300},{"t":"j","w":914,"h":1300},{"t":"j","w":919,"h":1300},{"t":"j","w":919,"h":1300},{"t":"j","w":919,"h":1300},{"t":"j","w":919,"h":1300},{"t":"j","w":919,"h":1300},{"t":"j","w":919,"h":1300},{"t":"j","w":912,"h":1300},{"t":"j","w":919,"h":1300},{"t":"j","w":919,"h":1300},{"t":"j","w":919,"h":1300},{"t":"j","w":919,"h":1300},{"t":"j","w":919,"h":1300},{"t":"j","w":919,"h":1300},{"t":"j","w":919,"h":1300},{"t":"j","w":919,"h":1300},{"t":"j","w":919,"h":1300},{"t":"j","w":912,"h":1300},{"t":"j","w":919,"h":1300},{"t":"j","w":919,"h":1300},{"t":"j","w":919,"h":1300},{"t":"j","w":919,"h":1300},{"t":"j","w":911,"h":1300},{"t":"j","w":911,"h":1300},{"t":"j","w":911,"h":1300},{"t":"j","w":915,"h":1300},{"t":"j","w":919,"h":1300},{"t":"j","w":923,"h":1300},{"t":"j","w":910,"h":1300},{"t":"j","w":912,"h":1300},{"t":"j","w":919,"h":1300},{"t":"j","w":919,"h":1300},{"t":"j","w":919,"h":1300},{"t":"j","w":918,"h":1300},{"t":"j","w":911,"h":1300},{"t":"j","w":919,"h":1300},{"t":"j","w":919,"h":1300},{"t":"j","w":919,"h":1300},{"t":"j","w":915,"h":1300},{"t":"j","w":919,"h":1300},{"t":"j","w":911,"h":1300},{"t":"j","w":912,"h":1300},{"t":"j","w":923,"h":1300},{"t":"j","w":914,"h":1300},{"t":"j","w":919,"h":1300},{"t":"j","w":919,"h":1300},{"t":"j","w":925,"h":1300},{"t":"j","w":925,"h":1300},{"t":"j","w":925,"h":1300},{"t":"j","w":925,"h":1300},{"t":"j","w":925,"h":1300},{"t":"j","w":925,"h":1300},{"t":"j","w":925,"h":1300},{"t":"j","w":925,"h":1300},{"t":"j","w":925,"h":1300},{"t":"j","w":925,"h":1300},{"t":"j","w":925,"h":1300},{"t":"j","w":925,"h":1300},{"t":"j","w":925,"h":1300},{"t":"j","w":925,"h":1300},{"t":"j","w":925,"h":1300},{"t":"j","w":925,"h":1300},{"t":"j","w":919,"h":1300}],"cover":{"t":"j","w":350,"h":263},"thumbnail":{"t":"j","w":250,"h":188}},"scanlator":"","upload_date":1403964832,"tags":[{"id":706,"type":"tag","name":"birth","url":"/tag/birth/","count":2609},{"id":2937,"type":"tag","name":"big breasts","url":"/tag/big-breasts/","count":103273},{"id":6343,"type":"tag","name":"pregnant","url":"/tag/pregnant/","count":9150},{"id":8010,"type":"tag","name":"group","url":"/tag/group/","count":72150},{"id":8653,"type":"tag","name":"netorare","url":"/tag/netorare/","count":15879},{"id":14283,"type":"tag","name":"anal","url":"/tag/anal/","count":64587},{"id":16458,"type":"group","name":"maniac street","url":"/group/maniac-street/","count":105},{"id":17137,"type":"parody","name":"neon genesis evangelion","url":"/parody/neon-genesis-evangelion/","count":2489},{"id":18276,"type":"artist","name":"black olive","url":"/artist/black-olive/","count":25},{"id":20035,"type":"tag","name":"x-ray","url":"/tag/x-ray/","count":20947},{"id":20905,"type":"tag","name":"full color","url":"/tag/full-color/","count":33404},{"id":22945,"type":"tag","name":"double penetration","url":"/tag/double-penetration/","count":24472},{"id":24412,"type":"tag","name":"bodysuit","url":"/tag/bodysuit/","count":3135},{"id":25125,"type":"character","name":"asuka langley soryu","url":"/character/asuka-langley-soryu/","count":1515},{"id":26953,"type":"tag","name":"bukkake","url":"/tag/bukkake/","count":4717},{"id":29224,"type":"tag","name":"impregnation","url":"/tag/impregnation/","count":15414},{"id":32341,"type":"tag","name":"shotacon","url":"/tag/shotacon/","count":39737},{"id":6346,"type":"language","name":"japanese","url":"/language/japanese/","count":191613},{"id":33172,"type":"category","name":"doujinshi","url":"/category/doujinshi/","count":228729},{"id":10314,"type":"tag","name":"schoolgirl uniform","url":"/tag/schoolgirl-uniform/","count":56168}],"num_pages":83,"num_favorites":157}