{"id":109,"media_id":"562","title":{"english":"(C68) [Nakayohi Mogudan (Mogudan)] Ayanami (Neon Genesis Evangelion)","japanese":"(C68) [\u306a\u304b\u3088\u3072\u30e2\u30b0\u30c0\u30f3 (\u30e2\u30b0\u30c0\u30f3)] \u7dbe\u6ce2 (\u65b0\u4e16\u7d00\u30a8\u30f4\u30a1\u30f3\u30b2\u30ea\u30aa\u30f3)","pretty":"Ayanami"},"images":{"pages":[{"t":"j","w":1063,"h":1497},{"t":"j","w":1063,"h":1497},{"t":"j","w":1063,"h":1497},{"t":"j","w":1063,"h":1497},{"t":"j","w":1063,"h":1497},{"t":"j","w":1063,"h":1497},{"t":"j","w":1063,"h":1497},{"t":"j","w":1063,"h":1497},{"t":"j","w":1063,"h":1497},{"t":"j","w":1063,"h":1497},{"t":"j","w":1063,"h":1497},{"t":"j","w":1063,"h":1497},{"t":"j","w":1063,"h":1497},{"t":"j","w":1063,"h":1497},{"t":"j","w":1063,"h":1497},{"t":"j","w":1063,"h":1497},{"t":"j","w":1063,"h":1497},{"t":"j","w":1063,"h":1497},{"t":"j","w":1063,"h":1497},{"t":"j","w":1063,"h":1497},{"t":"j","w":1063,"h":1497},{"t":"j","w":1063,"h":1497},{"t":"j","w":1063,"h":1497},{"t":"j","w":1063,"h":1497},{"t":"j","w":1063,"h":1497},{"t":"j","w":1063,"h":1497}],"cover":{"t":"j","w":350,"h":493},"thumbnail":{"t":"j","w":250,"h":352}},"scanlator":"","upload_date":1403964835,"tags":[{"id":2937,"type":"tag","name":"big breasts","url":"/tag/big-breasts/","count":103273},{"id":9083,"type":"tag","name":"big ass","url":"/tag/big-ass/","count":9564},{"id":13432,"type":"group","name":"nakayohi mogudan","url":"/group/nakayohi-mogudan/","count":157},{"id":17137,"type":"parody","name":"neon genesis evangelion","url":"/parody/neon-genesis-evangelion/","count":2492},{"id":17202,"type":"artist","name":"mogudan","url":"/artist/mogudan/","count":213},{"id":21779,"type":"character","name":"rei ayanami","url":"/character/rei-ayanami/","count":1196},{"id":28800,"type":"tag","name":"bloomers","url":"/tag/bloomers/","count":5672},{"id":6346,"type":"language","name":"japanese","url":"/language/japanese/","count":191613},{"id":33172,"type":"category","name":"doujinshi","url":"/category/doujinshi/","count":228729},{"id":10314,"type":"tag","name":"schoolgirl uniform","url":"/tag/schoolgirl-uniform/","count":56168},{"id":35763,"type":"tag","name":"sole male","url":"/tag/sole-male/","count":60070},{"id":35762,"type":"tag","name":"sole female","url":"/tag/sole-female/","count":66202},{"id":8378,"type":"tag","name":"glasses","url":"/tag/glasses/","count":48279}],"num_pages":26,"num_favorites":281}