[{"id":106,"title":"Hon o Yomu Shoujo","tags":["shinji ikari","maniac street","neon genesis evangelion","black olive","rei ayanami","rape","shotacon","japanese","doujinshi","mosaic censorship","sole female","sole male"],"page":18},{"id":105,"title":"ebuange 9","tags":["group","anal","harem","maniac street","neon genesis evangelion","double penetration","asuka langley soryu","rape","e.c.h","japanese","doujinshi","schoolgirl uniform","mosaic censorship","sole female"],"page":27},{"id":104,"title":"ebuange 8","tags":["gendo ikari","maniac street","neon genesis evangelion","rei ayanami","asuka langley soryu","rape","e.c.h","japanese","doujinshi","dilf"],"page":24},{"id":103,"title":"Aaaa-Asuka Ver. 2","tags":["big breasts","neon genesis evangelion","waka","asuka langley soryu","rape","tail of nearly","japanese","doujinshi","dark skin"],"page":41},{"id":102,"title":"Aaaa Asuka","tags":["shinji ikari","bondage","neon genesis evangelion","waka","asuka langley soryu","rape","tail of nearly","shibari","japanese","doujinshi"],"page":45},{"id":101,"title":"Plug Suit Fetish Vol. 4","tags":["studio katsudon","shinji ikari","english","neon genesis evangelion","translated","rei ayanami","manabe jouji","doujinshi","sole female","schoolboy uniform","facesitting","bodysuit","big ass","sole male"],"page":30},{"id":110,"title":"Ayanami 1 Gakuseihen - One Student Compilation 1","tags":["big breasts","swimsuit","schoolgirl uniform","english","nakayohi mogudan","neon genesis evangelion","mogudan","full color","rei ayanami","mosaic censorship","doujinshi","sole female"],"page":24},{"id":109,"title":"Ayanami","tags":["big breasts","big ass","nakayohi mogudan","neon genesis evangelion","mogudan","rei ayanami","bloomers","japanese","doujinshi","schoolgirl uniform","sole male","sole female","glasses"],"page":26},{"id":108,"title":"Otona Asuka","tags":["maniac street","neon genesis evangelion","black olive","full color","asuka langley soryu","impregnation","shotacon","japanese","doujinshi","nakadashi"],"page":19},{"id":107,"title":"Ninpu no Chuushin de Seishi o Houshutsushita Kemono","tags":["birth","big breasts","pregnant","group","netorare","anal","maniac street","neon genesis evangelion","black olive","x-ray","full color","double penetration","bodysuit","asuka langley soryu","bukkake","impregnation","shotacon","japanese","doujinshi","schoolgirl uniform"],"page":83}]