{"id":31,"media_id":"889","title":{"english":"[Kurikara] Hishin Zeme","japanese":"[\u5036\u68a8\u4f3d\u7f85] \u79d8\u5507\u8cac\u3081","pretty":"Hishin Zeme"},"images":{"pages":[{"t":"j","w":1200,"h":977},{"t":"j","w":1200,"h":1039},{"t":"j","w":970,"h":1400},{"t":"j","w":970,"h":1400},{"t":"j","w":970,"h":1400},{"t":"j","w":970,"h":1400},{"t":"j","w":970,"h":1400},{"t":"j","w":970,"h":1400},{"t":"j","w":970,"h":1400},{"t":"j","w":970,"h":1400},{"t":"j","w":970,"h":1400},{"t":"j","w":970,"h":1400},{"t":"j","w":970,"h":1400},{"t":"j","w":970,"h":1400},{"t":"j","w":970,"h":1400},{"t":"j","w":970,"h":1400},{"t":"j","w":970,"h":1400},{"t":"j","w":970,"h":1400},{"t":"j","w":970,"h":1400},{"t":"j","w":970,"h":1400},{"t":"j","w":970,"h":1400},{"t":"j","w":970,"h":1400},{"t":"j","w":970,"h":1400},{"t":"j","w":970,"h":1400},{"t":"j","w":970,"h":1400},{"t":"j","w":970,"h":1400},{"t":"j","w":970,"h":1400},{"t":"j","w":970,"h":1400},{"t":"j","w":970,"h":1400},{"t":"j","w":970,"h":1400},{"t":"j","w":970,"h":1400},{"t":"j","w":970,"h":1400},{"t":"j","w":970,"h":1400},{"t":"j","w":970,"h":1400},{"t":"j","w":970,"h":1400},{"t":"j","w":970,"h":1400},{"t":"j","w":970,"h":1400},{"t":"j","w":970,"h":1400},{"t":"j","w":970,"h":1400},{"t":"j","w":970,"h":1400},{"t":"j","w":970,"h":1400},{"t":"j","w":970,"h":1400},{"t":"j","w":970,"h":1400},{"t":"j","w":970,"h":1400},{"t":"j","w":970,"h":1400},{"t":"j","w":970,"h":1400},{"t":"j","w":970,"h":1400},{"t":"j","w":970,"h":1400},{"t":"j","w":970,"h":1400},{"t":"j","w":970,"h":1400},{"t":"j","w":970,"h":1400},{"t":"j","w":970,"h":1400},{"t":"j","w":970,"h":1400},{"t":"j","w":970,"h":1400},{"t":"j","w":970,"h":1400},{"t":"j","w":970,"h":1400},{"t":"j","w":970,"h":1400},{"t":"j","w":970,"h":1400},{"t":"j","w":970,"h":1400},{"t":"j","w":970,"h":1400},{"t":"j","w":970,"h":1400},{"t":"j","w":970,"h":1400},{"t":"j","w":970,"h":1400},{"t":"j","w":970,"h":1400},{"t":"j","w":970,"h":1400},{"t":"j","w":970,"h":1400},{"t":"j","w":970,"h":1400},{"t":"j","w":970,"h":1400},{"t":"j","w":970,"h":1400},{"t":"j","w":970,"h":1400},{"t":"j","w":970,"h":1400},{"t":"j","w":970,"h":1400},{"t":"j","w":970,"h":1400},{"t":"j","w":970,"h":1400},{"t":"j","w":970,"h":1400},{"t":"j","w":970,"h":1400},{"t":"j","w":970,"h":1400},{"t":"j","w":970,"h":1400},{"t":"j","w":970,"h":1400},{"t":"j","w":970,"h":1400},{"t":"j","w":970,"h":1400},{"t":"j","w":970,"h":1400},{"t":"j","w":970,"h":1400},{"t":"j","w":970,"h":1400},{"t":"j","w":970,"h":1400},{"t":"j","w":970,"h":1400},{"t":"j","w":970,"h":1400},{"t":"j","w":970,"h":1400},{"t":"j","w":970,"h":1400},{"t":"j","w":970,"h":1400},{"t":"j","w":970,"h":1400},{"t":"j","w":970,"h":1400},{"t":"j","w":970,"h":1400},{"t":"j","w":970,"h":1400},{"t":"j","w":970,"h":1400},{"t":"j","w":970,"h":1400},{"t":"j","w":970,"h":1400},{"t":"j","w":970,"h":1400},{"t":"j","w":970,"h":1400},{"t":"j","w":970,"h":1400},{"t":"j","w":970,"h":1400},{"t":"j","w":970,"h":1400},{"t":"j","w":970,"h":1400},{"t":"j","w":970,"h":1400},{"t":"j","w":970,"h":1400},{"t":"j","w":970,"h":1400},{"t":"j","w":970,"h":1400},{"t":"j","w":970,"h":1400},{"t":"j","w":970,"h":1400},{"t":"j","w":970,"h":1400},{"t":"j","w":970,"h":1400},{"t":"j","w":970,"h":1400},{"t":"j","w":970,"h":1400},{"t":"j","w":970,"h":1400},{"t":"j","w":970,"h":1400},{"t":"j","w":970,"h":1400},{"t":"j","w":970,"h":1400},{"t":"j","w":970,"h":1400},{"t":"j","w":970,"h":1400},{"t":"j","w":970,"h":1400},{"t":"j","w":970,"h":1400},{"t":"j","w":970,"h":1400},{"t":"j","w":970,"h":1400},{"t":"j","w":970,"h":1400},{"t":"j","w":970,"h":1400},{"t":"j","w":970,"h":1400},{"t":"j","w":970,"h":1400},{"t":"j","w":970,"h":1400},{"t":"j","w":970,"h":1400},{"t":"j","w":970,"h":1400},{"t":"j","w":970,"h":1400},{"t":"j","w":970,"h":1400},{"t":"j","w":970,"h":1400},{"t":"j","w":970,"h":1400},{"t":"j","w":970,"h":1400},{"t":"j","w":970,"h":1400},{"t":"j","w":970,"h":1400},{"t":"j","w":970,"h":1400},{"t":"j","w":970,"h":1400},{"t":"j","w":970,"h":1400},{"t":"j","w":970,"h":1400},{"t":"j","w":970,"h":1400},{"t":"j","w":970,"h":1400},{"t":"j","w":970,"h":1400},{"t":"j","w":970,"h":1400},{"t":"j","w":970,"h":1400},{"t":"j","w":970,"h":1400},{"t":"j","w":970,"h":1400},{"t":"j","w":970,"h":1400},{"t":"j","w":970,"h":1400},{"t":"j","w":970,"h":1400},{"t":"j","w":970,"h":1400},{"t":"j","w":970,"h":1400},{"t":"j","w":970,"h":1400},{"t":"j","w":970,"h":1400},{"t":"j","w":970,"h":1400},{"t":"j","w":970,"h":1400},{"t":"j","w":970,"h":1400},{"t":"j","w":970,"h":1400},{"t":"j","w":970,"h":1400},{"t":"j","w":970,"h":1400},{"t":"j","w":970,"h":1400},{"t":"j","w":970,"h":1400},{"t":"j","w":970,"h":1400},{"t":"j","w":970,"h":1400},{"t":"j","w":970,"h":1400},{"t":"j","w":970,"h":1400},{"t":"j","w":970,"h":1400},{"t":"j","w":970,"h":1400},{"t":"j","w":970,"h":1400},{"t":"j","w":970,"h":1400},{"t":"j","w":970,"h":1400},{"t":"j","w":970,"h":1400},{"t":"j","w":970,"h":1400}],"cover":{"t":"j","w":350,"h":285},"thumbnail":{"t":"j","w":250,"h":204}},"scanlator":"","upload_date":1403964749,"tags":[{"id":190,"type":"tag","name":"maid","url":"/tag/maid/","count":10550},{"id":1207,"type":"tag","name":"milf","url":"/tag/milf/","count":22588},{"id":2937,"type":"tag","name":"big breasts","url":"/tag/big-breasts/","count":103273},{"id":3735,"type":"tag","name":"swimsuit","url":"/tag/swimsuit/","count":19363},{"id":4435,"type":"tag","name":"gag","url":"/tag/gag/","count":7148},{"id":8010,"type":"tag","name":"group","url":"/tag/group/","count":72150},{"id":8378,"type":"tag","name":"glasses","url":"/tag/glasses/","count":48279},{"id":8391,"type":"tag","name":"public use","url":"/tag/public-use/","count":787},{"id":9125,"type":"artist","name":"kurikara","url":"/artist/kurikara/","count":238},{"id":14072,"type":"tag","name":"huge breasts","url":"/tag/huge-breasts/","count":7103},{"id":14971,"type":"tag","name":"sex toys","url":"/tag/sex-toys/","count":20823},{"id":15658,"type":"tag","name":"bondage","url":"/tag/bondage/","count":34540},{"id":15853,"type":"tag","name":"mother","url":"/tag/mother/","count":7877},{"id":19954,"type":"tag","name":"yuri","url":"/tag/yuri/","count":20241},{"id":22942,"type":"tag","name":"incest","url":"/tag/incest/","count":28107},{"id":23237,"type":"tag","name":"tankoubon","url":"/tag/tankoubon/","count":25051},{"id":24380,"type":"tag","name":"pantyhose","url":"/tag/pantyhose/","count":14713},{"id":25614,"type":"tag","name":"paizuri","url":"/tag/paizuri/","count":22785},{"id":27553,"type":"tag","name":"rape","url":"/tag/rape/","count":34191},{"id":28800,"type":"tag","name":"bloomers","url":"/tag/bloomers/","count":5648},{"id":29859,"type":"tag","name":"blowjob","url":"/tag/blowjob/","count":37321},{"id":32341,"type":"tag","name":"shotacon","url":"/tag/shotacon/","count":39737},{"id":6346,"type":"language","name":"japanese","url":"/language/japanese/","count":191613},{"id":33173,"type":"category","name":"manga","url":"/category/manga/","count":77142}],"num_pages":174,"num_favorites":264}