{"id":32,"media_id":"890","title":{"english":"[Tokie Hirohito] Sore wa Sore wa Amai Koe","japanese":"[\u523b\u6c5f\u5c0b\u4eba] \u305d\u308c\u306f\u305d\u308c\u306f\u7518\u3044\u58f0","pretty":"Sore wa Sore wa Amai Koe"},"images":{"pages":[{"t":"j","w":963,"h":1200},{"t":"j","w":848,"h":1200},{"t":"j","w":469,"h":1200},{"t":"j","w":474,"h":1200},{"t":"j","w":848,"h":1200},{"t":"j","w":848,"h":1200},{"t":"j","w":848,"h":1200},{"t":"j","w":848,"h":1200},{"t":"j","w":848,"h":1200},{"t":"j","w":848,"h":1200},{"t":"j","w":848,"h":1200},{"t":"j","w":848,"h":1200},{"t":"j","w":848,"h":1200},{"t":"j","w":848,"h":1200},{"t":"j","w":848,"h":1200},{"t":"j","w":848,"h":1200},{"t":"j","w":848,"h":1200},{"t":"j","w":848,"h":1200},{"t":"j","w":848,"h":1200},{"t":"j","w":848,"h":1200},{"t":"j","w":848,"h":1200},{"t":"j","w":848,"h":1200},{"t":"j","w":848,"h":1200},{"t":"j","w":848,"h":1200},{"t":"j","w":848,"h":1200},{"t":"j","w":848,"h":1200},{"t":"j","w":848,"h":1200},{"t":"j","w":848,"h":1200},{"t":"j","w":848,"h":1200},{"t":"j","w":848,"h":1200},{"t":"j","w":848,"h":1200},{"t":"j","w":848,"h":1200},{"t":"j","w":848,"h":1200},{"t":"j","w":848,"h":1200},{"t":"j","w":848,"h":1200},{"t":"j","w":848,"h":1200},{"t":"j","w":848,"h":1200},{"t":"j","w":848,"h":1200},{"t":"j","w":848,"h":1200},{"t":"j","w":848,"h":1200},{"t":"j","w":848,"h":1200},{"t":"j","w":848,"h":1200},{"t":"j","w":848,"h":1200},{"t":"j","w":848,"h":1200},{"t":"j","w":848,"h":1200},{"t":"j","w":848,"h":1200},{"t":"j","w":848,"h":1200},{"t":"j","w":848,"h":1200},{"t":"j","w":848,"h":1200},{"t":"j","w":848,"h":1200},{"t":"j","w":848,"h":1200},{"t":"j","w":848,"h":1200},{"t":"j","w":848,"h":1200},{"t":"j","w":848,"h":1200},{"t":"j","w":848,"h":1200},{"t":"j","w":848,"h":1200},{"t":"j","w":848,"h":1200},{"t":"j","w":848,"h":1200},{"t":"j","w":848,"h":1200},{"t":"j","w":848,"h":1200},{"t":"j","w":848,"h":1200},{"t":"j","w":848,"h":1200},{"t":"j","w":848,"h":1200},{"t":"j","w":848,"h":1200},{"t":"j","w":848,"h":1200},{"t":"j","w":848,"h":1200},{"t":"j","w":848,"h":1200},{"t":"j","w":848,"h":1200},{"t":"j","w":848,"h":1200},{"t":"j","w":848,"h":1200},{"t":"j","w":848,"h":1200},{"t":"j","w":848,"h":1200},{"t":"j","w":848,"h":1200},{"t":"j","w":848,"h":1200},{"t":"j","w":848,"h":1200},{"t":"j","w":848,"h":1200},{"t":"j","w":848,"h":1200},{"t":"j","w":848,"h":1200},{"t":"j","w":848,"h":1200},{"t":"j","w":848,"h":1200},{"t":"j","w":848,"h":1200},{"t":"j","w":848,"h":1200},{"t":"j","w":848,"h":1200},{"t":"j","w":1200,"h":848},{"t":"j","w":848,"h":1200},{"t":"j","w":848,"h":1200},{"t":"j","w":848,"h":1200},{"t":"j","w":848,"h":1200},{"t":"j","w":848,"h":1200},{"t":"j","w":848,"h":1200},{"t":"j","w":848,"h":1200},{"t":"j","w":848,"h":1200},{"t":"j","w":848,"h":1200},{"t":"j","w":848,"h":1200},{"t":"j","w":848,"h":1200},{"t":"j","w":848,"h":1200},{"t":"j","w":848,"h":1200},{"t":"j","w":848,"h":1200},{"t":"j","w":848,"h":1200},{"t":"j","w":848,"h":1200},{"t":"j","w":848,"h":1200},{"t":"j","w":848,"h":1200},{"t":"j","w":1200,"h":848},{"t":"j","w":848,"h":1200},{"t":"j","w":848,"h":1200},{"t":"j","w":848,"h":1200},{"t":"j","w":848,"h":1200},{"t":"j","w":848,"h":1200},{"t":"j","w":848,"h":1200},{"t":"j","w":848,"h":1200},{"t":"j","w":848,"h":1200},{"t":"j","w":848,"h":1200},{"t":"j","w":848,"h":1200},{"t":"j","w":848,"h":1200},{"t":"j","w":848,"h":1200},{"t":"j","w":848,"h":1200},{"t":"j","w":848,"h":1200},{"t":"j","w":848,"h":1200},{"t":"j","w":848,"h":1200},{"t":"j","w":848,"h":1200},{"t":"j","w":848,"h":1200},{"t":"j","w":848,"h":1200},{"t":"j","w":848,"h":1200},{"t":"j","w":848,"h":1200},{"t":"j","w":848,"h":1200},{"t":"j","w":848,"h":1200},{"t":"j","w":848,"h":1200},{"t":"j","w":848,"h":1200},{"t":"j","w":848,"h":1200},{"t":"j","w":848,"h":1200},{"t":"j","w":848,"h":1200},{"t":"j","w":848,"h":1200},{"t":"j","w":848,"h":1200},{"t":"j","w":848,"h":1200},{"t":"j","w":848,"h":1200},{"t":"j","w":848,"h":1200},{"t":"j","w":848,"h":1200},{"t":"j","w":848,"h":1200},{"t":"j","w":848,"h":1200},{"t":"j","w":848,"h":1200},{"t":"j","w":848,"h":1200},{"t":"j","w":848,"h":1200},{"t":"j","w":848,"h":1200},{"t":"j","w":848,"h":1200},{"t":"j","w":848,"h":1200},{"t":"j","w":848,"h":1200},{"t":"j","w":848,"h":1200},{"t":"j","w":848,"h":1200},{"t":"j","w":848,"h":1200},{"t":"j","w":848,"h":1200},{"t":"j","w":848,"h":1200},{"t":"j","w":848,"h":1200},{"t":"j","w":848,"h":1200},{"t":"j","w":1200,"h":848},{"t":"j","w":848,"h":1200},{"t":"j","w":848,"h":1200},{"t":"j","w":848,"h":1200},{"t":"j","w":848,"h":1200},{"t":"j","w":848,"h":1200},{"t":"j","w":848,"h":1200},{"t":"j","w":848,"h":1200},{"t":"j","w":848,"h":1200},{"t":"j","w":848,"h":1200}],"cover":{"t":"j","w":350,"h":436},"thumbnail":{"t":"j","w":250,"h":312}},"scanlator":"","upload_date":1403964750,"tags":[{"id":1207,"type":"tag","name":"milf","url":"/tag/milf/","count":22588},{"id":2937,"type":"tag","name":"big breasts","url":"/tag/big-breasts/","count":103273},{"id":8010,"type":"tag","name":"group","url":"/tag/group/","count":72150},{"id":8378,"type":"tag","name":"glasses","url":"/tag/glasses/","count":48279},{"id":9260,"type":"tag","name":"cheating","url":"/tag/cheating/","count":11721},{"id":13720,"type":"tag","name":"nakadashi","url":"/tag/nakadashi/","count":42357},{"id":14283,"type":"tag","name":"anal","url":"/tag/anal/","count":64587},{"id":15348,"type":"tag","name":"ffm threesome","url":"/tag/ffm-threesome/","count":17957},{"id":15658,"type":"tag","name":"bondage","url":"/tag/bondage/","count":34540},{"id":20121,"type":"group","name":"chrono mail","url":"/group/chrono-mail/","count":38},{"id":22945,"type":"tag","name":"double penetration","url":"/tag/double-penetration/","count":24472},{"id":23237,"type":"tag","name":"tankoubon","url":"/tag/tankoubon/","count":25051},{"id":24201,"type":"tag","name":"stockings","url":"/tag/stockings/","count":64784},{"id":24380,"type":"tag","name":"pantyhose","url":"/tag/pantyhose/","count":14713},{"id":24726,"type":"tag","name":"apron","url":"/tag/apron/","count":2921},{"id":25614,"type":"tag","name":"paizuri","url":"/tag/paizuri/","count":22785},{"id":27384,"type":"tag","name":"mind break","url":"/tag/mind-break/","count":13136},{"id":27553,"type":"tag","name":"rape","url":"/tag/rape/","count":34191},{"id":29859,"type":"tag","name":"blowjob","url":"/tag/blowjob/","count":37321},{"id":32341,"type":"tag","name":"shotacon","url":"/tag/shotacon/","count":39737},{"id":32483,"type":"artist","name":"tokie hirohito","url":"/artist/tokie-hirohito/","count":115},{"id":6346,"type":"language","name":"japanese","url":"/language/japanese/","count":191613},{"id":33173,"type":"category","name":"manga","url":"/category/manga/","count":77142},{"id":10314,"type":"tag","name":"schoolgirl uniform","url":"/tag/schoolgirl-uniform/","count":56168},{"id":3666,"type":"tag","name":"garter belt","url":"/tag/garter-belt/","count":7640},{"id":28550,"type":"tag","name":"teacher","url":"/tag/teacher/","count":9616}],"num_pages":163,"num_favorites":438}