{"id":34,"media_id":"808","title":{"english":"[21 Seiki Sekai Seifuku Club, TAKARA NO SUZUNARI (Fujiya Yoshiko, Hanaya Kenzan, Kouno Yukiyo)] Ayanami Fanatics (Neon Genesis Evangelion)","japanese":"[21\u4e16\u7d00\u4e16\u754c\u5f81\u670d\u30af\u30e9\u30d6 , \u305f\u304b\u3089\u306e\u3059\u305a\u306a\u308a (\u5bcc\u58eb\u5c4b\u597d\u5b50 , \u83ef\u5c4b\u5263\u5c71 , \u3053\u3046\u306e\u3086\u304d\u3088)] \u7dbe\u6ce2\u30d5\u30a1\u30ca\u30c6\u30a3\u30c3\u30af\u30b9 (\u65b0\u4e16\u7d00\u30a8\u30f4\u30a1\u30f3\u30b2\u30ea\u30aa\u30f3)","pretty":"Ayanami Fanatics"},"images":{"pages":[{"t":"j","w":600,"h":900},{"t":"j","w":600,"h":900},{"t":"j","w":600,"h":900},{"t":"j","w":600,"h":900},{"t":"j","w":600,"h":900},{"t":"j","w":600,"h":900},{"t":"j","w":600,"h":900},{"t":"j","w":600,"h":900},{"t":"j","w":600,"h":900},{"t":"j","w":600,"h":900},{"t":"j","w":600,"h":900},{"t":"j","w":600,"h":900},{"t":"j","w":600,"h":900},{"t":"j","w":600,"h":900},{"t":"j","w":600,"h":900},{"t":"j","w":600,"h":900},{"t":"j","w":600,"h":900},{"t":"j","w":600,"h":900},{"t":"j","w":600,"h":900},{"t":"j","w":600,"h":900},{"t":"j","w":600,"h":900},{"t":"j","w":600,"h":900},{"t":"j","w":600,"h":900},{"t":"j","w":600,"h":900}],"cover":{"t":"j","w":350,"h":525},"thumbnail":{"t":"j","w":250,"h":375}},"scanlator":"","upload_date":1403964751,"tags":[{"id":3206,"type":"character","name":"shinji ikari","url":"/character/shinji-ikari/","count":1231},{"id":9780,"type":"artist","name":"fujiya yoshiko","url":"/artist/fujiya-yoshiko/","count":7},{"id":12790,"type":"group","name":"takara no suzunari","url":"/group/takara-no-suzunari/","count":14},{"id":17137,"type":"parody","name":"neon genesis evangelion","url":"/parody/neon-genesis-evangelion/","count":2492},{"id":21779,"type":"character","name":"rei ayanami","url":"/character/rei-ayanami/","count":1196},{"id":24102,"type":"tag","name":"lactation","url":"/tag/lactation/","count":11870},{"id":24989,"type":"artist","name":"kouno yukiyo","url":"/artist/kouno-yukiyo/","count":67},{"id":25720,"type":"artist","name":"hanaya kenzan","url":"/artist/hanaya-kenzan/","count":4},{"id":28800,"type":"tag","name":"bloomers","url":"/tag/bloomers/","count":5672},{"id":6346,"type":"language","name":"japanese","url":"/language/japanese/","count":191613},{"id":33172,"type":"category","name":"doujinshi","url":"/category/doujinshi/","count":228729},{"id":10314,"type":"tag","name":"schoolgirl uniform","url":"/tag/schoolgirl-uniform/","count":56168},{"id":35762,"type":"tag","name":"sole female","url":"/tag/sole-female/","count":66202}],"num_pages":24,"num_favorites":21}