{"id":36,"media_id":"810","title":{"english":"(COMIC1) [Studio Wallaby (Kura Oh)] Ayanami Shiro (Neon Genesis Evangelion)","japanese":"(COMIC1) [\u30b9\u30bf\u30b8\u30aa\u30fb\u30ef\u30e9\u30d3\u30fc (\u8535\u738b)] \u7dbe\u6ce2\u30fb\u767d (\u65b0\u4e16\u7d00\u30a8\u30f4\u30a1\u30f3\u30b2\u30ea\u30aa\u30f3)","pretty":"Ayanami Shiro"},"images":{"pages":[{"t":"j","w":1050,"h":1500},{"t":"j","w":1050,"h":1500},{"t":"j","w":1050,"h":1500},{"t":"j","w":1050,"h":1500},{"t":"j","w":1050,"h":1500},{"t":"j","w":1050,"h":1500},{"t":"j","w":1050,"h":1500},{"t":"j","w":1050,"h":1500},{"t":"j","w":1050,"h":1500},{"t":"j","w":1050,"h":1500},{"t":"j","w":1050,"h":1500},{"t":"j","w":1050,"h":1500},{"t":"j","w":1050,"h":1500},{"t":"j","w":1050,"h":1500},{"t":"j","w":1050,"h":1500},{"t":"j","w":1050,"h":1500},{"t":"j","w":1050,"h":1500},{"t":"j","w":1050,"h":1500},{"t":"j","w":1050,"h":1500},{"t":"j","w":1050,"h":1500},{"t":"j","w":1050,"h":1500},{"t":"j","w":1050,"h":1500},{"t":"j","w":1050,"h":1500},{"t":"j","w":1050,"h":1500},{"t":"j","w":1050,"h":1500},{"t":"j","w":1050,"h":1500},{"t":"j","w":1050,"h":1500},{"t":"j","w":1050,"h":1500},{"t":"j","w":1050,"h":1500},{"t":"j","w":1050,"h":1500},{"t":"j","w":1050,"h":1500},{"t":"j","w":1050,"h":1500},{"t":"j","w":1050,"h":1500},{"t":"j","w":1050,"h":1500}],"cover":{"t":"j","w":350,"h":500},"thumbnail":{"t":"j","w":250,"h":357}},"scanlator":"","upload_date":1403964751,"tags":[{"id":3206,"type":"character","name":"shinji ikari","url":"/character/shinji-ikari/","count":1231},{"id":15438,"type":"group","name":"studio wallaby","url":"/group/studio-wallaby/","count":471},{"id":17137,"type":"parody","name":"neon genesis evangelion","url":"/parody/neon-genesis-evangelion/","count":2492},{"id":21779,"type":"character","name":"rei ayanami","url":"/character/rei-ayanami/","count":1196},{"id":22958,"type":"artist","name":"kura oh","url":"/artist/kura-oh/","count":75},{"id":6346,"type":"language","name":"japanese","url":"/language/japanese/","count":191613},{"id":33172,"type":"category","name":"doujinshi","url":"/category/doujinshi/","count":228729},{"id":7752,"type":"tag","name":"schoolboy uniform","url":"/tag/schoolboy-uniform/","count":12311},{"id":13720,"type":"tag","name":"nakadashi","url":"/tag/nakadashi/","count":42357},{"id":29859,"type":"tag","name":"blowjob","url":"/tag/blowjob/","count":37321},{"id":10314,"type":"tag","name":"schoolgirl uniform","url":"/tag/schoolgirl-uniform/","count":56168},{"id":20035,"type":"tag","name":"x-ray","url":"/tag/x-ray/","count":20947},{"id":35763,"type":"tag","name":"sole male","url":"/tag/sole-male/","count":60070}],"num_pages":34,"num_favorites":108}