{"id":39,"media_id":"814","title":{"english":"[YUUKI ARISU] Akuma no Batsu (Neon Genesis Evangelion) [English]","japanese":"","pretty":"Akuma no Batsu"},"images":{"pages":[{"t":"j","w":399,"h":613},{"t":"j","w":399,"h":613},{"t":"j","w":399,"h":613},{"t":"j","w":399,"h":613},{"t":"j","w":399,"h":613},{"t":"j","w":399,"h":613},{"t":"j","w":399,"h":613},{"t":"j","w":399,"h":613},{"t":"j","w":399,"h":613},{"t":"j","w":399,"h":613},{"t":"j","w":399,"h":613},{"t":"j","w":399,"h":613},{"t":"j","w":399,"h":613},{"t":"j","w":399,"h":613},{"t":"j","w":399,"h":613},{"t":"j","w":399,"h":613},{"t":"j","w":399,"h":613},{"t":"j","w":399,"h":613},{"t":"j","w":399,"h":613},{"t":"j","w":399,"h":613}],"cover":{"t":"j","w":350,"h":538},"thumbnail":{"t":"j","w":250,"h":384}},"scanlator":"","upload_date":1403964752,"tags":[{"id":8010,"type":"tag","name":"group","url":"/tag/group/","count":72150},{"id":12227,"type":"language","name":"english","url":"/language/english/","count":69378},{"id":15552,"type":"artist","name":"yuuki alice","url":"/artist/yuuki-alice/","count":28},{"id":17137,"type":"parody","name":"neon genesis evangelion","url":"/parody/neon-genesis-evangelion/","count":2489},{"id":17249,"type":"language","name":"translated","url":"/language/translated/","count":109734},{"id":19440,"type":"tag","name":"lolicon","url":"/tag/lolicon/","count":69490},{"id":21779,"type":"character","name":"rei ayanami","url":"/character/rei-ayanami/","count":1195},{"id":25125,"type":"character","name":"asuka langley soryu","url":"/character/asuka-langley-soryu/","count":1513},{"id":33172,"type":"category","name":"doujinshi","url":"/category/doujinshi/","count":228729},{"id":10000,"type":"character","name":"gendo ikari","url":"/character/gendo-ikari/","count":57},{"id":29013,"type":"tag","name":"dilf","url":"/tag/dilf/","count":15244},{"id":15348,"type":"tag","name":"ffm threesome","url":"/tag/ffm-threesome/","count":17957},{"id":27553,"type":"tag","name":"rape","url":"/tag/rape/","count":34191}],"num_pages":20,"num_favorites":110}