{"id":41,"media_id":"816","title":{"english":"[Yappari Suki, YOMOTHUHIRASAKA (Koyobi, bbsacon)] Koujoku no Refrain (Neon Genesis Evangelion) [2006-09-24]","japanese":"[\u3084\u3063\u3071\u308a\u597d\u304d\u3001\u9ec4\u6cc9\u6bd4\u826f\u5742 (\u3053\u3088\u3073\u3001bbsacon)] \u809b\u8fb1\u306e\u30eb\u30d5\u30e9\u30f3 (\u65b0\u4e16\u7d00\u30a8\u30f4\u30a1\u30f3\u30b2\u30ea\u30aa\u30f3) [2006\u5e749\u670824\u65e5]","pretty":"Koujoku no Refrain"},"images":{"pages":[{"t":"j","w":849,"h":1200},{"t":"j","w":853,"h":1200},{"t":"j","w":853,"h":1200},{"t":"j","w":852,"h":1200},{"t":"j","w":852,"h":1200},{"t":"j","w":852,"h":1200},{"t":"j","w":852,"h":1200},{"t":"j","w":852,"h":1200},{"t":"j","w":852,"h":1200},{"t":"j","w":852,"h":1200},{"t":"j","w":853,"h":1200},{"t":"j","w":852,"h":1200},{"t":"j","w":853,"h":1200},{"t":"j","w":853,"h":1200},{"t":"j","w":852,"h":1200},{"t":"j","w":852,"h":1200},{"t":"j","w":853,"h":1200},{"t":"j","w":853,"h":1200},{"t":"j","w":856,"h":1200},{"t":"j","w":852,"h":1200},{"t":"j","w":852,"h":1200},{"t":"j","w":853,"h":1200},{"t":"j","w":854,"h":1200},{"t":"j","w":855,"h":1200},{"t":"j","w":854,"h":1200},{"t":"j","w":856,"h":1200}],"cover":{"t":"j","w":350,"h":495},"thumbnail":{"t":"j","w":250,"h":353}},"scanlator":"","upload_date":1403964752,"tags":[{"id":2820,"type":"tag","name":"scat","url":"/tag/scat/","count":5965},{"id":9406,"type":"tag","name":"enema","url":"/tag/enema/","count":3441},{"id":14283,"type":"tag","name":"anal","url":"/tag/anal/","count":64587},{"id":14971,"type":"tag","name":"sex toys","url":"/tag/sex-toys/","count":20823},{"id":17137,"type":"parody","name":"neon genesis evangelion","url":"/parody/neon-genesis-evangelion/","count":2492},{"id":21779,"type":"character","name":"rei ayanami","url":"/character/rei-ayanami/","count":1196},{"id":21989,"type":"tag","name":"inflation","url":"/tag/inflation/","count":5208},{"id":24412,"type":"tag","name":"bodysuit","url":"/tag/bodysuit/","count":3164},{"id":24846,"type":"artist","name":"bbsacon","url":"/artist/bbsacon/","count":106},{"id":25125,"type":"character","name":"asuka langley soryu","url":"/character/asuka-langley-soryu/","count":1515},{"id":27768,"type":"group","name":"yomothuhirasaka","url":"/group/yomothuhirasaka/","count":95},{"id":6346,"type":"language","name":"japanese","url":"/language/japanese/","count":191613},{"id":33172,"type":"category","name":"doujinshi","url":"/category/doujinshi/","count":228729},{"id":63890,"type":"group","name":"yappari suki","url":"/group/yappari-suki/","count":1},{"id":63891,"type":"artist","name":"koyobi","url":"/artist/koyobi/","count":1}],"num_pages":26,"num_favorites":163}