{"id":42,"media_id":"818","title":{"english":"[Anthology] Angelic Impact NUMBER 01 (Neon Genesis Evangelion)","japanese":"[\u30a2\u30f3\u30bd\u30ed\u30b8\u30fc] \u30a8\u30f3\u30b8\u30a7\u30ea\u30c3\u30af\u30fb\u30a4\u30f3\u30d1\u30af\u30c8 NUMBER 01 (\u65b0\u4e16\u7d00\u30a8\u30f4\u30a1\u30f3\u30b2\u30ea\u30aa\u30f3)","pretty":"Angelic Impact NUMBER 01"},"images":{"pages":[{"t":"j","w":852,"h":1200},{"t":"j","w":822,"h":1230},{"t":"j","w":825,"h":1230},{"t":"j","w":819,"h":1234},{"t":"j","w":822,"h":1234},{"t":"j","w":813,"h":1234},{"t":"j","w":819,"h":1234},{"t":"j","w":825,"h":1234},{"t":"j","w":813,"h":1234},{"t":"j","w":817,"h":1234},{"t":"j","w":820,"h":1234},{"t":"j","w":813,"h":1234},{"t":"j","w":831,"h":1234},{"t":"j","w":813,"h":1234},{"t":"j","w":822,"h":1234},{"t":"j","w":810,"h":1234},{"t":"j","w":824,"h":1234},{"t":"j","w":807,"h":1234},{"t":"j","w":835,"h":1234},{"t":"j","w":810,"h":1234},{"t":"j","w":838,"h":1234},{"t":"j","w":807,"h":1234},{"t":"j","w":835,"h":1234},{"t":"j","w":813,"h":1234},{"t":"j","w":822,"h":1234},{"t":"j","w":810,"h":1234},{"t":"j","w":829,"h":1234},{"t":"j","w":807,"h":1234},{"t":"j","w":829,"h":1234},{"t":"j","w":792,"h":1234},{"t":"j","w":829,"h":1234},{"t":"j","w":789,"h":1234},{"t":"j","w":835,"h":1234},{"t":"j","w":804,"h":1234},{"t":"j","w":838,"h":1234},{"t":"j","w":801,"h":1234},{"t":"j","w":839,"h":1234},{"t":"j","w":795,"h":1234},{"t":"j","w":829,"h":1234},{"t":"j","w":795,"h":1234},{"t":"j","w":835,"h":1234},{"t":"j","w":795,"h":1234},{"t":"j","w":839,"h":1234},{"t":"j","w":807,"h":1234},{"t":"j","w":808,"h":1234},{"t":"j","w":804,"h":1234},{"t":"j","w":821,"h":1234},{"t":"j","w":792,"h":1234},{"t":"j","w":827,"h":1234},{"t":"j","w":807,"h":1234},{"t":"j","w":814,"h":1234},{"t":"j","w":804,"h":1234},{"t":"j","w":821,"h":1234},{"t":"j","w":810,"h":1234},{"t":"j","w":818,"h":1234},{"t":"j","w":804,"h":1234},{"t":"j","w":814,"h":1234},{"t":"j","w":804,"h":1234},{"t":"j","w":821,"h":1234},{"t":"j","w":798,"h":1234},{"t":"j","w":821,"h":1234},{"t":"j","w":780,"h":1234},{"t":"j","w":812,"h":1234},{"t":"j","w":774,"h":1234},{"t":"j","w":812,"h":1234},{"t":"j","w":801,"h":1234},{"t":"j","w":828,"h":1234},{"t":"j","w":822,"h":1234},{"t":"j","w":788,"h":1234},{"t":"j","w":795,"h":1234},{"t":"j","w":820,"h":1234},{"t":"j","w":810,"h":1234},{"t":"j","w":813,"h":1232},{"t":"j","w":795,"h":1234},{"t":"j","w":828,"h":1234},{"t":"j","w":813,"h":1234},{"t":"j","w":811,"h":1234},{"t":"j","w":796,"h":1234},{"t":"j","w":825,"h":1234},{"t":"j","w":816,"h":1234},{"t":"j","w":818,"h":1234},{"t":"j","w":816,"h":1234},{"t":"j","w":821,"h":1234},{"t":"j","w":801,"h":1234},{"t":"j","w":821,"h":1234},{"t":"j","w":811,"h":1234},{"t":"j","w":818,"h":1234},{"t":"j","w":813,"h":1238},{"t":"j","w":827,"h":1238},{"t":"j","w":781,"h":1238},{"t":"j","w":814,"h":1238},{"t":"j","w":801,"h":1234},{"t":"j","w":823,"h":1234},{"t":"j","w":804,"h":1234},{"t":"j","w":811,"h":1234},{"t":"j","w":814,"h":1234},{"t":"j","w":811,"h":1234},{"t":"j","w":810,"h":1234},{"t":"j","w":812,"h":1234},{"t":"j","w":795,"h":1234},{"t":"j","w":808,"h":1234},{"t":"j","w":792,"h":1234},{"t":"j","w":828,"h":1234},{"t":"j","w":798,"h":1234},{"t":"j","w":808,"h":1234},{"t":"j","w":807,"h":1234},{"t":"j","w":821,"h":1234},{"t":"j","w":821,"h":1234},{"t":"j","w":798,"h":1234},{"t":"j","w":812,"h":1234},{"t":"j","w":821,"h":1234},{"t":"j","w":807,"h":1234},{"t":"j","w":811,"h":1234},{"t":"j","w":804,"h":1234},{"t":"j","w":813,"h":1234},{"t":"j","w":791,"h":1234},{"t":"j","w":838,"h":1234},{"t":"j","w":795,"h":1238},{"t":"j","w":818,"h":1238},{"t":"j","w":812,"h":1238},{"t":"j","w":799,"h":1238},{"t":"j","w":789,"h":1238},{"t":"j","w":828,"h":1238},{"t":"j","w":802,"h":1238},{"t":"j","w":818,"h":1238},{"t":"j","w":812,"h":1238},{"t":"j","w":801,"h":1238},{"t":"j","w":802,"h":1238},{"t":"j","w":802,"h":1238},{"t":"j","w":779,"h":1238},{"t":"j","w":825,"h":1238},{"t":"j","w":802,"h":1238},{"t":"j","w":812,"h":1238},{"t":"j","w":813,"h":1238},{"t":"j","w":802,"h":1238},{"t":"j","w":813,"h":1238},{"t":"j","w":794,"h":1238},{"t":"j","w":798,"h":1238},{"t":"j","w":823,"h":1238},{"t":"j","w":812,"h":1238},{"t":"j","w":804,"h":1238},{"t":"j","w":810,"h":1236},{"t":"j","w":809,"h":1238},{"t":"j","w":807,"h":1238},{"t":"j","w":804,"h":1238},{"t":"j","w":801,"h":1238},{"t":"j","w":826,"h":1238},{"t":"j","w":810,"h":1238},{"t":"j","w":805,"h":1238},{"t":"j","w":831,"h":1238},{"t":"j","w":794,"h":1238},{"t":"j","w":817,"h":1238},{"t":"j","w":801,"h":1238},{"t":"j","w":824,"h":1238},{"t":"j","w":798,"h":1238},{"t":"j","w":1200,"h":915},{"t":"j","w":834,"h":1238},{"t":"j","w":788,"h":1238},{"t":"j","w":830,"h":1238},{"t":"j","w":794,"h":1238},{"t":"j","w":837,"h":1238},{"t":"j","w":801,"h":1238},{"t":"j","w":830,"h":1238},{"t":"j","w":791,"h":1238},{"t":"j","w":831,"h":1234},{"t":"j","w":835,"h":1234},{"t":"j","w":834,"h":1238},{"t":"j","w":787,"h":1238},{"t":"j","w":819,"h":1242},{"t":"j","w":831,"h":1242},{"t":"j","w":825,"h":1242},{"t":"j","w":827,"h":1242},{"t":"j","w":825,"h":1242},{"t":"j","w":824,"h":1242},{"t":"j","w":816,"h":1242},{"t":"j","w":821,"h":1242},{"t":"j","w":840,"h":1230},{"t":"j","w":846,"h":1230},{"t":"j","w":840,"h":1230},{"t":"j","w":841,"h":1230},{"t":"j","w":837,"h":1242},{"t":"j","w":821,"h":1242},{"t":"j","w":836,"h":1200}],"cover":{"t":"j","w":350,"h":493},"thumbnail":{"t":"j","w":250,"h":352}},"scanlator":"","upload_date":1403964752,"tags":[{"id":3206,"type":"character","name":"shinji ikari","url":"/character/shinji-ikari/","count":1231},{"id":4435,"type":"tag","name":"gag","url":"/tag/gag/","count":7189},{"id":7593,"type":"artist","name":"morinaga milk","url":"/artist/morinaga-milk/","count":39},{"id":8010,"type":"tag","name":"group","url":"/tag/group/","count":72150},{"id":10453,"type":"artist","name":"shibaura yuu","url":"/artist/shibaura-yuu/","count":4},{"id":10988,"type":"tag","name":"anthology","url":"/tag/anthology/","count":10400},{"id":14534,"type":"artist","name":"nawoko","url":"/artist/nawoko/","count":17},{"id":15149,"type":"artist","name":"yamino yomiko","url":"/artist/yamino-yomiko/","count":2},{"id":15658,"type":"tag","name":"bondage","url":"/tag/bondage/","count":34540},{"id":17137,"type":"parody","name":"neon genesis evangelion","url":"/parody/neon-genesis-evangelion/","count":2492},{"id":18065,"type":"artist","name":"gran","url":"/artist/gran/","count":9},{"id":21779,"type":"character","name":"rei ayanami","url":"/character/rei-ayanami/","count":1196},{"id":23856,"type":"artist","name":"amoi jun","url":"/artist/amoi-jun/","count":2},{"id":25125,"type":"character","name":"asuka langley soryu","url":"/character/asuka-langley-soryu/","count":1515},{"id":27007,"type":"artist","name":"sakuratsuki rin","url":"/artist/sakuratsuki-rin/","count":14},{"id":27371,"type":"artist","name":"miyashita miki","url":"/artist/miyashita-miki/","count":126},{"id":30812,"type":"artist","name":"toono gurita","url":"/artist/toono-gurita/","count":3},{"id":31466,"type":"artist","name":"maya kaoruko","url":"/artist/maya-kaoruko/","count":7},{"id":31755,"type":"artist","name":"zaou taishi","url":"/artist/zaou-taishi/","count":28},{"id":32909,"type":"artist","name":"tohno maki","url":"/artist/tohno-maki/","count":2},{"id":32967,"type":"artist","name":"yuuki setsuna","url":"/artist/yuuki-setsuna/","count":1},{"id":6346,"type":"language","name":"japanese","url":"/language/japanese/","count":191613},{"id":33173,"type":"category","name":"manga","url":"/category/manga/","count":77142},{"id":10314,"type":"tag","name":"schoolgirl uniform","url":"/tag/schoolgirl-uniform/","count":56168},{"id":7752,"type":"tag","name":"schoolboy uniform","url":"/tag/schoolboy-uniform/","count":12311}],"num_pages":183,"num_favorites":35}