{"id":43,"media_id":"819","title":{"english":"Hinakan Hi! Vol. 03","japanese":"\u3072\u306a\u7f36Hi! VOL.03","pretty":"Hinakan Hi! Vol. 03"},"images":{"pages":[{"t":"j","w":845,"h":1200},{"t":"j","w":836,"h":1200},{"t":"j","w":836,"h":1200},{"t":"j","w":836,"h":1200},{"t":"j","w":836,"h":1200},{"t":"j","w":836,"h":1200},{"t":"j","w":836,"h":1200},{"t":"j","w":836,"h":1200},{"t":"j","w":836,"h":1200},{"t":"j","w":836,"h":1200},{"t":"j","w":836,"h":1200},{"t":"j","w":836,"h":1200},{"t":"j","w":836,"h":1200},{"t":"j","w":836,"h":1200},{"t":"j","w":836,"h":1200},{"t":"j","w":836,"h":1200},{"t":"j","w":836,"h":1200},{"t":"j","w":836,"h":1200},{"t":"j","w":836,"h":1200},{"t":"j","w":836,"h":1200},{"t":"j","w":836,"h":1200},{"t":"j","w":836,"h":1200},{"t":"j","w":836,"h":1200},{"t":"j","w":836,"h":1200},{"t":"j","w":836,"h":1200},{"t":"j","w":836,"h":1200},{"t":"j","w":836,"h":1200},{"t":"j","w":836,"h":1200},{"t":"j","w":836,"h":1200},{"t":"j","w":836,"h":1200},{"t":"j","w":836,"h":1200},{"t":"j","w":836,"h":1200},{"t":"j","w":836,"h":1200},{"t":"j","w":836,"h":1200},{"t":"j","w":836,"h":1200},{"t":"j","w":836,"h":1200},{"t":"j","w":836,"h":1200},{"t":"j","w":836,"h":1200},{"t":"j","w":836,"h":1200},{"t":"j","w":836,"h":1200},{"t":"j","w":836,"h":1200},{"t":"j","w":836,"h":1200},{"t":"j","w":836,"h":1200},{"t":"j","w":836,"h":1200},{"t":"j","w":836,"h":1200},{"t":"j","w":836,"h":1200},{"t":"j","w":836,"h":1200},{"t":"j","w":836,"h":1200},{"t":"j","w":836,"h":1200},{"t":"j","w":836,"h":1200},{"t":"j","w":836,"h":1200},{"t":"j","w":836,"h":1200},{"t":"j","w":836,"h":1200},{"t":"j","w":836,"h":1200},{"t":"j","w":836,"h":1200},{"t":"j","w":836,"h":1200},{"t":"j","w":836,"h":1200},{"t":"j","w":836,"h":1200},{"t":"j","w":836,"h":1200},{"t":"j","w":836,"h":1200},{"t":"j","w":836,"h":1200},{"t":"j","w":836,"h":1200},{"t":"j","w":836,"h":1200},{"t":"j","w":836,"h":1200},{"t":"j","w":836,"h":1200},{"t":"j","w":836,"h":1200},{"t":"j","w":836,"h":1200},{"t":"j","w":836,"h":1200},{"t":"j","w":836,"h":1200},{"t":"j","w":836,"h":1200},{"t":"j","w":836,"h":1200},{"t":"j","w":836,"h":1200},{"t":"j","w":836,"h":1200},{"t":"j","w":836,"h":1200},{"t":"j","w":836,"h":1200},{"t":"j","w":836,"h":1200},{"t":"j","w":836,"h":1200},{"t":"j","w":836,"h":1200},{"t":"j","w":836,"h":1200},{"t":"j","w":836,"h":1200},{"t":"j","w":836,"h":1200},{"t":"j","w":836,"h":1200},{"t":"j","w":836,"h":1200},{"t":"j","w":836,"h":1200},{"t":"j","w":836,"h":1200},{"t":"j","w":836,"h":1200},{"t":"j","w":836,"h":1200},{"t":"j","w":836,"h":1200},{"t":"j","w":836,"h":1200},{"t":"j","w":836,"h":1200},{"t":"j","w":836,"h":1200},{"t":"j","w":836,"h":1200},{"t":"j","w":836,"h":1200},{"t":"j","w":836,"h":1200},{"t":"j","w":836,"h":1200},{"t":"j","w":836,"h":1200},{"t":"j","w":836,"h":1200},{"t":"j","w":836,"h":1200},{"t":"j","w":836,"h":1200},{"t":"j","w":836,"h":1200},{"t":"j","w":836,"h":1200},{"t":"j","w":836,"h":1200},{"t":"j","w":836,"h":1200},{"t":"j","w":836,"h":1200},{"t":"j","w":836,"h":1200},{"t":"j","w":836,"h":1200},{"t":"j","w":836,"h":1200},{"t":"j","w":836,"h":1200},{"t":"j","w":836,"h":1200},{"t":"j","w":836,"h":1200},{"t":"j","w":836,"h":1200},{"t":"j","w":836,"h":1200},{"t":"j","w":836,"h":1200},{"t":"j","w":836,"h":1200},{"t":"j","w":836,"h":1200},{"t":"j","w":836,"h":1200},{"t":"j","w":836,"h":1200},{"t":"j","w":836,"h":1200},{"t":"j","w":836,"h":1200},{"t":"j","w":836,"h":1200},{"t":"j","w":836,"h":1200},{"t":"j","w":836,"h":1200},{"t":"j","w":836,"h":1200},{"t":"j","w":836,"h":1200},{"t":"j","w":836,"h":1200},{"t":"j","w":836,"h":1200},{"t":"j","w":836,"h":1200},{"t":"j","w":836,"h":1200},{"t":"j","w":836,"h":1200},{"t":"j","w":836,"h":1200},{"t":"j","w":836,"h":1200},{"t":"j","w":836,"h":1200},{"t":"j","w":836,"h":1200},{"t":"j","w":836,"h":1200},{"t":"j","w":836,"h":1200},{"t":"j","w":836,"h":1200},{"t":"j","w":836,"h":1200},{"t":"j","w":836,"h":1200},{"t":"j","w":836,"h":1200},{"t":"j","w":836,"h":1200},{"t":"j","w":836,"h":1200},{"t":"j","w":836,"h":1200},{"t":"j","w":836,"h":1200},{"t":"j","w":836,"h":1200},{"t":"j","w":836,"h":1200},{"t":"j","w":836,"h":1200},{"t":"j","w":836,"h":1200},{"t":"j","w":836,"h":1200},{"t":"j","w":836,"h":1200},{"t":"j","w":836,"h":1200},{"t":"j","w":836,"h":1200},{"t":"j","w":836,"h":1200},{"t":"j","w":836,"h":1200},{"t":"j","w":836,"h":1200},{"t":"j","w":836,"h":1200},{"t":"j","w":836,"h":1200},{"t":"j","w":836,"h":1200},{"t":"j","w":836,"h":1200},{"t":"j","w":836,"h":1200},{"t":"j","w":836,"h":1200},{"t":"j","w":836,"h":1200},{"t":"j","w":836,"h":1200},{"t":"j","w":836,"h":1200},{"t":"j","w":836,"h":1200},{"t":"j","w":836,"h":1200},{"t":"j","w":836,"h":1200},{"t":"j","w":836,"h":1200},{"t":"j","w":836,"h":1200},{"t":"j","w":836,"h":1200},{"t":"j","w":836,"h":1200},{"t":"j","w":836,"h":1200},{"t":"j","w":836,"h":1200},{"t":"j","w":836,"h":1200},{"t":"j","w":836,"h":1200},{"t":"j","w":836,"h":1200},{"t":"j","w":836,"h":1200},{"t":"j","w":836,"h":1200},{"t":"j","w":836,"h":1200},{"t":"j","w":836,"h":1200},{"t":"j","w":836,"h":1200},{"t":"j","w":836,"h":1200},{"t":"j","w":836,"h":1200},{"t":"j","w":836,"h":1200},{"t":"j","w":836,"h":1200},{"t":"j","w":836,"h":1200},{"t":"j","w":836,"h":1200},{"t":"j","w":836,"h":1200},{"t":"j","w":836,"h":1200},{"t":"j","w":836,"h":1200},{"t":"j","w":836,"h":1200},{"t":"j","w":836,"h":1200},{"t":"j","w":836,"h":1200},{"t":"j","w":836,"h":1200},{"t":"j","w":836,"h":1200},{"t":"j","w":836,"h":1200},{"t":"j","w":836,"h":1200},{"t":"j","w":836,"h":1200},{"t":"j","w":836,"h":1200},{"t":"j","w":836,"h":1200},{"t":"j","w":836,"h":1200},{"t":"j","w":836,"h":1200},{"t":"j","w":836,"h":1200},{"t":"j","w":836,"h":1200},{"t":"j","w":836,"h":1200},{"t":"j","w":836,"h":1200},{"t":"j","w":836,"h":1200},{"t":"j","w":836,"h":1200},{"t":"j","w":836,"h":1200},{"t":"j","w":836,"h":1200},{"t":"j","w":836,"h":1200},{"t":"j","w":836,"h":1200},{"t":"j","w":836,"h":1200},{"t":"j","w":836,"h":1200},{"t":"j","w":836,"h":1200},{"t":"j","w":836,"h":1200},{"t":"j","w":836,"h":1200},{"t":"j","w":836,"h":1200},{"t":"j","w":836,"h":1200},{"t":"j","w":836,"h":1200},{"t":"j","w":836,"h":1200},{"t":"j","w":836,"h":1200},{"t":"j","w":836,"h":1200},{"t":"j","w":836,"h":1200},{"t":"j","w":836,"h":1200},{"t":"j","w":836,"h":1200},{"t":"j","w":836,"h":1200},{"t":"j","w":836,"h":1200},{"t":"j","w":836,"h":1200},{"t":"j","w":836,"h":1200},{"t":"j","w":836,"h":1200},{"t":"j","w":836,"h":1200},{"t":"j","w":836,"h":1200},{"t":"j","w":836,"h":1200},{"t":"j","w":836,"h":1200},{"t":"j","w":836,"h":1200},{"t":"j","w":836,"h":1200},{"t":"j","w":836,"h":1200},{"t":"j","w":836,"h":1200},{"t":"j","w":836,"h":1200},{"t":"j","w":836,"h":1200},{"t":"j","w":836,"h":1200},{"t":"j","w":836,"h":1200},{"t":"j","w":836,"h":1200},{"t":"j","w":836,"h":1200},{"t":"j","w":836,"h":1200},{"t":"j","w":836,"h":1200},{"t":"j","w":836,"h":1200},{"t":"j","w":836,"h":1200},{"t":"j","w":836,"h":1200},{"t":"j","w":836,"h":1200},{"t":"j","w":836,"h":1200},{"t":"j","w":836,"h":1200},{"t":"j","w":836,"h":1200},{"t":"j","w":836,"h":1200},{"t":"j","w":836,"h":1200},{"t":"j","w":836,"h":1200},{"t":"j","w":836,"h":1200},{"t":"j","w":836,"h":1200},{"t":"j","w":836,"h":1200},{"t":"j","w":836,"h":1200},{"t":"j","w":836,"h":1200},{"t":"j","w":836,"h":1200},{"t":"j","w":836,"h":1200},{"t":"j","w":836,"h":1200},{"t":"j","w":836,"h":1200},{"t":"j","w":836,"h":1200},{"t":"j","w":836,"h":1200},{"t":"j","w":836,"h":1200},{"t":"j","w":836,"h":1200},{"t":"j","w":836,"h":1200},{"t":"j","w":836,"h":1200},{"t":"j","w":836,"h":1200},{"t":"j","w":836,"h":1200},{"t":"j","w":836,"h":1200},{"t":"j","w":836,"h":1200},{"t":"j","w":836,"h":1200},{"t":"j","w":836,"h":1200},{"t":"j","w":836,"h":1200},{"t":"j","w":836,"h":1200},{"t":"j","w":836,"h":1200},{"t":"j","w":836,"h":1200},{"t":"j","w":836,"h":1200},{"t":"j","w":836,"h":1200},{"t":"j","w":836,"h":1200},{"t":"j","w":836,"h":1200},{"t":"j","w":836,"h":1200},{"t":"j","w":836,"h":1200},{"t":"j","w":836,"h":1200},{"t":"j","w":836,"h":1200},{"t":"j","w":836,"h":1200},{"t":"j","w":836,"h":1200},{"t":"j","w":836,"h":1200},{"t":"j","w":836,"h":1200},{"t":"j","w":836,"h":1200},{"t":"j","w":836,"h":1200},{"t":"j","w":836,"h":1200},{"t":"j","w":836,"h":1200},{"t":"j","w":508,"h":700},{"t":"j","w":508,"h":700},{"t":"j","w":1200,"h":804}],"cover":{"t":"j","w":350,"h":497},"thumbnail":{"t":"j","w":250,"h":355}},"scanlator":"","upload_date":1403964753,"tags":[{"id":779,"type":"tag","name":"futanari","url":"/tag/futanari/","count":23173},{"id":1088,"type":"tag","name":"bdsm","url":"/tag/bdsm/","count":1953},{"id":2226,"type":"artist","name":"teruki kuma","url":"/artist/teruki-kuma/","count":163},{"id":5962,"type":"tag","name":"spanking","url":"/tag/spanking/","count":2429},{"id":6343,"type":"tag","name":"pregnant","url":"/tag/pregnant/","count":9243},{"id":8010,"type":"tag","name":"group","url":"/tag/group/","count":72150},{"id":10988,"type":"tag","name":"anthology","url":"/tag/anthology/","count":10365},{"id":11056,"type":"artist","name":"kasaki04","url":"/artist/kasaki04/","count":4},{"id":11619,"type":"artist","name":"benjamin","url":"/artist/benjamin/","count":153},{"id":11894,"type":"artist","name":"r-koga","url":"/artist/r-koga/","count":322},{"id":12367,"type":"artist","name":"mizui kaou","url":"/artist/mizui-kaou/","count":91},{"id":13069,"type":"artist","name":"araki akira","url":"/artist/araki-akira/","count":211},{"id":13196,"type":"artist","name":"makita yoshiharu","url":"/artist/makita-yoshiharu/","count":183},{"id":15658,"type":"tag","name":"bondage","url":"/tag/bondage/","count":34540},{"id":17540,"type":"artist","name":"yasui hirosato","url":"/artist/yasui-hirosato/","count":66},{"id":18357,"type":"artist","name":"kyouichirou","url":"/artist/kyouichirou/","count":180},{"id":19006,"type":"artist","name":"mutou tetsu","url":"/artist/mutou-tetsu/","count":39},{"id":19440,"type":"tag","name":"lolicon","url":"/tag/lolicon/","count":69490},{"id":19954,"type":"tag","name":"yuri","url":"/tag/yuri/","count":20241},{"id":21904,"type":"artist","name":"gorgeous takarada","url":"/artist/gorgeous-takarada/","count":149},{"id":22942,"type":"tag","name":"incest","url":"/tag/incest/","count":28107},{"id":23396,"type":"artist","name":"t.k-1","url":"/artist/t-k-1/","count":78},{"id":24038,"type":"artist","name":"meramera jealousy","url":"/artist/meramera-jealousy/","count":87},{"id":25604,"type":"artist","name":"sasakura ayato","url":"/artist/sasakura-ayato/","count":79},{"id":27553,"type":"tag","name":"rape","url":"/tag/rape/","count":34191},{"id":27935,"type":"artist","name":"nekogen","url":"/artist/nekogen/","count":487},{"id":28313,"type":"artist","name":"suiden moon","url":"/artist/suiden-moon/","count":12},{"id":28716,"type":"artist","name":"mugendai","url":"/artist/mugendai/","count":43},{"id":28800,"type":"tag","name":"bloomers","url":"/tag/bloomers/","count":5648},{"id":30645,"type":"tag","name":"dick growth","url":"/tag/dick-growth/","count":3261},{"id":32341,"type":"tag","name":"shotacon","url":"/tag/shotacon/","count":39737},{"id":6346,"type":"language","name":"japanese","url":"/language/japanese/","count":191613},{"id":33173,"type":"category","name":"manga","url":"/category/manga/","count":77142},{"id":10314,"type":"tag","name":"schoolgirl uniform","url":"/tag/schoolgirl-uniform/","count":56168},{"id":15782,"type":"tag","name":"crossdressing","url":"/tag/crossdressing/","count":12931},{"id":29859,"type":"tag","name":"blowjob","url":"/tag/blowjob/","count":37321},{"id":14283,"type":"tag","name":"anal","url":"/tag/anal/","count":64587}],"num_pages":300,"num_favorites":122}