{"id":45,"media_id":"821","title":{"english":"[Anthology] ANGELic IMPACT NUMBER 03 - Asuka VS Rei Hen (Neon Genesis Evangelion)","japanese":"[\u30a2\u30f3\u30bd\u30ed\u30b8\u30fc] \u30a8\u30f3\u30b8\u30a7\u30ea\u30c3\u30af\u30fb\u30a4\u30f3\u30d1\u30af\u30c8 NUMBER 03 \u30a2\u30b9\u30abVS\u30ec\u30a4\u7bc7 (\u65b0\u4e16\u7d00\u30a8\u30f4\u30a1\u30f3\u30b2\u30ea\u30aa\u30f3)","pretty":"ANGELic IMPACT NUMBER 03 - Asuka VS Rei Hen"},"images":{"pages":[{"t":"j","w":841,"h":1200},{"t":"j","w":1200,"h":976},{"t":"j","w":845,"h":1242},{"t":"j","w":835,"h":1242},{"t":"j","w":834,"h":1238},{"t":"j","w":824,"h":1238},{"t":"j","w":837,"h":1238},{"t":"j","w":821,"h":1238},{"t":"j","w":827,"h":1238},{"t":"j","w":837,"h":1238},{"t":"j","w":825,"h":1238},{"t":"j","w":837,"h":1238},{"t":"j","w":840,"h":1238},{"t":"j","w":824,"h":1238},{"t":"j","w":828,"h":1238},{"t":"j","w":834,"h":1238},{"t":"j","w":828,"h":1238},{"t":"j","w":841,"h":1238},{"t":"j","w":831,"h":1238},{"t":"j","w":834,"h":1238},{"t":"j","w":824,"h":1238},{"t":"j","w":847,"h":1238},{"t":"j","w":834,"h":1238},{"t":"j","w":827,"h":1238},{"t":"j","w":824,"h":1238},{"t":"j","w":847,"h":1238},{"t":"j","w":821,"h":1232},{"t":"j","w":837,"h":1238},{"t":"j","w":828,"h":1238},{"t":"j","w":841,"h":1238},{"t":"j","w":825,"h":1238},{"t":"j","w":837,"h":1238},{"t":"j","w":831,"h":1238},{"t":"j","w":841,"h":1238},{"t":"j","w":816,"h":1238},{"t":"j","w":844,"h":1238},{"t":"j","w":822,"h":1238},{"t":"j","w":844,"h":1238},{"t":"j","w":825,"h":1238},{"t":"j","w":831,"h":1238},{"t":"j","w":810,"h":1238},{"t":"j","w":841,"h":1238},{"t":"j","w":828,"h":1238},{"t":"j","w":841,"h":1238},{"t":"j","w":831,"h":1238},{"t":"j","w":841,"h":1238},{"t":"j","w":816,"h":1238},{"t":"j","w":837,"h":1238},{"t":"j","w":819,"h":1238},{"t":"j","w":831,"h":1238},{"t":"j","w":825,"h":1238},{"t":"j","w":837,"h":1238},{"t":"j","w":831,"h":1233},{"t":"j","w":841,"h":1238},{"t":"j","w":828,"h":1238},{"t":"j","w":831,"h":1238},{"t":"j","w":831,"h":1238},{"t":"j","w":827,"h":1238},{"t":"j","w":843,"h":1236},{"t":"j","w":821,"h":1238},{"t":"j","w":843,"h":1238},{"t":"j","w":821,"h":1238},{"t":"j","w":840,"h":1238},{"t":"j","w":827,"h":1238},{"t":"j","w":840,"h":1238},{"t":"j","w":808,"h":1238},{"t":"j","w":831,"h":1238},{"t":"j","w":827,"h":1238},{"t":"j","w":840,"h":1238},{"t":"j","w":827,"h":1238},{"t":"j","w":846,"h":1238},{"t":"j","w":831,"h":1238},{"t":"j","w":834,"h":1238},{"t":"j","w":814,"h":1238},{"t":"j","w":837,"h":1238},{"t":"j","w":824,"h":1238},{"t":"j","w":846,"h":1238},{"t":"j","w":818,"h":1238},{"t":"j","w":846,"h":1238},{"t":"j","w":821,"h":1238},{"t":"j","w":845,"h":1242},{"t":"j","w":809,"h":1242},{"t":"j","w":826,"h":1242},{"t":"j","w":801,"h":1242},{"t":"j","w":805,"h":1242},{"t":"j","w":808,"h":1242},{"t":"j","w":839,"h":1242},{"t":"j","w":828,"h":1242},{"t":"j","w":832,"h":1242},{"t":"j","w":798,"h":1242},{"t":"j","w":835,"h":1242},{"t":"j","w":841,"h":1242},{"t":"j","w":839,"h":1242},{"t":"j","w":831,"h":1242},{"t":"j","w":808,"h":1242},{"t":"j","w":822,"h":1242},{"t":"j","w":851,"h":1242},{"t":"j","w":822,"h":1242},{"t":"j","w":841,"h":1242},{"t":"j","w":828,"h":1242},{"t":"j","w":819,"h":1221},{"t":"j","w":805,"h":1242},{"t":"j","w":802,"h":1242},{"t":"j","w":792,"h":1242},{"t":"j","w":839,"h":1242},{"t":"j","w":805,"h":1242},{"t":"j","w":839,"h":1242},{"t":"j","w":835,"h":1242},{"t":"j","w":834,"h":1242},{"t":"j","w":818,"h":1242},{"t":"j","w":834,"h":1242},{"t":"j","w":835,"h":1242},{"t":"j","w":828,"h":1242},{"t":"j","w":835,"h":1242},{"t":"j","w":828,"h":1242},{"t":"j","w":854,"h":1242},{"t":"j","w":834,"h":1242},{"t":"j","w":823,"h":1242},{"t":"j","w":831,"h":1242},{"t":"j","w":838,"h":1242},{"t":"j","w":841,"h":1242},{"t":"j","w":808,"h":1242},{"t":"j","w":831,"h":1242},{"t":"j","w":834,"h":1242},{"t":"j","w":841,"h":1242},{"t":"j","w":831,"h":1242},{"t":"j","w":831,"h":1242},{"t":"j","w":806,"h":1242},{"t":"j","w":825,"h":1242},{"t":"j","w":841,"h":1242},{"t":"j","w":845,"h":1242},{"t":"j","w":828,"h":1242},{"t":"j","w":799,"h":1242},{"t":"j","w":827,"h":1242},{"t":"j","w":822,"h":1242},{"t":"j","w":821,"h":1242},{"t":"j","w":799,"h":1242},{"t":"j","w":831,"h":1242},{"t":"j","w":805,"h":1242},{"t":"j","w":828,"h":1242},{"t":"j","w":828,"h":1242},{"t":"j","w":845,"h":1242},{"t":"j","w":828,"h":1242},{"t":"j","w":838,"h":1242},{"t":"j","w":838,"h":1242},{"t":"j","w":838,"h":1242},{"t":"j","w":834,"h":1242},{"t":"j","w":827,"h":1242},{"t":"j","w":835,"h":1242},{"t":"j","w":831,"h":1242},{"t":"j","w":837,"h":1242},{"t":"j","w":828,"h":1242},{"t":"j","w":831,"h":1242},{"t":"j","w":841,"h":1242},{"t":"j","w":842,"h":1242},{"t":"j","w":841,"h":1242},{"t":"j","w":834,"h":1242},{"t":"j","w":835,"h":1242},{"t":"j","w":838,"h":1242},{"t":"j","w":831,"h":1242},{"t":"j","w":835,"h":1242},{"t":"j","w":825,"h":1242},{"t":"j","w":831,"h":1242},{"t":"j","w":835,"h":1242},{"t":"j","w":835,"h":1242},{"t":"j","w":822,"h":1242},{"t":"j","w":841,"h":1242},{"t":"j","w":828,"h":1242},{"t":"j","w":851,"h":1242},{"t":"j","w":838,"h":1242},{"t":"j","w":841,"h":1242},{"t":"j","w":822,"h":1242},{"t":"j","w":845,"h":1242},{"t":"j","w":828,"h":1242},{"t":"j","w":854,"h":1242},{"t":"j","w":835,"h":1242},{"t":"j","w":848,"h":1242},{"t":"j","w":825,"h":1242},{"t":"j","w":861,"h":1242},{"t":"j","w":825,"h":1242},{"t":"j","w":854,"h":1242},{"t":"j","w":828,"h":1242},{"t":"j","w":851,"h":1242},{"t":"j","w":812,"h":1242},{"t":"j","w":851,"h":1242},{"t":"j","w":815,"h":1242},{"t":"j","w":854,"h":1242},{"t":"j","w":815,"h":1242},{"t":"j","w":851,"h":1242},{"t":"j","w":822,"h":1242},{"t":"j","w":812,"h":1242},{"t":"j","w":813,"h":1242},{"t":"j","w":829,"h":1200}],"cover":{"t":"j","w":350,"h":499},"thumbnail":{"t":"j","w":250,"h":357}},"scanlator":"","upload_date":1403964755,"tags":[{"id":300,"type":"artist","name":"arou rei","url":"/artist/arou-rei/","count":127},{"id":3206,"type":"character","name":"shinji ikari","url":"/character/shinji-ikari/","count":1231},{"id":7593,"type":"artist","name":"morinaga milk","url":"/artist/morinaga-milk/","count":39},{"id":8010,"type":"tag","name":"group","url":"/tag/group/","count":72150},{"id":10988,"type":"tag","name":"anthology","url":"/tag/anthology/","count":10400},{"id":11665,"type":"character","name":"kaworu nagisa","url":"/character/kaworu-nagisa/","count":220},{"id":14534,"type":"artist","name":"nawoko","url":"/artist/nawoko/","count":17},{"id":17137,"type":"parody","name":"neon genesis evangelion","url":"/parody/neon-genesis-evangelion/","count":2492},{"id":18065,"type":"artist","name":"gran","url":"/artist/gran/","count":9},{"id":18708,"type":"artist","name":"takekawa ao","url":"/artist/takekawa-ao/","count":3},{"id":21779,"type":"character","name":"rei ayanami","url":"/character/rei-ayanami/","count":1196},{"id":24989,"type":"artist","name":"kouno yukiyo","url":"/artist/kouno-yukiyo/","count":67},{"id":25125,"type":"character","name":"asuka langley soryu","url":"/character/asuka-langley-soryu/","count":1515},{"id":26078,"type":"artist","name":"kimuru","url":"/artist/kimuru/","count":2},{"id":26893,"type":"character","name":"lenalee lee","url":"/character/lenalee-lee/","count":47},{"id":27007,"type":"artist","name":"sakuratsuki rin","url":"/artist/sakuratsuki-rin/","count":14},{"id":6346,"type":"language","name":"japanese","url":"/language/japanese/","count":191613},{"id":33173,"type":"category","name":"manga","url":"/category/manga/","count":77142},{"id":7752,"type":"tag","name":"schoolboy uniform","url":"/tag/schoolboy-uniform/","count":12311},{"id":10314,"type":"tag","name":"schoolgirl uniform","url":"/tag/schoolgirl-uniform/","count":56168}],"num_pages":193,"num_favorites":25}