{"id":211,"media_id":"272","title":{"english":"(C70) [Naruho-dou (Naruhodo)] Kibun wa mou Onsen (Naruto)","japanese":"(C70) [NARUHO\u5802 (\u306a\u308b\u307b\u3069)] \u6c17\u5206\u306f\u3082\u3046\u6e29\u6cc9 (\u30ca\u30eb\u30c8)","pretty":"Kibun wa mou Onsen"},"images":{"pages":[{"t":"j","w":1200,"h":1671},{"t":"j","w":1200,"h":1671},{"t":"j","w":1200,"h":1671},{"t":"j","w":1200,"h":1671},{"t":"j","w":1200,"h":1671},{"t":"j","w":1200,"h":1671},{"t":"j","w":1200,"h":1671},{"t":"j","w":1200,"h":1671},{"t":"j","w":1200,"h":1671},{"t":"j","w":1200,"h":1671},{"t":"j","w":1200,"h":1671},{"t":"j","w":1200,"h":1671},{"t":"j","w":1200,"h":1671},{"t":"j","w":1200,"h":1671},{"t":"j","w":1200,"h":1671},{"t":"j","w":1200,"h":1671},{"t":"j","w":1200,"h":1671},{"t":"j","w":1200,"h":1671},{"t":"j","w":1200,"h":1671},{"t":"j","w":1200,"h":1671},{"t":"j","w":1200,"h":1671},{"t":"j","w":1200,"h":1671},{"t":"j","w":1200,"h":1671},{"t":"j","w":1200,"h":1671},{"t":"j","w":1200,"h":1671},{"t":"j","w":1200,"h":1671},{"t":"j","w":1200,"h":1671},{"t":"j","w":1200,"h":1671},{"t":"j","w":1200,"h":1671},{"t":"j","w":1200,"h":1671},{"t":"j","w":1200,"h":1671},{"t":"j","w":1200,"h":1671},{"t":"j","w":1200,"h":1671},{"t":"j","w":1200,"h":1671},{"t":"j","w":1200,"h":1671},{"t":"j","w":1200,"h":1671},{"t":"j","w":1200,"h":1671},{"t":"j","w":1200,"h":1671}],"cover":{"t":"j","w":350,"h":487},"thumbnail":{"t":"j","w":250,"h":348}},"scanlator":"","upload_date":1403964954,"tags":[{"id":2471,"type":"artist","name":"naruhodo","url":"/artist/naruhodo/","count":176},{"id":2937,"type":"tag","name":"big breasts","url":"/tag/big-breasts/","count":103273},{"id":7718,"type":"character","name":"naruto uzumaki","url":"/character/naruto-uzumaki/","count":634},{"id":11250,"type":"group","name":"naruho-dou","url":"/group/naruho-dou/","count":173},{"id":13159,"type":"parody","name":"naruto","url":"/parody/naruto/","count":1267},{"id":14499,"type":"character","name":"tsunade","url":"/character/tsunade/","count":354},{"id":25614,"type":"tag","name":"paizuri","url":"/tag/paizuri/","count":22785},{"id":6346,"type":"language","name":"japanese","url":"/language/japanese/","count":191613},{"id":33172,"type":"category","name":"doujinshi","url":"/category/doujinshi/","count":228729},{"id":1207,"type":"tag","name":"milf","url":"/tag/milf/","count":22588},{"id":13720,"type":"tag","name":"nakadashi","url":"/tag/nakadashi/","count":42357},{"id":20035,"type":"tag","name":"x-ray","url":"/tag/x-ray/","count":20947},{"id":27473,"type":"tag","name":"mosaic censorship","url":"/tag/mosaic-censorship/","count":23707}],"num_pages":38,"num_favorites":186}