{"id":212,"media_id":"273","title":{"english":"(C71) [Naruho-dou (Naruhodo)] Jungle de Ikou! (Naruto)","japanese":"(C71) [NARUHO\u5802 (\u306a\u308b\u307b\u3069)] \u30b8\u30e3\u30f3\u30b0\u30eb\u3067\u30a4\u3053\u3046\uff01 (\u30ca\u30eb\u30c8)","pretty":"Jungle de Ikou!"},"images":{"pages":[{"t":"j","w":1131,"h":1600},{"t":"j","w":1120,"h":1600},{"t":"j","w":1120,"h":1600},{"t":"j","w":1120,"h":1600},{"t":"j","w":1120,"h":1600},{"t":"j","w":1120,"h":1600},{"t":"j","w":1120,"h":1600},{"t":"j","w":1120,"h":1600},{"t":"j","w":1120,"h":1600},{"t":"j","w":1120,"h":1600},{"t":"j","w":1120,"h":1600},{"t":"j","w":1120,"h":1600},{"t":"j","w":1120,"h":1600},{"t":"j","w":1120,"h":1600},{"t":"j","w":1120,"h":1600},{"t":"j","w":1120,"h":1600},{"t":"j","w":1120,"h":1600},{"t":"j","w":1120,"h":1600},{"t":"j","w":1120,"h":1600},{"t":"j","w":1120,"h":1600},{"t":"j","w":1120,"h":1600},{"t":"j","w":1120,"h":1600},{"t":"j","w":1120,"h":1600},{"t":"j","w":1120,"h":1600},{"t":"j","w":1120,"h":1600},{"t":"j","w":1120,"h":1600},{"t":"j","w":1120,"h":1600},{"t":"j","w":1120,"h":1600},{"t":"j","w":1120,"h":1600},{"t":"j","w":1120,"h":1600},{"t":"j","w":1120,"h":1600},{"t":"j","w":1120,"h":1600},{"t":"j","w":1120,"h":1600},{"t":"j","w":1120,"h":1600},{"t":"j","w":1120,"h":1600},{"t":"j","w":1120,"h":1600},{"t":"j","w":1120,"h":1600},{"t":"j","w":1120,"h":1600},{"t":"j","w":1120,"h":1600},{"t":"j","w":1120,"h":1600},{"t":"j","w":1120,"h":1600},{"t":"j","w":1131,"h":1600}],"cover":{"t":"j","w":350,"h":495},"thumbnail":{"t":"j","w":250,"h":354}},"scanlator":"","upload_date":1403964955,"tags":[{"id":2471,"type":"artist","name":"naruhodo","url":"/artist/naruhodo/","count":176},{"id":2937,"type":"tag","name":"big breasts","url":"/tag/big-breasts/","count":103273},{"id":3735,"type":"tag","name":"swimsuit","url":"/tag/swimsuit/","count":19363},{"id":7718,"type":"character","name":"naruto uzumaki","url":"/character/naruto-uzumaki/","count":640},{"id":11250,"type":"group","name":"naruho-dou","url":"/group/naruho-dou/","count":173},{"id":13159,"type":"parody","name":"naruto","url":"/parody/naruto/","count":1288},{"id":14499,"type":"character","name":"tsunade","url":"/character/tsunade/","count":355},{"id":25614,"type":"tag","name":"paizuri","url":"/tag/paizuri/","count":22785},{"id":29224,"type":"tag","name":"impregnation","url":"/tag/impregnation/","count":15414},{"id":32341,"type":"tag","name":"shotacon","url":"/tag/shotacon/","count":39737},{"id":6346,"type":"language","name":"japanese","url":"/language/japanese/","count":191613},{"id":33172,"type":"category","name":"doujinshi","url":"/category/doujinshi/","count":228729},{"id":13720,"type":"tag","name":"nakadashi","url":"/tag/nakadashi/","count":42357},{"id":27473,"type":"tag","name":"mosaic censorship","url":"/tag/mosaic-censorship/","count":23707}],"num_pages":42,"num_favorites":146}