{"id":213,"media_id":"274","title":{"english":"(C68) [NEKOMATAYA (Nekomata Naomi)] Nakisuna no Yoru (Naruto)","japanese":"(C68) [\u306d\u3053\u307e\u305f\u5c4b (\u732b\u53c8\u306a\u304a\u307f)] \u9cf4\u7802\u306e\u591c (\u30ca\u30eb\u30c8)","pretty":"Nakisuna no Yoru"},"images":{"pages":[{"t":"j","w":640,"h":900},{"t":"j","w":640,"h":900},{"t":"j","w":638,"h":900},{"t":"j","w":638,"h":900},{"t":"j","w":638,"h":900},{"t":"j","w":638,"h":900},{"t":"j","w":638,"h":900},{"t":"j","w":638,"h":900},{"t":"j","w":638,"h":900},{"t":"j","w":638,"h":900},{"t":"j","w":638,"h":900},{"t":"j","w":638,"h":900},{"t":"j","w":638,"h":900},{"t":"j","w":638,"h":900},{"t":"j","w":638,"h":900},{"t":"j","w":638,"h":900},{"t":"j","w":638,"h":900},{"t":"j","w":638,"h":900},{"t":"j","w":638,"h":900},{"t":"j","w":638,"h":900},{"t":"j","w":638,"h":900},{"t":"j","w":638,"h":900},{"t":"j","w":638,"h":900},{"t":"j","w":638,"h":900},{"t":"j","w":638,"h":900},{"t":"j","w":638,"h":900}],"cover":{"t":"j","w":350,"h":492},"thumbnail":{"t":"j","w":250,"h":352}},"scanlator":"","upload_date":1403964956,"tags":[{"id":6430,"type":"character","name":"shikamaru nara","url":"/character/shikamaru-nara/","count":34},{"id":13159,"type":"parody","name":"naruto","url":"/parody/naruto/","count":1267},{"id":13184,"type":"character","name":"tayuya","url":"/character/tayuya/","count":26},{"id":14801,"type":"character","name":"temari","url":"/character/temari/","count":87},{"id":16854,"type":"artist","name":"nekomata naomi","url":"/artist/nekomata-naomi/","count":239},{"id":30321,"type":"group","name":"nekomataya","url":"/group/nekomataya/","count":147},{"id":6346,"type":"language","name":"japanese","url":"/language/japanese/","count":191613},{"id":33172,"type":"category","name":"doujinshi","url":"/category/doujinshi/","count":228729}],"num_pages":26,"num_favorites":188}