{"id":214,"media_id":"275","title":{"english":"(C64) [NEKOMATAYA (Nekomata Naomi)] SAKURA-AN (Naruto)","japanese":"(C64) [\u306d\u3053\u307e\u305f\u5c4b (\u732b\u53c8\u306a\u304a\u307f)] \u685c\u9921 (\u30ca\u30eb\u30c8)","pretty":"SAKURA-AN"},"images":{"pages":[{"t":"j","w":556,"h":789},{"t":"j","w":567,"h":789},{"t":"j","w":567,"h":789},{"t":"j","w":567,"h":789},{"t":"j","w":567,"h":789},{"t":"j","w":567,"h":789},{"t":"j","w":567,"h":789},{"t":"j","w":567,"h":789},{"t":"j","w":567,"h":789},{"t":"j","w":567,"h":789},{"t":"j","w":567,"h":789},{"t":"j","w":567,"h":789},{"t":"j","w":567,"h":789},{"t":"j","w":567,"h":789},{"t":"j","w":567,"h":789},{"t":"j","w":567,"h":789},{"t":"j","w":567,"h":789},{"t":"j","w":567,"h":789},{"t":"j","w":567,"h":789},{"t":"j","w":567,"h":789},{"t":"j","w":567,"h":789},{"t":"j","w":567,"h":789},{"t":"j","w":567,"h":789},{"t":"j","w":567,"h":789},{"t":"j","w":567,"h":789},{"t":"j","w":567,"h":789},{"t":"j","w":567,"h":789},{"t":"j","w":567,"h":789},{"t":"j","w":567,"h":789},{"t":"j","w":556,"h":789}],"cover":{"t":"j","w":350,"h":497},"thumbnail":{"t":"j","w":250,"h":355}},"scanlator":"","upload_date":1403964957,"tags":[{"id":779,"type":"tag","name":"futanari","url":"/tag/futanari/","count":23173},{"id":2937,"type":"tag","name":"big breasts","url":"/tag/big-breasts/","count":103273},{"id":3304,"type":"character","name":"kurenai yuhi","url":"/character/kurenai-yuhi/","count":34},{"id":5768,"type":"character","name":"anko mitarashi","url":"/character/anko-mitarashi/","count":93},{"id":7706,"type":"character","name":"ino yamanaka","url":"/character/ino-yamanaka/","count":95},{"id":8010,"type":"tag","name":"group","url":"/tag/group/","count":72150},{"id":11920,"type":"character","name":"sakura haruno","url":"/character/sakura-haruno/","count":482},{"id":13159,"type":"parody","name":"naruto","url":"/parody/naruto/","count":1288},{"id":16854,"type":"artist","name":"nekomata naomi","url":"/artist/nekomata-naomi/","count":239},{"id":19440,"type":"tag","name":"lolicon","url":"/tag/lolicon/","count":69490},{"id":19954,"type":"tag","name":"yuri","url":"/tag/yuri/","count":20241},{"id":25439,"type":"character","name":"hinata hyuga","url":"/character/hinata-hyuga/","count":441},{"id":30321,"type":"group","name":"nekomataya","url":"/group/nekomataya/","count":147},{"id":6346,"type":"language","name":"japanese","url":"/language/japanese/","count":191613},{"id":33172,"type":"category","name":"doujinshi","url":"/category/doujinshi/","count":228729}],"num_pages":30,"num_favorites":86}