{"id":215,"media_id":"276","title":{"english":"(C69) [Nekomataya (Nekomata Naomi)] Shidare Zakura (Naruto)","japanese":"(C69) [\u306d\u3053\u307e\u305f\u5c4b (\u732b\u53c8\u306a\u304a\u307f)] \u30b7\u30c0\u30ec\u30b6\u30af\u30e9 (\u30ca\u30eb\u30c8)","pretty":"Shidare Zakura"},"images":{"pages":[{"t":"j","w":1058,"h":1500},{"t":"j","w":1042,"h":1500},{"t":"j","w":1046,"h":1500},{"t":"j","w":1040,"h":1500},{"t":"j","w":1046,"h":1500},{"t":"j","w":1040,"h":1500},{"t":"j","w":1048,"h":1500},{"t":"j","w":1042,"h":1500},{"t":"j","w":1047,"h":1500},{"t":"j","w":1041,"h":1500},{"t":"j","w":1044,"h":1500},{"t":"j","w":1042,"h":1500},{"t":"j","w":1046,"h":1500},{"t":"j","w":1042,"h":1500},{"t":"j","w":1049,"h":1500},{"t":"j","w":1044,"h":1500},{"t":"j","w":1050,"h":1500},{"t":"j","w":1044,"h":1500},{"t":"j","w":1045,"h":1500},{"t":"j","w":1046,"h":1500},{"t":"j","w":1043,"h":1500},{"t":"j","w":1042,"h":1500},{"t":"j","w":1051,"h":1500},{"t":"j","w":1041,"h":1500},{"t":"j","w":1051,"h":1500},{"t":"j","w":1055,"h":1500}],"cover":{"t":"j","w":350,"h":496},"thumbnail":{"t":"j","w":250,"h":354}},"scanlator":"","upload_date":1403964958,"tags":[{"id":11920,"type":"character","name":"sakura haruno","url":"/character/sakura-haruno/","count":482},{"id":13159,"type":"parody","name":"naruto","url":"/parody/naruto/","count":1288},{"id":15658,"type":"tag","name":"bondage","url":"/tag/bondage/","count":34540},{"id":16854,"type":"artist","name":"nekomata naomi","url":"/artist/nekomata-naomi/","count":239},{"id":27553,"type":"tag","name":"rape","url":"/tag/rape/","count":34191},{"id":30321,"type":"group","name":"nekomataya","url":"/group/nekomataya/","count":147},{"id":31775,"type":"tag","name":"tentacles","url":"/tag/tentacles/","count":13276},{"id":6346,"type":"language","name":"japanese","url":"/language/japanese/","count":191613},{"id":33172,"type":"category","name":"doujinshi","url":"/category/doujinshi/","count":228729},{"id":22945,"type":"tag","name":"double penetration","url":"/tag/double-penetration/","count":24673}],"num_pages":26,"num_favorites":181}