{"id":216,"media_id":"279","title":{"english":"[PH (TAM)] Sakura Rock On! (Naruto)","japanese":"[PH (TAM)] \u685c\u30ed\u30c3\u30af\u30aa\u30f3! (NARUTO -\u30ca\u30eb\u30c8-)","pretty":"Sakura Rock On!"},"images":{"pages":[{"t":"j","w":838,"h":1200},{"t":"j","w":833,"h":1200},{"t":"j","w":820,"h":1200},{"t":"j","w":825,"h":1200},{"t":"j","w":820,"h":1200},{"t":"j","w":833,"h":1200},{"t":"j","w":819,"h":1200},{"t":"j","w":830,"h":1200},{"t":"j","w":819,"h":1200},{"t":"j","w":838,"h":1200},{"t":"j","w":827,"h":1200},{"t":"j","w":833,"h":1200},{"t":"j","w":827,"h":1200},{"t":"j","w":833,"h":1200},{"t":"j","w":827,"h":1200},{"t":"j","w":830,"h":1200},{"t":"j","w":830,"h":1200}],"cover":{"t":"j","w":350,"h":501},"thumbnail":{"t":"j","w":250,"h":358}},"scanlator":"","upload_date":1403964958,"tags":[{"id":2937,"type":"tag","name":"big breasts","url":"/tag/big-breasts/","count":104551},{"id":11920,"type":"character","name":"sakura haruno","url":"/character/sakura-haruno/","count":482},{"id":13159,"type":"parody","name":"naruto","url":"/parody/naruto/","count":1288},{"id":15914,"type":"character","name":"sasuke uchiha","url":"/character/sasuke-uchiha/","count":290},{"id":18615,"type":"group","name":"ph","url":"/group/ph/","count":53},{"id":18637,"type":"artist","name":"tam","url":"/artist/tam/","count":113},{"id":19440,"type":"tag","name":"lolicon","url":"/tag/lolicon/","count":70096},{"id":6346,"type":"language","name":"japanese","url":"/language/japanese/","count":193003},{"id":33172,"type":"category","name":"doujinshi","url":"/category/doujinshi/","count":231184}],"num_pages":17,"num_favorites":40}