{"id":217,"media_id":"283","title":{"english":"(SC32) [Studio ParM (Kotobuki Utage, Tange Suzuki)] PM 10 In Nin Shugyou (Naruto)","japanese":"(\u30b5\u30f3\u30af\u30ea32) [Studio\u2605ParM (\u5bff\u5bb4\u3001\u4e39\u4e0b\u30b9\u30ba\u30ad)] PM10 \u6deb\u5fcd\u4fee\u884c (NARUTO -\u30ca\u30eb\u30c8-)","pretty":"PM 10 In Nin Shugyou"},"images":{"pages":[{"t":"j","w":1136,"h":1600},{"t":"j","w":1123,"h":1600},{"t":"j","w":1123,"h":1600},{"t":"j","w":1123,"h":1600},{"t":"j","w":1123,"h":1600},{"t":"j","w":1123,"h":1600},{"t":"j","w":1123,"h":1600},{"t":"j","w":1123,"h":1600},{"t":"j","w":1123,"h":1600},{"t":"j","w":1123,"h":1600},{"t":"j","w":1123,"h":1600},{"t":"j","w":1123,"h":1600},{"t":"j","w":1123,"h":1600},{"t":"j","w":1123,"h":1600},{"t":"j","w":1123,"h":1600},{"t":"j","w":1123,"h":1600},{"t":"j","w":1123,"h":1600},{"t":"j","w":1123,"h":1600},{"t":"j","w":1123,"h":1600},{"t":"j","w":1123,"h":1600},{"t":"j","w":1123,"h":1600},{"t":"j","w":1123,"h":1600},{"t":"j","w":1123,"h":1600},{"t":"j","w":1123,"h":1600},{"t":"j","w":1123,"h":1600},{"t":"j","w":1123,"h":1600},{"t":"j","w":1123,"h":1600},{"t":"j","w":1123,"h":1600},{"t":"j","w":1123,"h":1600},{"t":"j","w":1123,"h":1600},{"t":"j","w":1123,"h":1600},{"t":"j","w":1123,"h":1600},{"t":"j","w":1123,"h":1600},{"t":"j","w":1123,"h":1600},{"t":"j","w":1123,"h":1600},{"t":"j","w":1123,"h":1600},{"t":"j","w":1123,"h":1600},{"t":"j","w":1123,"h":1600},{"t":"j","w":1123,"h":1600},{"t":"j","w":1123,"h":1600},{"t":"j","w":1123,"h":1600},{"t":"j","w":1123,"h":1600},{"t":"j","w":1123,"h":1600},{"t":"j","w":1123,"h":1600},{"t":"j","w":1123,"h":1600},{"t":"j","w":1123,"h":1600},{"t":"j","w":1123,"h":1600},{"t":"j","w":1123,"h":1600},{"t":"j","w":1123,"h":1600},{"t":"j","w":1136,"h":1600}],"cover":{"t":"j","w":350,"h":493},"thumbnail":{"t":"j","w":250,"h":352}},"scanlator":"","upload_date":1403964959,"tags":[{"id":2602,"type":"artist","name":"kotobuki utage","url":"/artist/kotobuki-utage/","count":93},{"id":2937,"type":"tag","name":"big breasts","url":"/tag/big-breasts/","count":103273},{"id":3304,"type":"character","name":"kurenai yuhi","url":"/character/kurenai-yuhi/","count":34},{"id":6467,"type":"group","name":"studio parm","url":"/group/studio-parm/","count":90},{"id":9406,"type":"tag","name":"enema","url":"/tag/enema/","count":3420},{"id":10604,"type":"tag","name":"dog","url":"/tag/dog/","count":1209},{"id":12523,"type":"tag","name":"bestiality","url":"/tag/bestiality/","count":3768},{"id":13159,"type":"parody","name":"naruto","url":"/parody/naruto/","count":1267},{"id":14499,"type":"character","name":"tsunade","url":"/character/tsunade/","count":354},{"id":15658,"type":"tag","name":"bondage","url":"/tag/bondage/","count":34540},{"id":25439,"type":"character","name":"hinata hyuga","url":"/character/hinata-hyuga/","count":436},{"id":29001,"type":"tag","name":"parasite","url":"/tag/parasite/","count":843},{"id":6346,"type":"language","name":"japanese","url":"/language/japanese/","count":191613},{"id":33172,"type":"category","name":"doujinshi","url":"/category/doujinshi/","count":228729},{"id":7718,"type":"character","name":"naruto uzumaki","url":"/character/naruto-uzumaki/","count":634},{"id":7706,"type":"character","name":"ino yamanaka","url":"/character/ino-yamanaka/","count":94},{"id":22851,"type":"character","name":"shizune","url":"/character/shizune/","count":88},{"id":14801,"type":"character","name":"temari","url":"/character/temari/","count":86},{"id":27553,"type":"tag","name":"rape","url":"/tag/rape/","count":34191},{"id":32351,"type":"artist","name":"tange suzuki","url":"/artist/tange-suzuki/","count":121}],"num_pages":50,"num_favorites":211}