{"id":218,"media_id":"284","title":{"english":"(Comic Castle 2006) [Studio ParM (Kotobuki Utage, Tange Suzuki)] PM 9 In Nin Shiken (Naruto)","japanese":"(\u30b3\u30df\u30c3\u30af\u30ad\u30e3\u30c3\u30b9\u30eb2006) [Studio\u2605ParM (\u5bff\u5bb4\u3001\u4e39\u4e0b\u30b9\u30ba\u30ad)] PM9 \u6deb\u5fcd\u8a66\u9a13 (NARUTO -\u30ca\u30eb\u30c8-)","pretty":"PM 9 In Nin Shiken"},"images":{"pages":[{"t":"j","w":1136,"h":1600},{"t":"j","w":1123,"h":1600},{"t":"j","w":1123,"h":1600},{"t":"j","w":1123,"h":1600},{"t":"j","w":1123,"h":1600},{"t":"j","w":1123,"h":1600},{"t":"j","w":1123,"h":1600},{"t":"j","w":1123,"h":1600},{"t":"j","w":1123,"h":1600},{"t":"j","w":1123,"h":1600},{"t":"j","w":1123,"h":1600},{"t":"j","w":1123,"h":1600},{"t":"j","w":1123,"h":1600},{"t":"j","w":1123,"h":1600},{"t":"j","w":1123,"h":1600},{"t":"j","w":1123,"h":1600},{"t":"j","w":1123,"h":1600},{"t":"j","w":1123,"h":1600},{"t":"j","w":1123,"h":1600},{"t":"j","w":1123,"h":1600},{"t":"j","w":1123,"h":1600},{"t":"j","w":1123,"h":1600},{"t":"j","w":1123,"h":1600},{"t":"j","w":1123,"h":1600},{"t":"j","w":1123,"h":1600},{"t":"j","w":1123,"h":1600},{"t":"j","w":1123,"h":1600},{"t":"j","w":1123,"h":1600},{"t":"j","w":1123,"h":1600},{"t":"j","w":1123,"h":1600},{"t":"j","w":1123,"h":1600},{"t":"j","w":1123,"h":1600},{"t":"j","w":1123,"h":1600},{"t":"j","w":1123,"h":1600},{"t":"j","w":1123,"h":1600},{"t":"j","w":1123,"h":1600},{"t":"j","w":1123,"h":1600},{"t":"j","w":1123,"h":1600},{"t":"j","w":1123,"h":1600},{"t":"j","w":1123,"h":1600},{"t":"j","w":1123,"h":1600},{"t":"j","w":1123,"h":1600},{"t":"j","w":1123,"h":1600},{"t":"j","w":1123,"h":1600},{"t":"j","w":1123,"h":1600},{"t":"j","w":1123,"h":1600},{"t":"j","w":1123,"h":1600},{"t":"j","w":1123,"h":1600},{"t":"j","w":1123,"h":1600},{"t":"j","w":1136,"h":1600}],"cover":{"t":"j","w":350,"h":493},"thumbnail":{"t":"j","w":250,"h":352}},"scanlator":"","upload_date":1403964960,"tags":[{"id":2602,"type":"artist","name":"kotobuki utage","url":"/artist/kotobuki-utage/","count":93},{"id":2937,"type":"tag","name":"big breasts","url":"/tag/big-breasts/","count":103273},{"id":6467,"type":"group","name":"studio parm","url":"/group/studio-parm/","count":90},{"id":8010,"type":"tag","name":"group","url":"/tag/group/","count":72150},{"id":13159,"type":"parody","name":"naruto","url":"/parody/naruto/","count":1288},{"id":14499,"type":"character","name":"tsunade","url":"/character/tsunade/","count":355},{"id":14801,"type":"character","name":"temari","url":"/character/temari/","count":87},{"id":15408,"type":"tag","name":"femdom","url":"/tag/femdom/","count":17603},{"id":15658,"type":"tag","name":"bondage","url":"/tag/bondage/","count":34540},{"id":22851,"type":"character","name":"shizune","url":"/character/shizune/","count":89},{"id":22942,"type":"tag","name":"incest","url":"/tag/incest/","count":28383},{"id":25614,"type":"tag","name":"paizuri","url":"/tag/paizuri/","count":22785},{"id":27553,"type":"tag","name":"rape","url":"/tag/rape/","count":34191},{"id":32341,"type":"tag","name":"shotacon","url":"/tag/shotacon/","count":39737},{"id":32351,"type":"artist","name":"tange suzuki","url":"/artist/tange-suzuki/","count":121},{"id":6346,"type":"language","name":"japanese","url":"/language/japanese/","count":191613},{"id":33172,"type":"category","name":"doujinshi","url":"/category/doujinshi/","count":228729}],"num_pages":50,"num_favorites":126}