{"id":219,"media_id":"285","title":{"english":"(SC33) [Studio ParM (Kotobuki Utage, Tange Suzuki)] PM 11 In Nin Dorei (Naruto)","japanese":"(\u30b5\u30f3\u30af\u30ea33) [Studio\u2605ParM (\u5bff\u5bb4\u3001\u4e39\u4e0b\u30b9\u30ba\u30ad)] PM11 \u6deb\u5fcd\u5974\u96b7 (NARUTO -\u30ca\u30eb\u30c8-)","pretty":"PM 11 In Nin Dorei"},"images":{"pages":[{"t":"j","w":1136,"h":1600},{"t":"j","w":1123,"h":1600},{"t":"j","w":1123,"h":1600},{"t":"j","w":1123,"h":1600},{"t":"j","w":1123,"h":1600},{"t":"j","w":1123,"h":1600},{"t":"j","w":1123,"h":1600},{"t":"j","w":1123,"h":1600},{"t":"j","w":1123,"h":1600},{"t":"j","w":1123,"h":1600},{"t":"j","w":1123,"h":1600},{"t":"j","w":1123,"h":1600},{"t":"j","w":1123,"h":1600},{"t":"j","w":1123,"h":1600},{"t":"j","w":1123,"h":1600},{"t":"j","w":1123,"h":1600},{"t":"j","w":1123,"h":1600},{"t":"j","w":1123,"h":1600},{"t":"j","w":1123,"h":1600},{"t":"j","w":1123,"h":1600},{"t":"j","w":1123,"h":1600},{"t":"j","w":1123,"h":1600},{"t":"j","w":1123,"h":1600},{"t":"j","w":1123,"h":1600},{"t":"j","w":1123,"h":1600},{"t":"j","w":1123,"h":1600},{"t":"j","w":1123,"h":1600},{"t":"j","w":1123,"h":1600},{"t":"j","w":1123,"h":1600},{"t":"j","w":1123,"h":1600},{"t":"j","w":1123,"h":1600},{"t":"j","w":1123,"h":1600},{"t":"j","w":1123,"h":1600},{"t":"j","w":1123,"h":1600},{"t":"j","w":1123,"h":1600},{"t":"j","w":1123,"h":1600},{"t":"j","w":1123,"h":1600},{"t":"j","w":1123,"h":1600},{"t":"j","w":1123,"h":1600},{"t":"j","w":1123,"h":1600},{"t":"j","w":1123,"h":1600},{"t":"j","w":1123,"h":1600},{"t":"j","w":1123,"h":1600},{"t":"j","w":1123,"h":1600},{"t":"j","w":1123,"h":1600},{"t":"j","w":1123,"h":1600},{"t":"j","w":1123,"h":1600},{"t":"j","w":1123,"h":1600},{"t":"j","w":1123,"h":1600},{"t":"j","w":1136,"h":1600}],"cover":{"t":"j","w":350,"h":493},"thumbnail":{"t":"j","w":250,"h":352}},"scanlator":"","upload_date":1403964961,"tags":[{"id":2602,"type":"artist","name":"kotobuki utage","url":"/artist/kotobuki-utage/","count":93},{"id":2937,"type":"tag","name":"big breasts","url":"/tag/big-breasts/","count":103273},{"id":4435,"type":"tag","name":"gag","url":"/tag/gag/","count":7148},{"id":5768,"type":"character","name":"anko mitarashi","url":"/character/anko-mitarashi/","count":93},{"id":6467,"type":"group","name":"studio parm","url":"/group/studio-parm/","count":90},{"id":7706,"type":"character","name":"ino yamanaka","url":"/character/ino-yamanaka/","count":94},{"id":8010,"type":"tag","name":"group","url":"/tag/group/","count":72150},{"id":11920,"type":"character","name":"sakura haruno","url":"/character/sakura-haruno/","count":479},{"id":13159,"type":"parody","name":"naruto","url":"/parody/naruto/","count":1267},{"id":14283,"type":"tag","name":"anal","url":"/tag/anal/","count":64587},{"id":14499,"type":"character","name":"tsunade","url":"/character/tsunade/","count":354},{"id":14801,"type":"character","name":"temari","url":"/character/temari/","count":86},{"id":15658,"type":"tag","name":"bondage","url":"/tag/bondage/","count":34540},{"id":16760,"type":"character","name":"tenten","url":"/character/tenten/","count":25},{"id":22851,"type":"character","name":"shizune","url":"/character/shizune/","count":88},{"id":22945,"type":"tag","name":"double penetration","url":"/tag/double-penetration/","count":24472},{"id":24102,"type":"tag","name":"lactation","url":"/tag/lactation/","count":11870},{"id":25439,"type":"character","name":"hinata hyuga","url":"/character/hinata-hyuga/","count":436},{"id":27553,"type":"tag","name":"rape","url":"/tag/rape/","count":34191},{"id":31775,"type":"tag","name":"tentacles","url":"/tag/tentacles/","count":13276},{"id":32351,"type":"artist","name":"tange suzuki","url":"/artist/tange-suzuki/","count":121},{"id":6346,"type":"language","name":"japanese","url":"/language/japanese/","count":191613},{"id":33172,"type":"category","name":"doujinshi","url":"/category/doujinshi/","count":228729}],"num_pages":50,"num_favorites":199}