{"id":"220","media_id":"286","title":{"english":"(C70) [Toluene Ittokan (Various)] KETSU! MEGATON NinNin (Naruto)","japanese":"(C70) [\u30c8\u30eb\u30a8\u30f3\u4e00\u6597\u7f36 (\u3088\u308d\u305a)] KETSU!MEGATON \u5fcd\u3005 (\u30ca\u30eb\u30c8)","pretty":"KETSU! MEGATON NinNin"},"images":{"pages":[{"t":"j","w":1137,"h":1600},{"t":"j","w":1127,"h":1600},{"t":"j","w":1127,"h":1600},{"t":"j","w":1127,"h":1600},{"t":"j","w":1127,"h":1600},{"t":"j","w":1127,"h":1600},{"t":"j","w":1127,"h":1600},{"t":"j","w":1127,"h":1600},{"t":"j","w":1127,"h":1600},{"t":"j","w":1127,"h":1600},{"t":"j","w":1127,"h":1600},{"t":"j","w":1127,"h":1600},{"t":"j","w":1127,"h":1600},{"t":"j","w":1127,"h":1600},{"t":"j","w":1127,"h":1600},{"t":"j","w":1127,"h":1600},{"t":"j","w":1127,"h":1600},{"t":"j","w":1127,"h":1600},{"t":"j","w":1127,"h":1600},{"t":"j","w":1127,"h":1600},{"t":"j","w":1127,"h":1600},{"t":"j","w":1127,"h":1600},{"t":"j","w":1127,"h":1600},{"t":"j","w":1127,"h":1600},{"t":"j","w":1127,"h":1600},{"t":"j","w":1127,"h":1600},{"t":"j","w":1127,"h":1600},{"t":"j","w":1127,"h":1600},{"t":"j","w":1127,"h":1600},{"t":"j","w":1127,"h":1600},{"t":"j","w":1127,"h":1600},{"t":"j","w":1127,"h":1600},{"t":"j","w":1127,"h":1600},{"t":"j","w":1127,"h":1600},{"t":"j","w":1127,"h":1600},{"t":"j","w":1127,"h":1600},{"t":"j","w":1127,"h":1600},{"t":"j","w":1127,"h":1600},{"t":"j","w":1127,"h":1600},{"t":"j","w":1127,"h":1600},{"t":"j","w":1127,"h":1600},{"t":"j","w":1127,"h":1600},{"t":"j","w":1127,"h":1600},{"t":"j","w":1127,"h":1600},{"t":"j","w":1127,"h":1600},{"t":"j","w":1127,"h":1600},{"t":"j","w":1127,"h":1600},{"t":"j","w":1127,"h":1600},{"t":"j","w":1127,"h":1600},{"t":"j","w":1137,"h":1600}],"cover":{"t":"j","w":350,"h":493},"thumbnail":{"t":"j","w":250,"h":352}},"scanlator":"","upload_date":1403964962,"tags":[{"id":2937,"type":"tag","name":"big breasts","url":"/tag/big-breasts/","count":103273},{"id":3654,"type":"artist","name":"doumeki bararou","url":"/artist/doumeki-bararou/","count":33},{"id":7869,"type":"artist","name":"shinagawa ham","url":"/artist/shinagawa-ham/","count":28},{"id":11920,"type":"character","name":"sakura haruno","url":"/character/sakura-haruno/","count":482},{"id":13159,"type":"parody","name":"naruto","url":"/parody/naruto/","count":1288},{"id":14473,"type":"group","name":"toluene ittokan","url":"/group/toluene-ittokan/","count":73},{"id":14499,"type":"character","name":"tsunade","url":"/character/tsunade/","count":355},{"id":15009,"type":"artist","name":"pierre norano","url":"/artist/pierre-norano/","count":81},{"id":15658,"type":"tag","name":"bondage","url":"/tag/bondage/","count":34540},{"id":27553,"type":"tag","name":"rape","url":"/tag/rape/","count":34191},{"id":6346,"type":"language","name":"japanese","url":"/language/japanese/","count":191613},{"id":33172,"type":"category","name":"doujinshi","url":"/category/doujinshi/","count":228729},{"id":21538,"type":"tag","name":"bike shorts","url":"/tag/bike-shorts/","count":2376}],"num_pages":50,"num_favorites":130}