{"id":221,"media_id":"287","title":{"english":"(C70) [Tsurikichi-Doumei (Hiraizumi Kou)] Ivi To Tsunade Wo Okaru Dake No Hon (Soul Calibur, Naruto)","japanese":"(C70) [\u91e3\u308a\u30ad\u30c1\u540c\u76df (\u3072\u3089\u3044\u305a\u307f\u3053\u3046)] \u30a2\u30a4\u30f4\u30a3\u30fc\u3068\u30c4\u30ca\u30c7\u3092\u72af\u308b\u3060\u3051\u306e\u672c (\u30bd\u30a6\u30eb\u30ad\u30e3\u30ea\u30d0\u30fc, \u30ca\u30eb\u30c8)","pretty":"Ivi To Tsunade Wo Okaru Dake No Hon"},"images":{"pages":[{"t":"j","w":1137,"h":1600},{"t":"j","w":1124,"h":1600},{"t":"j","w":1124,"h":1600},{"t":"j","w":1124,"h":1600},{"t":"j","w":1124,"h":1600},{"t":"j","w":1124,"h":1600},{"t":"j","w":1124,"h":1600},{"t":"j","w":1124,"h":1600},{"t":"j","w":1124,"h":1600},{"t":"j","w":1124,"h":1600},{"t":"j","w":1124,"h":1600},{"t":"j","w":1124,"h":1600},{"t":"j","w":1124,"h":1600},{"t":"j","w":1124,"h":1600},{"t":"j","w":1124,"h":1600},{"t":"j","w":1124,"h":1600},{"t":"j","w":1124,"h":1600},{"t":"j","w":1124,"h":1600},{"t":"j","w":1124,"h":1600},{"t":"j","w":1124,"h":1600},{"t":"j","w":1124,"h":1600},{"t":"j","w":1124,"h":1600},{"t":"j","w":1124,"h":1600},{"t":"j","w":1124,"h":1600},{"t":"j","w":1124,"h":1600},{"t":"j","w":1124,"h":1600},{"t":"j","w":1124,"h":1600},{"t":"j","w":1124,"h":1600},{"t":"j","w":1124,"h":1600},{"t":"j","w":1124,"h":1600},{"t":"j","w":1124,"h":1600},{"t":"j","w":1124,"h":1600},{"t":"j","w":1124,"h":1600},{"t":"j","w":1124,"h":1600},{"t":"j","w":1124,"h":1600},{"t":"j","w":1124,"h":1600},{"t":"j","w":1124,"h":1600},{"t":"j","w":1124,"h":1600},{"t":"j","w":1124,"h":1600},{"t":"j","w":1124,"h":1600},{"t":"j","w":1124,"h":1600},{"t":"j","w":1137,"h":1600}],"cover":{"t":"j","w":350,"h":493},"thumbnail":{"t":"j","w":250,"h":352}},"scanlator":"","upload_date":1403964964,"tags":[{"id":2937,"type":"tag","name":"big breasts","url":"/tag/big-breasts/","count":103273},{"id":8010,"type":"tag","name":"group","url":"/tag/group/","count":72150},{"id":13159,"type":"parody","name":"naruto","url":"/parody/naruto/","count":1288},{"id":14283,"type":"tag","name":"anal","url":"/tag/anal/","count":64587},{"id":14499,"type":"character","name":"tsunade","url":"/character/tsunade/","count":355},{"id":20458,"type":"artist","name":"hiraizumi kou","url":"/artist/hiraizumi-kou/","count":19},{"id":22945,"type":"tag","name":"double penetration","url":"/tag/double-penetration/","count":24472},{"id":26974,"type":"character","name":"ivy valentine","url":"/character/ivy-valentine/","count":109},{"id":29337,"type":"parody","name":"soulcalibur","url":"/parody/soulcalibur/","count":298},{"id":30772,"type":"group","name":"tsurikichi doumei","url":"/group/tsurikichi-doumei/","count":320},{"id":6346,"type":"language","name":"japanese","url":"/language/japanese/","count":191613},{"id":33172,"type":"category","name":"doujinshi","url":"/category/doujinshi/","count":228729},{"id":27697,"type":"tag","name":"leotard","url":"/tag/leotard/","count":3109},{"id":18135,"type":"group","name":"suzuki giken","url":"/group/suzuki-giken/","count":7}],"num_pages":42,"num_favorites":88}