{"id":222,"media_id":"288","title":{"english":"(C63) [Tsurikichi Doumei (Various)] Non Dema-R Tankahen (Various)","japanese":"(C63) [\u91e3\u308a\u30ad\u30c1\u540c\u76df (\u3088\u308d\u305a)] Non\u30fbDema-R \u5556\u5475\u7de8 (\u3088\u308d\u305a)","pretty":"Non Dema-R Tankahen"},"images":{"pages":[{"t":"j","w":1024,"h":1450},{"t":"j","w":1024,"h":1486},{"t":"j","w":1024,"h":1452},{"t":"j","w":1024,"h":1452},{"t":"j","w":1024,"h":1452},{"t":"j","w":1024,"h":1452},{"t":"j","w":1024,"h":1452},{"t":"j","w":1024,"h":1452},{"t":"j","w":1024,"h":1452},{"t":"j","w":1024,"h":1452},{"t":"j","w":1024,"h":1452},{"t":"j","w":1024,"h":1452},{"t":"j","w":1024,"h":1452},{"t":"j","w":1024,"h":1452},{"t":"j","w":1024,"h":1452},{"t":"j","w":1024,"h":1452},{"t":"j","w":1024,"h":1447},{"t":"j","w":1024,"h":1452},{"t":"j","w":1024,"h":1452},{"t":"j","w":1024,"h":1452},{"t":"j","w":1024,"h":1452},{"t":"j","w":1024,"h":1452},{"t":"j","w":1024,"h":1452},{"t":"j","w":1024,"h":1452},{"t":"j","w":1024,"h":1452},{"t":"j","w":1024,"h":1452},{"t":"j","w":1024,"h":1452},{"t":"j","w":1024,"h":1452},{"t":"j","w":1024,"h":1452},{"t":"j","w":1024,"h":1452},{"t":"j","w":1024,"h":1452},{"t":"j","w":1024,"h":1452},{"t":"j","w":1024,"h":1452},{"t":"j","w":1024,"h":1452},{"t":"j","w":1024,"h":1452},{"t":"j","w":1024,"h":1458},{"t":"j","w":1024,"h":1452},{"t":"j","w":1024,"h":1452},{"t":"j","w":1024,"h":1452},{"t":"j","w":1024,"h":1452},{"t":"j","w":1024,"h":1452},{"t":"j","w":1024,"h":1452},{"t":"j","w":1024,"h":1452},{"t":"j","w":1024,"h":1452},{"t":"j","w":1024,"h":1452},{"t":"j","w":1024,"h":1452},{"t":"j","w":1024,"h":1452},{"t":"j","w":1024,"h":1458},{"t":"j","w":1024,"h":1452},{"t":"j","w":1024,"h":1452},{"t":"j","w":1024,"h":1452},{"t":"j","w":1024,"h":1452},{"t":"j","w":1024,"h":1452},{"t":"j","w":1024,"h":1452},{"t":"j","w":1024,"h":1452},{"t":"j","w":1024,"h":1452},{"t":"j","w":1024,"h":1452},{"t":"j","w":1024,"h":1452},{"t":"j","w":1024,"h":1452},{"t":"j","w":1024,"h":1452},{"t":"j","w":1024,"h":1452},{"t":"j","w":1024,"h":1452},{"t":"j","w":1024,"h":1452},{"t":"j","w":1024,"h":1452},{"t":"j","w":1024,"h":1452},{"t":"j","w":1024,"h":1458},{"t":"j","w":1024,"h":1452},{"t":"j","w":1024,"h":1452},{"t":"j","w":1024,"h":1452},{"t":"j","w":1024,"h":1452},{"t":"j","w":1024,"h":1452},{"t":"j","w":1024,"h":1452},{"t":"j","w":1024,"h":1452},{"t":"j","w":1024,"h":1452},{"t":"j","w":1024,"h":1452},{"t":"j","w":1024,"h":1452},{"t":"j","w":1024,"h":1452},{"t":"j","w":1024,"h":1452},{"t":"j","w":1024,"h":1452},{"t":"j","w":1024,"h":1452},{"t":"j","w":1024,"h":1452},{"t":"j","w":1024,"h":1458},{"t":"j","w":1024,"h":1452},{"t":"j","w":1024,"h":1452},{"t":"j","w":1024,"h":1452},{"t":"j","w":1024,"h":1452},{"t":"j","w":1024,"h":1452},{"t":"j","w":1024,"h":1452},{"t":"j","w":1024,"h":1452},{"t":"j","w":1024,"h":1452},{"t":"j","w":1024,"h":1452},{"t":"j","w":1024,"h":1452},{"t":"j","w":1024,"h":1452},{"t":"j","w":1024,"h":1452},{"t":"j","w":1024,"h":1452},{"t":"j","w":1024,"h":1458},{"t":"j","w":1024,"h":1474},{"t":"j","w":1024,"h":1450}],"cover":{"t":"j","w":350,"h":496},"thumbnail":{"t":"j","w":250,"h":354}},"scanlator":"","upload_date":1403964965,"tags":[{"id":779,"type":"tag","name":"futanari","url":"/tag/futanari/","count":23173},{"id":2819,"type":"character","name":"eclair","url":"/character/eclair/","count":54},{"id":2937,"type":"tag","name":"big breasts","url":"/tag/big-breasts/","count":103273},{"id":3163,"type":"parody","name":"king of fighters","url":"/parody/king-of-fighters/","count":1049},{"id":3304,"type":"character","name":"kurenai yuhi","url":"/character/kurenai-yuhi/","count":34},{"id":6809,"type":"parody","name":"historys strongest disciple kenichi","url":"/parody/historys-strongest-disciple-kenichi/","count":103},{"id":8010,"type":"tag","name":"group","url":"/tag/group/","count":72150},{"id":8129,"type":"character","name":"lumiere","url":"/character/lumiere/","count":45},{"id":10604,"type":"tag","name":"dog","url":"/tag/dog/","count":1220},{"id":10811,"type":"tag","name":"double vaginal","url":"/tag/double-vaginal/","count":1490},{"id":11920,"type":"character","name":"sakura haruno","url":"/character/sakura-haruno/","count":482},{"id":12523,"type":"tag","name":"bestiality","url":"/tag/bestiality/","count":3768},{"id":13159,"type":"parody","name":"naruto","url":"/parody/naruto/","count":1288},{"id":15658,"type":"tag","name":"bondage","url":"/tag/bondage/","count":34540},{"id":18724,"type":"parody","name":"resident evil","url":"/parody/resident-evil/","count":223},{"id":19037,"type":"character","name":"shermie","url":"/character/shermie/","count":39},{"id":19440,"type":"tag","name":"lolicon","url":"/tag/lolicon/","count":70096},{"id":25614,"type":"tag","name":"paizuri","url":"/tag/paizuri/","count":22785},{"id":27179,"type":"artist","name":"umedama nabu","url":"/artist/umedama-nabu/","count":314},{"id":28818,"type":"character","name":"jill valentine","url":"/character/jill-valentine/","count":86},{"id":30772,"type":"group","name":"tsurikichi doumei","url":"/group/tsurikichi-doumei/","count":320},{"id":31300,"type":"parody","name":"kiddy grade","url":"/parody/kiddy-grade/","count":67},{"id":6346,"type":"language","name":"japanese","url":"/language/japanese/","count":191613},{"id":33172,"type":"category","name":"doujinshi","url":"/category/doujinshi/","count":228729},{"id":1976,"type":"character","name":"eclipse","url":"/character/eclipse/","count":4},{"id":5668,"type":"artist","name":"kogawa masayoshi","url":"/artist/kogawa-masayoshi/","count":51}],"num_pages":98,"num_favorites":104}