{"id":223,"media_id":"289","title":{"english":"(C59) [Denchuu Rui (Denchuu Rui)] Hogo Kansatsu (Naruto)","japanese":"(C59) [\u7530\u4e2d\u985e (\u7530\u4e2d\u30eb\u30a4)] \u30db\u30b4\u30ab\u30f3\u30b5\u30c4 (\u30ca\u30eb\u30c8)","pretty":"Hogo Kansatsu"},"images":{"pages":[{"t":"j","w":779,"h":1114},{"t":"j","w":779,"h":1129},{"t":"j","w":779,"h":1129},{"t":"j","w":779,"h":1129},{"t":"j","w":779,"h":1129},{"t":"j","w":779,"h":1129},{"t":"j","w":779,"h":1129},{"t":"j","w":779,"h":1129},{"t":"j","w":779,"h":1129},{"t":"j","w":779,"h":1129},{"t":"j","w":779,"h":1129},{"t":"j","w":779,"h":1129},{"t":"j","w":779,"h":1129},{"t":"j","w":779,"h":1129},{"t":"j","w":779,"h":1129},{"t":"j","w":779,"h":1129},{"t":"j","w":779,"h":1129},{"t":"j","w":779,"h":1129},{"t":"j","w":779,"h":1129},{"t":"j","w":779,"h":1129},{"t":"j","w":779,"h":1129},{"t":"j","w":779,"h":1129},{"t":"j","w":779,"h":1129},{"t":"j","w":779,"h":1129},{"t":"j","w":779,"h":1129},{"t":"j","w":779,"h":1107}],"cover":{"t":"j","w":350,"h":501},"thumbnail":{"t":"j","w":250,"h":358}},"scanlator":"","upload_date":1403964969,"tags":[{"id":2937,"type":"tag","name":"big breasts","url":"/tag/big-breasts/","count":103273},{"id":8280,"type":"group","name":"denchuu rui","url":"/group/denchuu-rui/","count":4},{"id":11430,"type":"character","name":"neji hyuga","url":"/character/neji-hyuga/","count":21},{"id":13159,"type":"parody","name":"naruto","url":"/parody/naruto/","count":1288},{"id":22942,"type":"tag","name":"incest","url":"/tag/incest/","count":28107},{"id":25439,"type":"character","name":"hinata hyuga","url":"/character/hinata-hyuga/","count":441},{"id":6346,"type":"language","name":"japanese","url":"/language/japanese/","count":191613},{"id":33172,"type":"category","name":"doujinshi","url":"/category/doujinshi/","count":228729},{"id":66914,"type":"artist","name":"denchuu rui","url":"/artist/denchuu-rui/","count":1}],"num_pages":26,"num_favorites":27}