{"id":224,"media_id":"141","title":{"english":"(CR36) [BIG BOSS (Hontai Bai)] Geki!! Evangeline Ikka (Mahou Sensei Negima!) [English] [Yuecchi] [Decensored]","japanese":"(C\u30ec\u30f4\u30a936) [BIG\u30fbBOSS (\u672c\u4f53\u58f2)] \u6fc0\uff01\uff01\u30a8\u30f4\u30a1\u30f3\u30b8\u30a7\u30ea\u30f3\u4e00\u5bb6 (\u9b54\u6cd5\u5148\u751f\u30cd\u30ae\u307e!) [\u82f1\u8a33] [\u7121\u4fee\u6b63]","pretty":"Geki!! Evangeline Ikka"},"images":{"pages":[{"t":"j","w":1000,"h":1415},{"t":"j","w":1000,"h":1415},{"t":"j","w":1000,"h":1415},{"t":"j","w":1000,"h":1415},{"t":"j","w":1000,"h":1409},{"t":"j","w":1000,"h":1415},{"t":"j","w":1000,"h":1410},{"t":"j","w":1000,"h":1415},{"t":"j","w":1000,"h":1415},{"t":"j","w":1000,"h":1415},{"t":"j","w":1000,"h":1415},{"t":"j","w":1000,"h":1415},{"t":"j","w":1000,"h":1415},{"t":"j","w":1000,"h":1415},{"t":"j","w":1000,"h":1415},{"t":"j","w":1000,"h":1415},{"t":"j","w":1000,"h":1411},{"t":"j","w":1000,"h":1415},{"t":"j","w":1000,"h":1411},{"t":"j","w":1000,"h":1414},{"t":"j","w":1000,"h":1415},{"t":"j","w":1000,"h":1422},{"t":"j","w":1000,"h":1410},{"t":"j","w":1000,"h":1413},{"t":"j","w":1000,"h":1414},{"t":"j","w":1000,"h":1413},{"t":"j","w":1000,"h":1420},{"t":"j","w":1000,"h":1415},{"t":"j","w":1000,"h":1410},{"t":"j","w":1000,"h":1415},{"t":"j","w":1000,"h":1411},{"t":"j","w":1000,"h":1414},{"t":"j","w":1000,"h":1418},{"t":"j","w":1000,"h":1415},{"t":"j","w":1000,"h":1414},{"t":"j","w":1000,"h":1415},{"t":"j","w":1000,"h":1408},{"t":"j","w":1000,"h":1415},{"t":"j","w":1000,"h":1413},{"t":"j","w":1000,"h":1415},{"t":"j","w":1000,"h":1415},{"t":"j","w":1000,"h":1422},{"t":"j","w":1000,"h":1415}],"cover":{"t":"j","w":350,"h":495},"thumbnail":{"t":"j","w":250,"h":354}},"scanlator":"","upload_date":1403964969,"tags":[{"id":190,"type":"tag","name":"maid","url":"/tag/maid/","count":10631},{"id":2193,"type":"character","name":"chachamaru karakuri","url":"/character/chachamaru-karakuri/","count":29},{"id":8378,"type":"tag","name":"glasses","url":"/tag/glasses/","count":48279},{"id":12227,"type":"language","name":"english","url":"/language/english/","count":69378},{"id":16166,"type":"parody","name":"mahou sensei negima","url":"/parody/mahou-sensei-negima/","count":588},{"id":17249,"type":"language","name":"translated","url":"/language/translated/","count":109734},{"id":19440,"type":"tag","name":"lolicon","url":"/tag/lolicon/","count":69490},{"id":22783,"type":"character","name":"evangeline a.k. mcdowell","url":"/character/evangeline-a-k-mcdowell/","count":121},{"id":26898,"type":"tag","name":"age progression","url":"/tag/age-progression/","count":802},{"id":28611,"type":"group","name":"big boss","url":"/group/big-boss/","count":71},{"id":29859,"type":"tag","name":"blowjob","url":"/tag/blowjob/","count":37321},{"id":31986,"type":"tag","name":"age regression","url":"/tag/age-regression/","count":805},{"id":33172,"type":"category","name":"doujinshi","url":"/category/doujinshi/","count":228729},{"id":29122,"type":"artist","name":"hontai bai","url":"/artist/hontai-bai/","count":69},{"id":60875,"type":"character","name":"chachazero","url":"/character/chachazero/","count":2},{"id":24201,"type":"tag","name":"stockings","url":"/tag/stockings/","count":64784},{"id":17591,"type":"tag","name":"robot","url":"/tag/robot/","count":1168},{"id":8693,"type":"tag","name":"uncensored","url":"/tag/uncensored/","count":7295}],"num_pages":43,"num_favorites":645}