{"id":225,"media_id":"142","title":{"english":"(C73) [Big Boss (Hontai Bai)] Negi-sensei to Himitsu no School Mizugi (Mahou Sensei Negima!\t) [English] [Yuecchi]","japanese":"(C73) [BIG BOSS \uff08\u672c\u4f53\u58f2\uff09] \u30cd\u30ae\u5148\u751f\u3068\u79d8\u5bc6\u306e\u30b9\u30af\u30fc\u30eb\u6c34\u7740 (\u9b54\u6cd5\u5148\u751f\u30cd\u30ae\u307e\uff01) [\u82f1\u8a33]","pretty":"Negi-sensei to Himitsu no School Mizugi"},"images":{"pages":[{"t":"j","w":1044,"h":1487},{"t":"j","w":1044,"h":1487},{"t":"j","w":1000,"h":1415},{"t":"j","w":1000,"h":1415},{"t":"j","w":1000,"h":1415},{"t":"j","w":1000,"h":1415},{"t":"j","w":1000,"h":1415},{"t":"j","w":1000,"h":1415},{"t":"j","w":1000,"h":1412},{"t":"j","w":1000,"h":1415},{"t":"j","w":1000,"h":1415},{"t":"j","w":1000,"h":1415},{"t":"j","w":1000,"h":1421},{"t":"j","w":1000,"h":1415},{"t":"j","w":1000,"h":1415},{"t":"j","w":1000,"h":1415},{"t":"j","w":1000,"h":1415},{"t":"j","w":1000,"h":1415},{"t":"j","w":1000,"h":1410},{"t":"j","w":1000,"h":1415},{"t":"j","w":1000,"h":1415},{"t":"j","w":1000,"h":1415},{"t":"j","w":1000,"h":1415},{"t":"j","w":1000,"h":1417},{"t":"j","w":1000,"h":1415},{"t":"j","w":1000,"h":1417},{"t":"j","w":1000,"h":1415},{"t":"j","w":1000,"h":1415},{"t":"j","w":1000,"h":1415},{"t":"j","w":1000,"h":1415},{"t":"j","w":1000,"h":1419},{"t":"j","w":1000,"h":1415},{"t":"j","w":1000,"h":1422},{"t":"j","w":1000,"h":1415},{"t":"j","w":1000,"h":1415},{"t":"j","w":1000,"h":1415},{"t":"j","w":1000,"h":1424},{"t":"j","w":1000,"h":1415},{"t":"j","w":1000,"h":1415},{"t":"j","w":1000,"h":1415},{"t":"j","w":1000,"h":1415},{"t":"j","w":1000,"h":1415},{"t":"j","w":1000,"h":1415},{"t":"j","w":1000,"h":1415},{"t":"j","w":1000,"h":1422},{"t":"j","w":1000,"h":1422},{"t":"j","w":1000,"h":1415},{"t":"j","w":1000,"h":1415},{"t":"j","w":1000,"h":1415},{"t":"j","w":1000,"h":1415},{"t":"j","w":1000,"h":1415},{"t":"j","w":1000,"h":1415},{"t":"j","w":1000,"h":1415},{"t":"j","w":1000,"h":1408},{"t":"j","w":1000,"h":1415},{"t":"j","w":1000,"h":1408},{"t":"j","w":1000,"h":1406},{"t":"j","w":1055,"h":1496}],"cover":{"t":"j","w":350,"h":499},"thumbnail":{"t":"j","w":250,"h":356}},"scanlator":"","upload_date":1403964971,"tags":[{"id":199,"type":"character","name":"mana tatsumiya","url":"/character/mana-tatsumiya/","count":22},{"id":887,"type":"character","name":"nodoka miyazaki","url":"/character/nodoka-miyazaki/","count":124},{"id":2937,"type":"tag","name":"big breasts","url":"/tag/big-breasts/","count":103273},{"id":3735,"type":"tag","name":"swimsuit","url":"/tag/swimsuit/","count":19363},{"id":5445,"type":"character","name":"konoka konoe","url":"/character/konoka-konoe/","count":105},{"id":8693,"type":"tag","name":"uncensored","url":"/tag/uncensored/","count":7295},{"id":12227,"type":"language","name":"english","url":"/language/english/","count":69378},{"id":16166,"type":"parody","name":"mahou sensei negima","url":"/parody/mahou-sensei-negima/","count":588},{"id":17249,"type":"language","name":"translated","url":"/language/translated/","count":109734},{"id":19440,"type":"tag","name":"lolicon","url":"/tag/lolicon/","count":69490},{"id":20525,"type":"tag","name":"defloration","url":"/tag/defloration/","count":23209},{"id":22624,"type":"character","name":"yue ayase","url":"/character/yue-ayase/","count":89},{"id":22783,"type":"character","name":"evangeline a.k. mcdowell","url":"/character/evangeline-a-k-mcdowell/","count":121},{"id":27714,"type":"character","name":"kazumi asakura","url":"/character/kazumi-asakura/","count":17},{"id":28611,"type":"group","name":"big boss","url":"/group/big-boss/","count":71},{"id":29122,"type":"artist","name":"hontai bai","url":"/artist/hontai-bai/","count":69},{"id":32168,"type":"character","name":"negi springfield","url":"/character/negi-springfield/","count":105},{"id":32341,"type":"tag","name":"shotacon","url":"/tag/shotacon/","count":39737},{"id":33172,"type":"category","name":"doujinshi","url":"/category/doujinshi/","count":228729},{"id":29859,"type":"tag","name":"blowjob","url":"/tag/blowjob/","count":37321},{"id":19018,"type":"tag","name":"dark skin","url":"/tag/dark-skin/","count":21056}],"num_pages":58,"num_favorites":632}