{"id":20,"media_id":"864","title":{"english":"[Midoh Tsukasa] Natsu no Shizuku - A Summer Drop -","japanese":"[\u5fa1\u5802\u3064\u304b\u3055] \u590f\u306e\u3057\u305a\u304f","pretty":"Natsu no Shizuku"},"images":{"pages":[{"t":"j","w":945,"h":1200},{"t":"j","w":843,"h":1200},{"t":"j","w":499,"h":1200},{"t":"j","w":489,"h":1200},{"t":"j","w":840,"h":1200},{"t":"j","w":840,"h":1200},{"t":"j","w":840,"h":1200},{"t":"j","w":840,"h":1200},{"t":"j","w":840,"h":1200},{"t":"j","w":847,"h":1200},{"t":"j","w":847,"h":1200},{"t":"j","w":840,"h":1200},{"t":"j","w":840,"h":1200},{"t":"j","w":840,"h":1200},{"t":"j","w":840,"h":1200},{"t":"j","w":840,"h":1200},{"t":"j","w":847,"h":1200},{"t":"j","w":847,"h":1200},{"t":"j","w":840,"h":1200},{"t":"j","w":840,"h":1200},{"t":"j","w":840,"h":1200},{"t":"j","w":840,"h":1200},{"t":"j","w":847,"h":1200},{"t":"j","w":840,"h":1200},{"t":"j","w":840,"h":1200},{"t":"j","w":840,"h":1200},{"t":"j","w":840,"h":1200},{"t":"j","w":840,"h":1200},{"t":"j","w":840,"h":1200},{"t":"j","w":840,"h":1200},{"t":"j","w":840,"h":1200},{"t":"j","w":840,"h":1200},{"t":"j","w":840,"h":1200},{"t":"j","w":840,"h":1200},{"t":"j","w":840,"h":1200},{"t":"j","w":840,"h":1200},{"t":"j","w":840,"h":1200},{"t":"j","w":840,"h":1200},{"t":"j","w":840,"h":1200},{"t":"j","w":840,"h":1200},{"t":"j","w":840,"h":1200},{"t":"j","w":840,"h":1200},{"t":"j","w":840,"h":1200},{"t":"j","w":840,"h":1200},{"t":"j","w":840,"h":1200},{"t":"j","w":840,"h":1200},{"t":"j","w":840,"h":1200},{"t":"j","w":840,"h":1200},{"t":"j","w":846,"h":1200},{"t":"j","w":840,"h":1200},{"t":"j","w":840,"h":1200},{"t":"j","w":840,"h":1200},{"t":"j","w":840,"h":1200},{"t":"j","w":840,"h":1200},{"t":"j","w":840,"h":1200},{"t":"j","w":840,"h":1200},{"t":"j","w":840,"h":1200},{"t":"j","w":840,"h":1200},{"t":"j","w":840,"h":1200},{"t":"j","w":840,"h":1200},{"t":"j","w":840,"h":1200},{"t":"j","w":840,"h":1200},{"t":"j","w":840,"h":1200},{"t":"j","w":840,"h":1200},{"t":"j","w":840,"h":1200},{"t":"j","w":840,"h":1200},{"t":"j","w":840,"h":1200},{"t":"j","w":840,"h":1200},{"t":"j","w":840,"h":1200},{"t":"j","w":840,"h":1200},{"t":"j","w":840,"h":1200},{"t":"j","w":840,"h":1200},{"t":"j","w":840,"h":1200},{"t":"j","w":840,"h":1200},{"t":"j","w":840,"h":1200},{"t":"j","w":840,"h":1200},{"t":"j","w":840,"h":1200},{"t":"j","w":840,"h":1200},{"t":"j","w":840,"h":1200},{"t":"j","w":840,"h":1200},{"t":"j","w":840,"h":1200},{"t":"j","w":840,"h":1200},{"t":"j","w":840,"h":1200},{"t":"j","w":840,"h":1200},{"t":"j","w":840,"h":1200},{"t":"j","w":840,"h":1200},{"t":"j","w":840,"h":1200},{"t":"j","w":840,"h":1200},{"t":"j","w":840,"h":1200},{"t":"j","w":840,"h":1200},{"t":"j","w":840,"h":1200},{"t":"j","w":840,"h":1200},{"t":"j","w":840,"h":1200},{"t":"j","w":840,"h":1200},{"t":"j","w":840,"h":1200},{"t":"j","w":840,"h":1200},{"t":"j","w":847,"h":1200},{"t":"j","w":847,"h":1200},{"t":"j","w":840,"h":1200},{"t":"j","w":840,"h":1200},{"t":"j","w":840,"h":1200},{"t":"j","w":840,"h":1200},{"t":"j","w":840,"h":1200},{"t":"j","w":840,"h":1200},{"t":"j","w":840,"h":1200},{"t":"j","w":840,"h":1200},{"t":"j","w":840,"h":1200},{"t":"j","w":840,"h":1200},{"t":"j","w":840,"h":1200},{"t":"j","w":847,"h":1200},{"t":"j","w":840,"h":1200},{"t":"j","w":840,"h":1200},{"t":"j","w":840,"h":1200},{"t":"j","w":840,"h":1200},{"t":"j","w":840,"h":1200},{"t":"j","w":840,"h":1200},{"t":"j","w":840,"h":1200},{"t":"j","w":840,"h":1200},{"t":"j","w":847,"h":1200},{"t":"j","w":840,"h":1200},{"t":"j","w":840,"h":1200},{"t":"j","w":840,"h":1200},{"t":"j","w":840,"h":1200},{"t":"j","w":840,"h":1200},{"t":"j","w":840,"h":1200},{"t":"j","w":840,"h":1200},{"t":"j","w":840,"h":1200},{"t":"j","w":840,"h":1200},{"t":"j","w":840,"h":1200},{"t":"j","w":847,"h":1200},{"t":"j","w":840,"h":1200},{"t":"j","w":840,"h":1200},{"t":"j","w":847,"h":1200},{"t":"j","w":840,"h":1200},{"t":"j","w":840,"h":1200},{"t":"j","w":840,"h":1200},{"t":"j","w":840,"h":1200},{"t":"j","w":840,"h":1200},{"t":"j","w":847,"h":1200},{"t":"j","w":840,"h":1200},{"t":"j","w":840,"h":1200},{"t":"j","w":840,"h":1200},{"t":"j","w":840,"h":1200},{"t":"j","w":840,"h":1200},{"t":"j","w":840,"h":1200},{"t":"j","w":840,"h":1200},{"t":"j","w":840,"h":1200},{"t":"j","w":840,"h":1200},{"t":"j","w":840,"h":1200},{"t":"j","w":840,"h":1200},{"t":"j","w":840,"h":1200},{"t":"j","w":840,"h":1200},{"t":"j","w":840,"h":1200},{"t":"j","w":840,"h":1200},{"t":"j","w":840,"h":1200},{"t":"j","w":840,"h":1200},{"t":"j","w":840,"h":1200},{"t":"j","w":840,"h":1200},{"t":"j","w":840,"h":1200},{"t":"j","w":840,"h":1200},{"t":"j","w":840,"h":1200},{"t":"j","w":840,"h":1200},{"t":"j","w":840,"h":1200},{"t":"j","w":840,"h":1200},{"t":"j","w":840,"h":1200},{"t":"j","w":840,"h":1200},{"t":"j","w":840,"h":1200},{"t":"j","w":840,"h":1200},{"t":"j","w":840,"h":1200},{"t":"j","w":840,"h":1200},{"t":"j","w":840,"h":1200},{"t":"j","w":840,"h":1200}],"cover":{"t":"j","w":350,"h":444},"thumbnail":{"t":"j","w":250,"h":317}},"scanlator":"","upload_date":1403964742,"tags":[{"id":370,"type":"tag","name":"business suit","url":"/tag/business-suit/","count":3176},{"id":1033,"type":"tag","name":"handjob","url":"/tag/handjob/","count":5884},{"id":1088,"type":"tag","name":"bdsm","url":"/tag/bdsm/","count":1933},{"id":1207,"type":"tag","name":"milf","url":"/tag/milf/","count":22588},{"id":2937,"type":"tag","name":"big breasts","url":"/tag/big-breasts/","count":103273},{"id":6525,"type":"tag","name":"nurse","url":"/tag/nurse/","count":3629},{"id":8010,"type":"tag","name":"group","url":"/tag/group/","count":72150},{"id":8378,"type":"tag","name":"glasses","url":"/tag/glasses/","count":48279},{"id":9083,"type":"tag","name":"big ass","url":"/tag/big-ass/","count":9564},{"id":14283,"type":"tag","name":"anal","url":"/tag/anal/","count":64587},{"id":14971,"type":"tag","name":"sex toys","url":"/tag/sex-toys/","count":20823},{"id":15242,"type":"tag","name":"lab coat","url":"/tag/lab-coat/","count":1084},{"id":15348,"type":"tag","name":"ffm threesome","url":"/tag/ffm-threesome/","count":17957},{"id":15658,"type":"tag","name":"bondage","url":"/tag/bondage/","count":34540},{"id":23237,"type":"tag","name":"tankoubon","url":"/tag/tankoubon/","count":25051},{"id":23965,"type":"tag","name":"chloroform","url":"/tag/chloroform/","count":1858},{"id":24201,"type":"tag","name":"stockings","url":"/tag/stockings/","count":64784},{"id":24380,"type":"tag","name":"pantyhose","url":"/tag/pantyhose/","count":14713},{"id":25614,"type":"tag","name":"paizuri","url":"/tag/paizuri/","count":22785},{"id":25871,"type":"tag","name":"lingerie","url":"/tag/lingerie/","count":7659},{"id":27384,"type":"tag","name":"mind break","url":"/tag/mind-break/","count":13136},{"id":27553,"type":"tag","name":"rape","url":"/tag/rape/","count":34191},{"id":28550,"type":"tag","name":"teacher","url":"/tag/teacher/","count":9616},{"id":28800,"type":"tag","name":"bloomers","url":"/tag/bloomers/","count":5648},{"id":29483,"type":"artist","name":"midoh tsukasa","url":"/artist/midoh-tsukasa/","count":193},{"id":29859,"type":"tag","name":"blowjob","url":"/tag/blowjob/","count":37321},{"id":30555,"type":"tag","name":"big penis","url":"/tag/big-penis/","count":9176},{"id":31386,"type":"tag","name":"catgirl","url":"/tag/catgirl/","count":8286},{"id":6346,"type":"language","name":"japanese","url":"/language/japanese/","count":191613},{"id":33173,"type":"category","name":"manga","url":"/category/manga/","count":77142},{"id":16828,"type":"tag","name":"hairy","url":"/tag/hairy/","count":9305},{"id":3666,"type":"tag","name":"garter belt","url":"/tag/garter-belt/","count":7640},{"id":17752,"type":"tag","name":"foot licking","url":"/tag/foot-licking/","count":1486},{"id":13989,"type":"tag","name":"ahegao","url":"/tag/ahegao/","count":29344}],"num_pages":172,"num_favorites":691}