{"id":21,"media_id":"865","title":{"english":"[Dorei Jackie] A wish","japanese":"[\u5974\u96b7\u30b8\u30e3\u30c3\u30ad\u30fc] \u305f\u3063\u305f\u4e00\u3064\u306e\u30fb\u30fb\u30fb\u3092\u8fbc\u3081\u3066","pretty":"A wish"},"images":{"pages":[{"t":"j","w":1129,"h":1600},{"t":"j","w":1200,"h":1066},{"t":"j","w":1200,"h":991},{"t":"j","w":1122,"h":1600},{"t":"j","w":1234,"h":1600},{"t":"j","w":1109,"h":1600},{"t":"j","w":1109,"h":1600},{"t":"j","w":1109,"h":1600},{"t":"j","w":1109,"h":1600},{"t":"j","w":1109,"h":1600},{"t":"j","w":1109,"h":1600},{"t":"j","w":1109,"h":1600},{"t":"j","w":1109,"h":1600},{"t":"j","w":1109,"h":1600},{"t":"j","w":1109,"h":1600},{"t":"j","w":1109,"h":1600},{"t":"j","w":1109,"h":1600},{"t":"j","w":1109,"h":1600},{"t":"j","w":1109,"h":1600},{"t":"j","w":1109,"h":1600},{"t":"j","w":1109,"h":1600},{"t":"j","w":1109,"h":1600},{"t":"j","w":1109,"h":1600},{"t":"j","w":1109,"h":1600},{"t":"j","w":1109,"h":1600},{"t":"j","w":1109,"h":1600},{"t":"j","w":1109,"h":1600},{"t":"j","w":1109,"h":1600},{"t":"j","w":1109,"h":1600},{"t":"j","w":1109,"h":1600},{"t":"j","w":1109,"h":1600},{"t":"j","w":1109,"h":1600},{"t":"j","w":1109,"h":1600},{"t":"j","w":1109,"h":1600},{"t":"j","w":1109,"h":1600},{"t":"j","w":1109,"h":1600},{"t":"j","w":1109,"h":1600},{"t":"j","w":1109,"h":1600},{"t":"j","w":1109,"h":1600},{"t":"j","w":1109,"h":1600},{"t":"j","w":1109,"h":1600},{"t":"j","w":1109,"h":1600},{"t":"j","w":1109,"h":1600},{"t":"j","w":1109,"h":1600},{"t":"j","w":1109,"h":1600},{"t":"j","w":1109,"h":1600},{"t":"j","w":1109,"h":1600},{"t":"j","w":1109,"h":1600},{"t":"j","w":1109,"h":1600},{"t":"j","w":1109,"h":1600},{"t":"j","w":1109,"h":1600},{"t":"j","w":1109,"h":1600},{"t":"j","w":1109,"h":1600},{"t":"j","w":1109,"h":1600},{"t":"j","w":1109,"h":1600},{"t":"j","w":1109,"h":1600},{"t":"j","w":1109,"h":1600},{"t":"j","w":1109,"h":1600},{"t":"j","w":1109,"h":1600},{"t":"j","w":1109,"h":1600},{"t":"j","w":1109,"h":1600},{"t":"j","w":1109,"h":1600},{"t":"j","w":1109,"h":1600},{"t":"j","w":1109,"h":1600},{"t":"j","w":1109,"h":1600},{"t":"j","w":1109,"h":1600},{"t":"j","w":1109,"h":1600},{"t":"j","w":1109,"h":1600},{"t":"j","w":1109,"h":1600},{"t":"j","w":1109,"h":1600},{"t":"j","w":1109,"h":1600},{"t":"j","w":1109,"h":1600},{"t":"j","w":1109,"h":1600},{"t":"j","w":1109,"h":1600},{"t":"j","w":1109,"h":1600},{"t":"j","w":1109,"h":1600},{"t":"j","w":1109,"h":1600},{"t":"j","w":1109,"h":1600},{"t":"j","w":1109,"h":1600},{"t":"j","w":1109,"h":1600},{"t":"j","w":1109,"h":1600},{"t":"j","w":1109,"h":1600},{"t":"j","w":1109,"h":1600},{"t":"j","w":1109,"h":1600},{"t":"j","w":1109,"h":1600},{"t":"j","w":1109,"h":1600},{"t":"j","w":1109,"h":1600},{"t":"j","w":1109,"h":1600},{"t":"j","w":1109,"h":1600},{"t":"j","w":1109,"h":1600},{"t":"j","w":1109,"h":1600},{"t":"j","w":1109,"h":1600},{"t":"j","w":1109,"h":1600},{"t":"j","w":1109,"h":1600},{"t":"j","w":1109,"h":1600},{"t":"j","w":1109,"h":1600},{"t":"j","w":1109,"h":1600},{"t":"j","w":1109,"h":1600},{"t":"j","w":1109,"h":1600},{"t":"j","w":1109,"h":1600},{"t":"j","w":1109,"h":1600},{"t":"j","w":1109,"h":1600},{"t":"j","w":1109,"h":1600},{"t":"j","w":1109,"h":1600},{"t":"j","w":1109,"h":1600},{"t":"j","w":1109,"h":1600},{"t":"j","w":1109,"h":1600},{"t":"j","w":1109,"h":1600},{"t":"j","w":1109,"h":1600},{"t":"j","w":1109,"h":1600},{"t":"j","w":1109,"h":1600},{"t":"j","w":1109,"h":1600},{"t":"j","w":1109,"h":1600},{"t":"j","w":1109,"h":1600},{"t":"j","w":1109,"h":1600},{"t":"j","w":1109,"h":1600},{"t":"j","w":1109,"h":1600},{"t":"j","w":1109,"h":1600},{"t":"j","w":1109,"h":1600},{"t":"j","w":1109,"h":1600},{"t":"j","w":1109,"h":1600},{"t":"j","w":1109,"h":1600},{"t":"j","w":1109,"h":1600},{"t":"j","w":1109,"h":1600},{"t":"j","w":1109,"h":1600},{"t":"j","w":1109,"h":1600},{"t":"j","w":1109,"h":1600},{"t":"j","w":1109,"h":1600},{"t":"j","w":1109,"h":1600},{"t":"j","w":1109,"h":1600},{"t":"j","w":1109,"h":1600},{"t":"j","w":1109,"h":1600},{"t":"j","w":1109,"h":1600},{"t":"j","w":1109,"h":1600},{"t":"j","w":1109,"h":1600},{"t":"j","w":1109,"h":1600},{"t":"j","w":1109,"h":1600},{"t":"j","w":1109,"h":1600},{"t":"j","w":1109,"h":1600},{"t":"j","w":1109,"h":1600},{"t":"j","w":1109,"h":1600},{"t":"j","w":1109,"h":1600},{"t":"j","w":1109,"h":1600},{"t":"j","w":1109,"h":1600},{"t":"j","w":1109,"h":1600},{"t":"j","w":1109,"h":1600},{"t":"j","w":1109,"h":1600},{"t":"j","w":1109,"h":1600},{"t":"j","w":1109,"h":1600},{"t":"j","w":1109,"h":1600},{"t":"j","w":1109,"h":1600},{"t":"j","w":1109,"h":1600},{"t":"j","w":1109,"h":1600},{"t":"j","w":1109,"h":1600},{"t":"j","w":1109,"h":1600},{"t":"j","w":1109,"h":1600},{"t":"j","w":1109,"h":1600},{"t":"j","w":1109,"h":1600},{"t":"j","w":1109,"h":1600},{"t":"j","w":1109,"h":1600},{"t":"j","w":1109,"h":1600},{"t":"j","w":1109,"h":1600},{"t":"j","w":1109,"h":1600},{"t":"j","w":1109,"h":1600},{"t":"j","w":1109,"h":1600},{"t":"j","w":1109,"h":1600},{"t":"j","w":1109,"h":1600},{"t":"j","w":1109,"h":1600},{"t":"j","w":1109,"h":1600},{"t":"j","w":1109,"h":1600},{"t":"j","w":1109,"h":1600},{"t":"j","w":1109,"h":1600},{"t":"j","w":1109,"h":1600},{"t":"j","w":1109,"h":1600},{"t":"j","w":1109,"h":1600},{"t":"j","w":1109,"h":1600},{"t":"j","w":1109,"h":1600},{"t":"j","w":1109,"h":1600},{"t":"j","w":1109,"h":1600},{"t":"j","w":1109,"h":1600},{"t":"j","w":1109,"h":1600},{"t":"j","w":1109,"h":1600},{"t":"j","w":1109,"h":1600},{"t":"j","w":1109,"h":1600},{"t":"j","w":1109,"h":1600},{"t":"j","w":1109,"h":1600},{"t":"j","w":1109,"h":1600},{"t":"j","w":1109,"h":1600},{"t":"j","w":1109,"h":1600},{"t":"j","w":1109,"h":1600},{"t":"j","w":1109,"h":1600}],"cover":{"t":"j","w":350,"h":496},"thumbnail":{"t":"j","w":250,"h":354}},"scanlator":"","upload_date":1403964743,"tags":[{"id":2937,"type":"tag","name":"big breasts","url":"/tag/big-breasts/","count":103273},{"id":3031,"type":"tag","name":"underwater","url":"/tag/underwater/","count":600},{"id":3735,"type":"tag","name":"swimsuit","url":"/tag/swimsuit/","count":19363},{"id":8010,"type":"tag","name":"group","url":"/tag/group/","count":72150},{"id":9083,"type":"tag","name":"big ass","url":"/tag/big-ass/","count":9564},{"id":14283,"type":"tag","name":"anal","url":"/tag/anal/","count":64587},{"id":15658,"type":"tag","name":"bondage","url":"/tag/bondage/","count":34540},{"id":19175,"type":"tag","name":"bikini","url":"/tag/bikini/","count":11157},{"id":19899,"type":"tag","name":"exhibitionism","url":"/tag/exhibitionism/","count":8575},{"id":21869,"type":"artist","name":"dorei jackie","url":"/artist/dorei-jackie/","count":94},{"id":22945,"type":"tag","name":"double penetration","url":"/tag/double-penetration/","count":24472},{"id":23237,"type":"tag","name":"tankoubon","url":"/tag/tankoubon/","count":25051},{"id":24201,"type":"tag","name":"stockings","url":"/tag/stockings/","count":64784},{"id":25614,"type":"tag","name":"paizuri","url":"/tag/paizuri/","count":22785},{"id":26953,"type":"tag","name":"bukkake","url":"/tag/bukkake/","count":4759},{"id":27553,"type":"tag","name":"rape","url":"/tag/rape/","count":34191},{"id":28800,"type":"tag","name":"bloomers","url":"/tag/bloomers/","count":5648},{"id":6346,"type":"language","name":"japanese","url":"/language/japanese/","count":191613},{"id":33173,"type":"category","name":"manga","url":"/category/manga/","count":77142},{"id":10314,"type":"tag","name":"schoolgirl uniform","url":"/tag/schoolgirl-uniform/","count":56168},{"id":11941,"type":"tag","name":"replaced","url":"/tag/replaced/","count":3716},{"id":13720,"type":"tag","name":"nakadashi","url":"/tag/nakadashi/","count":42357}],"num_pages":191,"num_favorites":171}