{"id":22,"media_id":"867","title":{"english":"[Fuusen-Club] Orgamania","japanese":"[\u98a8\u8239\u30af\u30e9\u30d6] \u30aa\u30eb\u30ac\u30de\u30cb\u30a2","pretty":"Orgamania"},"images":{"pages":[{"t":"j","w":1200,"h":526},{"t":"j","w":1200,"h":804},{"t":"j","w":878,"h":1242},{"t":"j","w":878,"h":1242},{"t":"j","w":878,"h":1242},{"t":"j","w":878,"h":1242},{"t":"j","w":878,"h":1242},{"t":"j","w":878,"h":1242},{"t":"j","w":878,"h":1242},{"t":"j","w":878,"h":1242},{"t":"j","w":878,"h":1242},{"t":"j","w":878,"h":1242},{"t":"j","w":878,"h":1242},{"t":"j","w":878,"h":1242},{"t":"j","w":878,"h":1242},{"t":"j","w":878,"h":1242},{"t":"j","w":878,"h":1242},{"t":"j","w":878,"h":1242},{"t":"j","w":878,"h":1242},{"t":"j","w":878,"h":1242},{"t":"j","w":878,"h":1242},{"t":"j","w":878,"h":1242},{"t":"j","w":878,"h":1242},{"t":"j","w":878,"h":1242},{"t":"j","w":878,"h":1242},{"t":"j","w":878,"h":1242},{"t":"j","w":878,"h":1242},{"t":"j","w":878,"h":1242},{"t":"j","w":878,"h":1242},{"t":"j","w":878,"h":1242},{"t":"j","w":878,"h":1242},{"t":"j","w":878,"h":1242},{"t":"j","w":878,"h":1242},{"t":"j","w":878,"h":1242},{"t":"j","w":878,"h":1242},{"t":"j","w":878,"h":1242},{"t":"j","w":878,"h":1242},{"t":"j","w":878,"h":1242},{"t":"j","w":878,"h":1242},{"t":"j","w":878,"h":1242},{"t":"j","w":878,"h":1242},{"t":"j","w":878,"h":1242},{"t":"j","w":878,"h":1242},{"t":"j","w":878,"h":1242},{"t":"j","w":878,"h":1242},{"t":"j","w":878,"h":1242},{"t":"j","w":878,"h":1242},{"t":"j","w":878,"h":1242},{"t":"j","w":878,"h":1242},{"t":"j","w":878,"h":1242},{"t":"j","w":878,"h":1242},{"t":"j","w":878,"h":1242},{"t":"j","w":878,"h":1242},{"t":"j","w":878,"h":1242},{"t":"j","w":878,"h":1242},{"t":"j","w":878,"h":1242},{"t":"j","w":878,"h":1242},{"t":"j","w":878,"h":1242},{"t":"j","w":878,"h":1242},{"t":"j","w":878,"h":1242},{"t":"j","w":878,"h":1242},{"t":"j","w":878,"h":1242},{"t":"j","w":878,"h":1242},{"t":"j","w":878,"h":1242},{"t":"j","w":878,"h":1242},{"t":"j","w":878,"h":1242},{"t":"j","w":878,"h":1242},{"t":"j","w":878,"h":1242},{"t":"j","w":878,"h":1242},{"t":"j","w":878,"h":1242},{"t":"j","w":878,"h":1242},{"t":"j","w":878,"h":1242},{"t":"j","w":878,"h":1242},{"t":"j","w":878,"h":1242},{"t":"j","w":878,"h":1242},{"t":"j","w":878,"h":1242},{"t":"j","w":878,"h":1242},{"t":"j","w":878,"h":1242},{"t":"j","w":878,"h":1242},{"t":"j","w":878,"h":1242},{"t":"j","w":878,"h":1242},{"t":"j","w":878,"h":1242},{"t":"j","w":878,"h":1242},{"t":"j","w":878,"h":1242},{"t":"j","w":878,"h":1242},{"t":"j","w":878,"h":1242},{"t":"j","w":878,"h":1242},{"t":"j","w":878,"h":1242},{"t":"j","w":878,"h":1242},{"t":"j","w":878,"h":1242},{"t":"j","w":878,"h":1242},{"t":"j","w":878,"h":1242},{"t":"j","w":878,"h":1242},{"t":"j","w":878,"h":1242},{"t":"j","w":878,"h":1242},{"t":"j","w":878,"h":1242},{"t":"j","w":878,"h":1242},{"t":"j","w":878,"h":1242},{"t":"j","w":878,"h":1242},{"t":"j","w":878,"h":1242},{"t":"j","w":878,"h":1242},{"t":"j","w":878,"h":1242},{"t":"j","w":878,"h":1242},{"t":"j","w":878,"h":1242},{"t":"j","w":878,"h":1242},{"t":"j","w":878,"h":1242},{"t":"j","w":878,"h":1242},{"t":"j","w":878,"h":1242},{"t":"j","w":878,"h":1242},{"t":"j","w":878,"h":1242},{"t":"j","w":878,"h":1242},{"t":"j","w":878,"h":1242},{"t":"j","w":878,"h":1242},{"t":"j","w":878,"h":1242},{"t":"j","w":878,"h":1242},{"t":"j","w":878,"h":1242},{"t":"j","w":878,"h":1242},{"t":"j","w":878,"h":1242},{"t":"j","w":878,"h":1242},{"t":"j","w":878,"h":1242},{"t":"j","w":878,"h":1242},{"t":"j","w":878,"h":1242},{"t":"j","w":878,"h":1242},{"t":"j","w":878,"h":1242},{"t":"j","w":878,"h":1242},{"t":"j","w":878,"h":1242},{"t":"j","w":878,"h":1242},{"t":"j","w":878,"h":1242},{"t":"j","w":878,"h":1242},{"t":"j","w":878,"h":1242},{"t":"j","w":878,"h":1242},{"t":"j","w":878,"h":1242},{"t":"j","w":878,"h":1242},{"t":"j","w":878,"h":1242},{"t":"j","w":878,"h":1242},{"t":"j","w":878,"h":1242},{"t":"j","w":878,"h":1242},{"t":"j","w":878,"h":1242},{"t":"j","w":878,"h":1242},{"t":"j","w":878,"h":1242},{"t":"j","w":878,"h":1242},{"t":"j","w":878,"h":1242},{"t":"j","w":878,"h":1242},{"t":"j","w":878,"h":1242},{"t":"j","w":878,"h":1242},{"t":"j","w":878,"h":1242},{"t":"j","w":878,"h":1242},{"t":"j","w":878,"h":1242},{"t":"j","w":878,"h":1242},{"t":"j","w":878,"h":1242},{"t":"j","w":878,"h":1242},{"t":"j","w":878,"h":1242},{"t":"j","w":878,"h":1242},{"t":"j","w":878,"h":1242},{"t":"j","w":878,"h":1242},{"t":"j","w":878,"h":1242},{"t":"j","w":878,"h":1242},{"t":"j","w":878,"h":1242},{"t":"j","w":878,"h":1242},{"t":"j","w":878,"h":1242},{"t":"j","w":878,"h":1242},{"t":"j","w":878,"h":1242},{"t":"j","w":878,"h":1242},{"t":"j","w":878,"h":1242},{"t":"j","w":878,"h":1242},{"t":"j","w":878,"h":1242},{"t":"j","w":878,"h":1242},{"t":"j","w":878,"h":1242},{"t":"j","w":878,"h":1242},{"t":"j","w":878,"h":1242},{"t":"j","w":878,"h":1242},{"t":"j","w":878,"h":1242},{"t":"j","w":878,"h":1242},{"t":"j","w":878,"h":1242},{"t":"j","w":878,"h":1242},{"t":"j","w":878,"h":1242},{"t":"j","w":878,"h":1242},{"t":"j","w":878,"h":1242},{"t":"j","w":878,"h":1242},{"t":"j","w":878,"h":1242},{"t":"j","w":878,"h":1242},{"t":"j","w":878,"h":1242},{"t":"j","w":878,"h":1242},{"t":"j","w":878,"h":1242},{"t":"j","w":878,"h":1242},{"t":"j","w":878,"h":1242},{"t":"j","w":878,"h":1242},{"t":"j","w":878,"h":1242},{"t":"j","w":878,"h":1242},{"t":"j","w":878,"h":1242},{"t":"j","w":878,"h":1242},{"t":"j","w":878,"h":1242},{"t":"j","w":878,"h":1242},{"t":"j","w":878,"h":1242},{"t":"j","w":878,"h":1242},{"t":"j","w":878,"h":1242}],"cover":{"t":"j","w":350,"h":153},"thumbnail":{"t":"j","w":250,"h":110}},"scanlator":"","upload_date":1403964744,"tags":[{"id":779,"type":"tag","name":"futanari","url":"/tag/futanari/","count":23173},{"id":1207,"type":"tag","name":"milf","url":"/tag/milf/","count":22588},{"id":2820,"type":"tag","name":"scat","url":"/tag/scat/","count":5915},{"id":2937,"type":"tag","name":"big breasts","url":"/tag/big-breasts/","count":103273},{"id":5200,"type":"tag","name":"pegging","url":"/tag/pegging/","count":1939},{"id":5529,"type":"tag","name":"urethra insertion","url":"/tag/urethra-insertion/","count":2993},{"id":5810,"type":"tag","name":"strap-on","url":"/tag/strap-on/","count":4031},{"id":8010,"type":"tag","name":"group","url":"/tag/group/","count":72150},{"id":8643,"type":"artist","name":"fuusen club","url":"/artist/fuusen-club/","count":308},{"id":9406,"type":"tag","name":"enema","url":"/tag/enema/","count":3420},{"id":13989,"type":"tag","name":"ahegao","url":"/tag/ahegao/","count":29344},{"id":14283,"type":"tag","name":"anal","url":"/tag/anal/","count":64587},{"id":15853,"type":"tag","name":"mother","url":"/tag/mother/","count":7877},{"id":16236,"type":"tag","name":"shemale","url":"/tag/shemale/","count":1959},{"id":19954,"type":"tag","name":"yuri","url":"/tag/yuri/","count":20241},{"id":22079,"type":"tag","name":"drugs","url":"/tag/drugs/","count":6723},{"id":22942,"type":"tag","name":"incest","url":"/tag/incest/","count":28107},{"id":23237,"type":"tag","name":"tankoubon","url":"/tag/tankoubon/","count":25051},{"id":24201,"type":"tag","name":"stockings","url":"/tag/stockings/","count":64784},{"id":25996,"type":"tag","name":"gaping","url":"/tag/gaping/","count":1053},{"id":27553,"type":"tag","name":"rape","url":"/tag/rape/","count":34191},{"id":28550,"type":"tag","name":"teacher","url":"/tag/teacher/","count":9616},{"id":32341,"type":"tag","name":"shotacon","url":"/tag/shotacon/","count":39737},{"id":6346,"type":"language","name":"japanese","url":"/language/japanese/","count":191613},{"id":33173,"type":"category","name":"manga","url":"/category/manga/","count":77142},{"id":28031,"type":"tag","name":"sister","url":"/tag/sister/","count":14429},{"id":22945,"type":"tag","name":"double penetration","url":"/tag/double-penetration/","count":24472},{"id":29023,"type":"tag","name":"tomgirl","url":"/tag/tomgirl/","count":9618}],"num_pages":196,"num_favorites":484}