{"id":23,"media_id":"873","title":{"english":"[Karma Tatsurou] Hebereke","japanese":"[\u304b\u308b\u307e\u9f8d\u72fc] \u3078\u3079\u308c\u3051","pretty":"Hebereke"},"images":{"pages":[{"t":"j","w":1200,"h":508},{"t":"j","w":1200,"h":808},{"t":"j","w":968,"h":1400},{"t":"j","w":968,"h":1400},{"t":"j","w":968,"h":1400},{"t":"j","w":968,"h":1400},{"t":"j","w":968,"h":1400},{"t":"j","w":968,"h":1400},{"t":"j","w":968,"h":1400},{"t":"j","w":968,"h":1400},{"t":"j","w":968,"h":1400},{"t":"j","w":968,"h":1400},{"t":"j","w":968,"h":1400},{"t":"j","w":968,"h":1400},{"t":"j","w":968,"h":1400},{"t":"j","w":968,"h":1400},{"t":"j","w":968,"h":1400},{"t":"j","w":968,"h":1400},{"t":"j","w":968,"h":1400},{"t":"j","w":968,"h":1400},{"t":"j","w":968,"h":1400},{"t":"j","w":968,"h":1400},{"t":"j","w":968,"h":1400},{"t":"j","w":968,"h":1400},{"t":"j","w":968,"h":1400},{"t":"j","w":968,"h":1400},{"t":"j","w":968,"h":1400},{"t":"j","w":968,"h":1400},{"t":"j","w":968,"h":1400},{"t":"j","w":968,"h":1400},{"t":"j","w":968,"h":1400},{"t":"j","w":968,"h":1400},{"t":"j","w":968,"h":1400},{"t":"j","w":968,"h":1400},{"t":"j","w":968,"h":1400},{"t":"j","w":968,"h":1400},{"t":"j","w":968,"h":1400},{"t":"j","w":968,"h":1400},{"t":"j","w":968,"h":1400},{"t":"j","w":968,"h":1400},{"t":"j","w":968,"h":1400},{"t":"j","w":968,"h":1400},{"t":"j","w":968,"h":1400},{"t":"j","w":968,"h":1400},{"t":"j","w":968,"h":1400},{"t":"j","w":968,"h":1400},{"t":"j","w":968,"h":1400},{"t":"j","w":968,"h":1400},{"t":"j","w":968,"h":1400},{"t":"j","w":968,"h":1400},{"t":"j","w":968,"h":1400},{"t":"j","w":968,"h":1400},{"t":"j","w":968,"h":1400},{"t":"j","w":968,"h":1400},{"t":"j","w":968,"h":1400},{"t":"j","w":968,"h":1400},{"t":"j","w":968,"h":1400},{"t":"j","w":968,"h":1400},{"t":"j","w":968,"h":1400},{"t":"j","w":968,"h":1400},{"t":"j","w":968,"h":1400},{"t":"j","w":968,"h":1400},{"t":"j","w":968,"h":1400},{"t":"j","w":968,"h":1400},{"t":"j","w":968,"h":1400},{"t":"j","w":968,"h":1400},{"t":"j","w":968,"h":1400},{"t":"j","w":968,"h":1400},{"t":"j","w":968,"h":1400},{"t":"j","w":968,"h":1400},{"t":"j","w":968,"h":1400},{"t":"j","w":968,"h":1400},{"t":"j","w":968,"h":1400},{"t":"j","w":968,"h":1400},{"t":"j","w":968,"h":1400},{"t":"j","w":968,"h":1400},{"t":"j","w":968,"h":1400},{"t":"j","w":968,"h":1400},{"t":"j","w":968,"h":1400},{"t":"j","w":968,"h":1400},{"t":"j","w":968,"h":1400},{"t":"j","w":968,"h":1400},{"t":"j","w":968,"h":1400},{"t":"j","w":968,"h":1400},{"t":"j","w":968,"h":1400},{"t":"j","w":968,"h":1400},{"t":"j","w":968,"h":1400},{"t":"j","w":968,"h":1400},{"t":"j","w":968,"h":1400},{"t":"j","w":968,"h":1400},{"t":"j","w":968,"h":1400},{"t":"j","w":968,"h":1400},{"t":"j","w":968,"h":1400},{"t":"j","w":968,"h":1400},{"t":"j","w":968,"h":1400},{"t":"j","w":968,"h":1400},{"t":"j","w":968,"h":1400},{"t":"j","w":968,"h":1400},{"t":"j","w":968,"h":1400},{"t":"j","w":968,"h":1400},{"t":"j","w":968,"h":1400},{"t":"j","w":968,"h":1400},{"t":"j","w":968,"h":1400},{"t":"j","w":968,"h":1400},{"t":"j","w":968,"h":1400},{"t":"j","w":968,"h":1400},{"t":"j","w":968,"h":1400},{"t":"j","w":968,"h":1400},{"t":"j","w":968,"h":1400},{"t":"j","w":968,"h":1400},{"t":"j","w":968,"h":1400},{"t":"j","w":968,"h":1400},{"t":"j","w":968,"h":1400},{"t":"j","w":968,"h":1400},{"t":"j","w":968,"h":1400},{"t":"j","w":968,"h":1400},{"t":"j","w":968,"h":1400},{"t":"j","w":968,"h":1400},{"t":"j","w":968,"h":1400},{"t":"j","w":968,"h":1400},{"t":"j","w":968,"h":1400},{"t":"j","w":968,"h":1400},{"t":"j","w":968,"h":1400},{"t":"j","w":968,"h":1400},{"t":"j","w":968,"h":1400},{"t":"j","w":968,"h":1400},{"t":"j","w":968,"h":1400},{"t":"j","w":968,"h":1400},{"t":"j","w":968,"h":1400},{"t":"j","w":968,"h":1400},{"t":"j","w":968,"h":1400},{"t":"j","w":968,"h":1400},{"t":"j","w":968,"h":1400},{"t":"j","w":968,"h":1400},{"t":"j","w":968,"h":1400},{"t":"j","w":968,"h":1400},{"t":"j","w":968,"h":1400},{"t":"j","w":968,"h":1400},{"t":"j","w":968,"h":1400},{"t":"j","w":968,"h":1400},{"t":"j","w":968,"h":1400},{"t":"j","w":968,"h":1400},{"t":"j","w":968,"h":1400},{"t":"j","w":968,"h":1400},{"t":"j","w":968,"h":1400},{"t":"j","w":968,"h":1400},{"t":"j","w":968,"h":1400},{"t":"j","w":968,"h":1400},{"t":"j","w":968,"h":1400},{"t":"j","w":968,"h":1400},{"t":"j","w":968,"h":1400},{"t":"j","w":968,"h":1400},{"t":"j","w":968,"h":1400},{"t":"j","w":968,"h":1400},{"t":"j","w":968,"h":1400},{"t":"j","w":968,"h":1400},{"t":"j","w":968,"h":1400},{"t":"j","w":968,"h":1400},{"t":"j","w":968,"h":1400},{"t":"j","w":968,"h":1400},{"t":"j","w":968,"h":1400},{"t":"j","w":968,"h":1400},{"t":"j","w":968,"h":1400},{"t":"j","w":968,"h":1400},{"t":"j","w":968,"h":1400},{"t":"j","w":968,"h":1400},{"t":"j","w":968,"h":1400},{"t":"j","w":968,"h":1400},{"t":"j","w":968,"h":1400},{"t":"j","w":968,"h":1400},{"t":"j","w":968,"h":1400},{"t":"j","w":968,"h":1400},{"t":"j","w":968,"h":1400},{"t":"j","w":968,"h":1400},{"t":"j","w":968,"h":1400},{"t":"j","w":968,"h":1400},{"t":"j","w":968,"h":1400},{"t":"j","w":968,"h":1400},{"t":"j","w":968,"h":1400},{"t":"j","w":968,"h":1400},{"t":"j","w":968,"h":1400},{"t":"j","w":968,"h":1400},{"t":"j","w":968,"h":1400},{"t":"j","w":968,"h":1400},{"t":"j","w":968,"h":1400},{"t":"j","w":968,"h":1400},{"t":"j","w":968,"h":1400},{"t":"j","w":968,"h":1400},{"t":"j","w":968,"h":1400},{"t":"j","w":968,"h":1400},{"t":"j","w":968,"h":1400},{"t":"j","w":968,"h":1400},{"t":"j","w":968,"h":1400},{"t":"j","w":968,"h":1400},{"t":"j","w":968,"h":1400},{"t":"j","w":968,"h":1400},{"t":"j","w":968,"h":1400},{"t":"j","w":968,"h":1400},{"t":"j","w":968,"h":1400},{"t":"j","w":968,"h":1400},{"t":"j","w":968,"h":1400},{"t":"j","w":968,"h":1400}],"cover":{"t":"j","w":350,"h":148},"thumbnail":{"t":"j","w":250,"h":106}},"scanlator":"","upload_date":1403964744,"tags":[{"id":190,"type":"tag","name":"maid","url":"/tag/maid/","count":10550},{"id":1207,"type":"tag","name":"milf","url":"/tag/milf/","count":22588},{"id":2937,"type":"tag","name":"big breasts","url":"/tag/big-breasts/","count":103273},{"id":5962,"type":"tag","name":"spanking","url":"/tag/spanking/","count":2396},{"id":8010,"type":"tag","name":"group","url":"/tag/group/","count":72150},{"id":10811,"type":"tag","name":"double vaginal","url":"/tag/double-vaginal/","count":1474},{"id":15853,"type":"tag","name":"mother","url":"/tag/mother/","count":7877},{"id":20035,"type":"tag","name":"x-ray","url":"/tag/x-ray/","count":20947},{"id":20282,"type":"tag","name":"footjob","url":"/tag/footjob/","count":9290},{"id":22942,"type":"tag","name":"incest","url":"/tag/incest/","count":28107},{"id":23144,"type":"artist","name":"karma tatsurou","url":"/artist/karma-tatsurou/","count":308},{"id":23237,"type":"tag","name":"tankoubon","url":"/tag/tankoubon/","count":25051},{"id":24726,"type":"tag","name":"apron","url":"/tag/apron/","count":2921},{"id":25614,"type":"tag","name":"paizuri","url":"/tag/paizuri/","count":22785},{"id":29013,"type":"tag","name":"dilf","url":"/tag/dilf/","count":15244},{"id":29859,"type":"tag","name":"blowjob","url":"/tag/blowjob/","count":37321},{"id":32341,"type":"tag","name":"shotacon","url":"/tag/shotacon/","count":39737},{"id":32602,"type":"tag","name":"fisting","url":"/tag/fisting/","count":2230},{"id":6346,"type":"language","name":"japanese","url":"/language/japanese/","count":191613},{"id":33173,"type":"category","name":"manga","url":"/category/manga/","count":77142},{"id":31880,"type":"tag","name":"bbm","url":"/tag/bbm/","count":11652},{"id":28349,"type":"tag","name":"cbt","url":"/tag/cbt/","count":1172},{"id":2956,"type":"tag","name":"old man","url":"/tag/old-man/","count":2288},{"id":8739,"type":"tag","name":"story arc","url":"/tag/story-arc/","count":9145},{"id":15348,"type":"tag","name":"ffm threesome","url":"/tag/ffm-threesome/","count":17957},{"id":8368,"type":"tag","name":"full censorship","url":"/tag/full-censorship/","count":17000},{"id":15408,"type":"tag","name":"femdom","url":"/tag/femdom/","count":17418}],"num_pages":202,"num_favorites":769}