{"id":25,"media_id":"875","title":{"english":"[Caramel Dow] chi-syu","japanese":"[\u304d\u3083\u3089\u3081\u308b\u5802] \u6065\u81ed","pretty":"chi-syu"},"images":{"pages":[{"t":"j","w":1200,"h":1002},{"t":"j","w":871,"h":1234},{"t":"j","w":871,"h":1234},{"t":"j","w":871,"h":1234},{"t":"j","w":871,"h":1234},{"t":"j","w":871,"h":1234},{"t":"j","w":871,"h":1234},{"t":"j","w":871,"h":1234},{"t":"j","w":871,"h":1234},{"t":"j","w":871,"h":1234},{"t":"j","w":871,"h":1234},{"t":"j","w":871,"h":1234},{"t":"j","w":871,"h":1234},{"t":"j","w":871,"h":1234},{"t":"j","w":871,"h":1234},{"t":"j","w":871,"h":1234},{"t":"j","w":871,"h":1234},{"t":"j","w":871,"h":1234},{"t":"j","w":871,"h":1234},{"t":"j","w":871,"h":1234},{"t":"j","w":871,"h":1234},{"t":"j","w":871,"h":1234},{"t":"j","w":871,"h":1234},{"t":"j","w":871,"h":1234},{"t":"j","w":871,"h":1234},{"t":"j","w":871,"h":1234},{"t":"j","w":871,"h":1234},{"t":"j","w":871,"h":1234},{"t":"j","w":871,"h":1234},{"t":"j","w":871,"h":1234},{"t":"j","w":871,"h":1234},{"t":"j","w":871,"h":1234},{"t":"j","w":871,"h":1234},{"t":"j","w":871,"h":1234},{"t":"j","w":871,"h":1234},{"t":"j","w":871,"h":1234},{"t":"j","w":871,"h":1234},{"t":"j","w":871,"h":1234},{"t":"j","w":871,"h":1234},{"t":"j","w":871,"h":1234},{"t":"j","w":871,"h":1234},{"t":"j","w":871,"h":1234},{"t":"j","w":871,"h":1234},{"t":"j","w":871,"h":1234},{"t":"j","w":871,"h":1234},{"t":"j","w":871,"h":1234},{"t":"j","w":871,"h":1234},{"t":"j","w":871,"h":1234},{"t":"j","w":871,"h":1234},{"t":"j","w":871,"h":1234},{"t":"j","w":871,"h":1234},{"t":"j","w":871,"h":1234},{"t":"j","w":871,"h":1234},{"t":"j","w":871,"h":1234},{"t":"j","w":871,"h":1234},{"t":"j","w":871,"h":1234},{"t":"j","w":871,"h":1234},{"t":"j","w":871,"h":1234},{"t":"j","w":871,"h":1234},{"t":"j","w":871,"h":1234},{"t":"j","w":871,"h":1234},{"t":"j","w":871,"h":1234},{"t":"j","w":871,"h":1234},{"t":"j","w":871,"h":1234},{"t":"j","w":871,"h":1234},{"t":"j","w":871,"h":1234},{"t":"j","w":871,"h":1234},{"t":"j","w":871,"h":1234},{"t":"j","w":871,"h":1234},{"t":"j","w":871,"h":1234},{"t":"j","w":871,"h":1234},{"t":"j","w":871,"h":1234},{"t":"j","w":871,"h":1234},{"t":"j","w":871,"h":1234},{"t":"j","w":871,"h":1234},{"t":"j","w":871,"h":1234},{"t":"j","w":871,"h":1234},{"t":"j","w":871,"h":1234},{"t":"j","w":871,"h":1234},{"t":"j","w":871,"h":1234},{"t":"j","w":871,"h":1234},{"t":"j","w":871,"h":1234},{"t":"j","w":871,"h":1234},{"t":"j","w":871,"h":1234},{"t":"j","w":871,"h":1234},{"t":"j","w":871,"h":1234},{"t":"j","w":871,"h":1234},{"t":"j","w":871,"h":1234},{"t":"j","w":871,"h":1234},{"t":"j","w":871,"h":1234},{"t":"j","w":871,"h":1234},{"t":"j","w":871,"h":1234},{"t":"j","w":871,"h":1234},{"t":"j","w":871,"h":1234},{"t":"j","w":871,"h":1234},{"t":"j","w":871,"h":1234},{"t":"j","w":871,"h":1234},{"t":"j","w":871,"h":1234},{"t":"j","w":871,"h":1234},{"t":"j","w":871,"h":1234},{"t":"j","w":871,"h":1234},{"t":"j","w":871,"h":1234},{"t":"j","w":871,"h":1234},{"t":"j","w":871,"h":1234},{"t":"j","w":871,"h":1234},{"t":"j","w":871,"h":1234},{"t":"j","w":871,"h":1234},{"t":"j","w":871,"h":1234},{"t":"j","w":871,"h":1234},{"t":"j","w":871,"h":1234},{"t":"j","w":871,"h":1234},{"t":"j","w":871,"h":1234},{"t":"j","w":871,"h":1234},{"t":"j","w":871,"h":1234},{"t":"j","w":871,"h":1234},{"t":"j","w":871,"h":1234},{"t":"j","w":871,"h":1234},{"t":"j","w":871,"h":1234},{"t":"j","w":871,"h":1234},{"t":"j","w":871,"h":1234},{"t":"j","w":871,"h":1234},{"t":"j","w":871,"h":1234},{"t":"j","w":871,"h":1234},{"t":"j","w":871,"h":1234},{"t":"j","w":871,"h":1234},{"t":"j","w":871,"h":1234},{"t":"j","w":871,"h":1234},{"t":"j","w":871,"h":1234},{"t":"j","w":871,"h":1234},{"t":"j","w":871,"h":1234},{"t":"j","w":871,"h":1234},{"t":"j","w":871,"h":1234},{"t":"j","w":871,"h":1234},{"t":"j","w":871,"h":1234},{"t":"j","w":871,"h":1234},{"t":"j","w":871,"h":1234},{"t":"j","w":871,"h":1234},{"t":"j","w":871,"h":1234},{"t":"j","w":871,"h":1234},{"t":"j","w":871,"h":1234},{"t":"j","w":871,"h":1234},{"t":"j","w":871,"h":1234},{"t":"j","w":871,"h":1234},{"t":"j","w":871,"h":1234},{"t":"j","w":871,"h":1234},{"t":"j","w":871,"h":1234},{"t":"j","w":871,"h":1234},{"t":"j","w":871,"h":1234},{"t":"j","w":871,"h":1234},{"t":"j","w":871,"h":1234},{"t":"j","w":871,"h":1234},{"t":"j","w":871,"h":1234},{"t":"j","w":871,"h":1234},{"t":"j","w":871,"h":1234},{"t":"j","w":871,"h":1234},{"t":"j","w":871,"h":1234},{"t":"j","w":871,"h":1234},{"t":"j","w":871,"h":1234},{"t":"j","w":871,"h":1234},{"t":"j","w":871,"h":1234},{"t":"j","w":871,"h":1234},{"t":"j","w":871,"h":1234},{"t":"j","w":871,"h":1234},{"t":"j","w":1200,"h":1056}],"cover":{"t":"j","w":350,"h":292},"thumbnail":{"t":"j","w":250,"h":209}},"scanlator":"","upload_date":1403964746,"tags":[{"id":779,"type":"tag","name":"futanari","url":"/tag/futanari/","count":23173},{"id":1207,"type":"tag","name":"milf","url":"/tag/milf/","count":22588},{"id":2937,"type":"tag","name":"big breasts","url":"/tag/big-breasts/","count":103273},{"id":4839,"type":"artist","name":"caramel dow","url":"/artist/caramel-dow/","count":42},{"id":6343,"type":"tag","name":"pregnant","url":"/tag/pregnant/","count":9150},{"id":7995,"type":"tag","name":"big nipples","url":"/tag/big-nipples/","count":1887},{"id":8010,"type":"tag","name":"group","url":"/tag/group/","count":72150},{"id":8378,"type":"tag","name":"glasses","url":"/tag/glasses/","count":48279},{"id":9162,"type":"tag","name":"masturbation","url":"/tag/masturbation/","count":9228},{"id":14072,"type":"tag","name":"huge breasts","url":"/tag/huge-breasts/","count":7103},{"id":16228,"type":"tag","name":"demon girl","url":"/tag/demon-girl/","count":5503},{"id":19954,"type":"tag","name":"yuri","url":"/tag/yuri/","count":20241},{"id":23183,"type":"tag","name":"breast expansion","url":"/tag/breast-expansion/","count":2688},{"id":23237,"type":"tag","name":"tankoubon","url":"/tag/tankoubon/","count":25051},{"id":25614,"type":"tag","name":"paizuri","url":"/tag/paizuri/","count":22785},{"id":26898,"type":"tag","name":"age progression","url":"/tag/age-progression/","count":794},{"id":28335,"type":"tag","name":"giantess","url":"/tag/giantess/","count":1157},{"id":32341,"type":"tag","name":"shotacon","url":"/tag/shotacon/","count":39737},{"id":6346,"type":"language","name":"japanese","url":"/language/japanese/","count":191613},{"id":33173,"type":"category","name":"manga","url":"/category/manga/","count":77142},{"id":10314,"type":"tag","name":"schoolgirl uniform","url":"/tag/schoolgirl-uniform/","count":56168},{"id":23965,"type":"tag","name":"chloroform","url":"/tag/chloroform/","count":1858}],"num_pages":164,"num_favorites":142}