{"id":26,"media_id":"876","title":{"english":"[Fujii Akiko, Akiyama Michio] Hitozuma Moyou 2 Naburizuma","japanese":"[\u3075\u3058\u3044\u3042\u304d\u3053, \u79cb\u5c71\u9053\u592b] \u4eba\u59bb\u6a21\u69d8 2 \u5b32\u308a\u59bb","pretty":"Hitozuma Moyou 2 Naburizuma"},"images":{"pages":[{"t":"j","w":1226,"h":1788},{"t":"j","w":1226,"h":1788},{"t":"j","w":1226,"h":1788},{"t":"j","w":1226,"h":1788},{"t":"j","w":1227,"h":1788},{"t":"j","w":1227,"h":1788},{"t":"j","w":1226,"h":1788},{"t":"j","w":1226,"h":1788},{"t":"j","w":1226,"h":1788},{"t":"j","w":1226,"h":1788},{"t":"j","w":1226,"h":1788},{"t":"j","w":1226,"h":1788},{"t":"j","w":1226,"h":1788},{"t":"j","w":1226,"h":1788},{"t":"j","w":1226,"h":1788},{"t":"j","w":1226,"h":1788},{"t":"j","w":1226,"h":1788},{"t":"j","w":1226,"h":1788},{"t":"j","w":1226,"h":1788},{"t":"j","w":1226,"h":1788},{"t":"j","w":1226,"h":1788},{"t":"j","w":1226,"h":1788},{"t":"j","w":1226,"h":1788},{"t":"j","w":1227,"h":1788},{"t":"j","w":1226,"h":1788},{"t":"j","w":1226,"h":1788},{"t":"j","w":1226,"h":1788},{"t":"j","w":1226,"h":1788},{"t":"j","w":1226,"h":1788},{"t":"j","w":1226,"h":1788},{"t":"j","w":1226,"h":1788},{"t":"j","w":1226,"h":1788},{"t":"j","w":1226,"h":1788},{"t":"j","w":1226,"h":1788},{"t":"j","w":1226,"h":1788},{"t":"j","w":1226,"h":1788},{"t":"j","w":1226,"h":1788},{"t":"j","w":1226,"h":1788},{"t":"j","w":1226,"h":1788},{"t":"j","w":1226,"h":1788},{"t":"j","w":1226,"h":1788},{"t":"j","w":1226,"h":1788},{"t":"j","w":1226,"h":1788},{"t":"j","w":1226,"h":1788},{"t":"j","w":1226,"h":1788},{"t":"j","w":1226,"h":1788},{"t":"j","w":1226,"h":1788},{"t":"j","w":1226,"h":1788},{"t":"j","w":1226,"h":1788},{"t":"j","w":1226,"h":1788},{"t":"j","w":1226,"h":1788},{"t":"j","w":1226,"h":1788},{"t":"j","w":1226,"h":1788},{"t":"j","w":1226,"h":1788},{"t":"j","w":1226,"h":1788},{"t":"j","w":1226,"h":1788},{"t":"j","w":1226,"h":1788},{"t":"j","w":1226,"h":1788},{"t":"j","w":1226,"h":1788},{"t":"j","w":1226,"h":1788},{"t":"j","w":1226,"h":1788},{"t":"j","w":1226,"h":1788},{"t":"j","w":1226,"h":1788},{"t":"j","w":1226,"h":1788},{"t":"j","w":1226,"h":1788},{"t":"j","w":1226,"h":1788},{"t":"j","w":1226,"h":1788},{"t":"j","w":1226,"h":1788},{"t":"j","w":1226,"h":1788},{"t":"j","w":1226,"h":1788},{"t":"j","w":1226,"h":1788},{"t":"j","w":1226,"h":1788},{"t":"j","w":1226,"h":1788},{"t":"j","w":1226,"h":1788},{"t":"j","w":1226,"h":1788},{"t":"j","w":1226,"h":1788},{"t":"j","w":1226,"h":1788},{"t":"j","w":1226,"h":1788},{"t":"j","w":1226,"h":1788},{"t":"j","w":1226,"h":1788},{"t":"j","w":1226,"h":1788},{"t":"j","w":1226,"h":1788},{"t":"j","w":1226,"h":1788},{"t":"j","w":1226,"h":1788},{"t":"j","w":1226,"h":1788},{"t":"j","w":1226,"h":1788},{"t":"j","w":1226,"h":1788},{"t":"j","w":1226,"h":1788},{"t":"j","w":1226,"h":1788},{"t":"j","w":1226,"h":1788},{"t":"j","w":1226,"h":1788},{"t":"j","w":1226,"h":1788},{"t":"j","w":1226,"h":1788},{"t":"j","w":1226,"h":1788},{"t":"j","w":1226,"h":1788},{"t":"j","w":1226,"h":1788},{"t":"j","w":1226,"h":1788},{"t":"j","w":1226,"h":1788},{"t":"j","w":1226,"h":1788},{"t":"j","w":1226,"h":1788},{"t":"j","w":1226,"h":1788},{"t":"j","w":1226,"h":1788},{"t":"j","w":1226,"h":1788},{"t":"j","w":1226,"h":1788},{"t":"j","w":1226,"h":1788},{"t":"j","w":1226,"h":1788},{"t":"j","w":1226,"h":1788},{"t":"j","w":1226,"h":1788},{"t":"j","w":1226,"h":1788},{"t":"j","w":1226,"h":1788},{"t":"j","w":1226,"h":1788},{"t":"j","w":1226,"h":1788},{"t":"j","w":1226,"h":1788},{"t":"j","w":1226,"h":1788},{"t":"j","w":1226,"h":1788},{"t":"j","w":1226,"h":1788},{"t":"j","w":1226,"h":1788},{"t":"j","w":1226,"h":1788},{"t":"j","w":1226,"h":1788},{"t":"j","w":1226,"h":1788},{"t":"j","w":1226,"h":1788},{"t":"j","w":1226,"h":1788},{"t":"j","w":1226,"h":1788},{"t":"j","w":1226,"h":1788},{"t":"j","w":1226,"h":1788},{"t":"j","w":1226,"h":1788},{"t":"j","w":1226,"h":1788},{"t":"j","w":1226,"h":1788},{"t":"j","w":1226,"h":1788},{"t":"j","w":1226,"h":1788},{"t":"j","w":1226,"h":1788},{"t":"j","w":1226,"h":1788},{"t":"j","w":1226,"h":1788},{"t":"j","w":1226,"h":1788},{"t":"j","w":1226,"h":1788},{"t":"j","w":1226,"h":1788},{"t":"j","w":1226,"h":1788},{"t":"j","w":1226,"h":1788},{"t":"j","w":1226,"h":1788},{"t":"j","w":1226,"h":1788},{"t":"j","w":1226,"h":1788},{"t":"j","w":1226,"h":1788},{"t":"j","w":1226,"h":1788},{"t":"j","w":1226,"h":1788},{"t":"j","w":1226,"h":1788},{"t":"j","w":1226,"h":1788},{"t":"j","w":1226,"h":1788},{"t":"j","w":1226,"h":1788},{"t":"j","w":1226,"h":1788},{"t":"j","w":1226,"h":1788},{"t":"j","w":1226,"h":1788},{"t":"j","w":1226,"h":1788},{"t":"j","w":1226,"h":1788},{"t":"j","w":1226,"h":1788},{"t":"j","w":1226,"h":1788},{"t":"j","w":1226,"h":1788},{"t":"j","w":1226,"h":1788},{"t":"j","w":1226,"h":1788},{"t":"j","w":1226,"h":1788},{"t":"j","w":1226,"h":1788},{"t":"j","w":1226,"h":1788},{"t":"j","w":1226,"h":1788},{"t":"j","w":1226,"h":1788},{"t":"j","w":1226,"h":1788},{"t":"j","w":1226,"h":1788},{"t":"j","w":1226,"h":1788},{"t":"j","w":1226,"h":1788},{"t":"j","w":1226,"h":1788},{"t":"j","w":1226,"h":1788},{"t":"j","w":1226,"h":1788},{"t":"j","w":1226,"h":1788},{"t":"j","w":1226,"h":1788},{"t":"j","w":1226,"h":1788},{"t":"j","w":1226,"h":1788},{"t":"j","w":1226,"h":1788},{"t":"j","w":1226,"h":1788},{"t":"j","w":1226,"h":1788},{"t":"j","w":1226,"h":1788},{"t":"j","w":1226,"h":1788},{"t":"j","w":1226,"h":1788}],"cover":{"t":"j","w":350,"h":510},"thumbnail":{"t":"j","w":250,"h":365}},"scanlator":"","upload_date":1403964746,"tags":[{"id":1207,"type":"tag","name":"milf","url":"/tag/milf/","count":22588},{"id":2937,"type":"tag","name":"big breasts","url":"/tag/big-breasts/","count":103273},{"id":3455,"type":"tag","name":"chastity belt","url":"/tag/chastity-belt/","count":1091},{"id":8010,"type":"tag","name":"group","url":"/tag/group/","count":72150},{"id":8653,"type":"tag","name":"netorare","url":"/tag/netorare/","count":15879},{"id":9083,"type":"tag","name":"big ass","url":"/tag/big-ass/","count":9564},{"id":9260,"type":"tag","name":"cheating","url":"/tag/cheating/","count":11721},{"id":14971,"type":"tag","name":"sex toys","url":"/tag/sex-toys/","count":20823},{"id":15658,"type":"tag","name":"bondage","url":"/tag/bondage/","count":34540},{"id":17773,"type":"tag","name":"kimono","url":"/tag/kimono/","count":5811},{"id":19899,"type":"tag","name":"exhibitionism","url":"/tag/exhibitionism/","count":8575},{"id":20074,"type":"tag","name":"latex","url":"/tag/latex/","count":2509},{"id":23237,"type":"tag","name":"tankoubon","url":"/tag/tankoubon/","count":25051},{"id":24380,"type":"tag","name":"pantyhose","url":"/tag/pantyhose/","count":14713},{"id":24726,"type":"tag","name":"apron","url":"/tag/apron/","count":2921},{"id":25614,"type":"tag","name":"paizuri","url":"/tag/paizuri/","count":22785},{"id":26466,"type":"artist","name":"fujii akiko","url":"/artist/fujii-akiko/","count":59},{"id":27553,"type":"tag","name":"rape","url":"/tag/rape/","count":34191},{"id":6346,"type":"language","name":"japanese","url":"/language/japanese/","count":191613},{"id":33173,"type":"category","name":"manga","url":"/category/manga/","count":77142},{"id":54487,"type":"artist","name":"akiyama michio","url":"/artist/akiyama-michio/","count":13}],"num_pages":180,"num_favorites":188}