{"id":27,"media_id":"877","title":{"english":"[Fujii Akiko, Akiyama Michio] Hitozuma Moyou 3 Midarezuma","japanese":"[\u3075\u3058\u3044\u3042\u304d\u3053\u3001\u79cb\u5c71\u9053\u592b] \u4eba\u59bb\u6a21\u69d83 \u4e71\u308c\u59bb","pretty":"Hitozuma Moyou 3 Midarezuma"},"images":{"pages":[{"t":"j","w":1010,"h":1220},{"t":"j","w":492,"h":1220},{"t":"j","w":948,"h":1220},{"t":"j","w":854,"h":1220},{"t":"j","w":853,"h":1220},{"t":"j","w":870,"h":1220},{"t":"j","w":870,"h":1220},{"t":"j","w":870,"h":1220},{"t":"j","w":870,"h":1220},{"t":"j","w":870,"h":1220},{"t":"j","w":870,"h":1220},{"t":"j","w":870,"h":1220},{"t":"j","w":870,"h":1220},{"t":"j","w":870,"h":1220},{"t":"j","w":870,"h":1220},{"t":"j","w":870,"h":1220},{"t":"j","w":870,"h":1220},{"t":"j","w":870,"h":1220},{"t":"j","w":870,"h":1220},{"t":"j","w":870,"h":1220},{"t":"j","w":870,"h":1220},{"t":"j","w":870,"h":1220},{"t":"j","w":870,"h":1220},{"t":"j","w":870,"h":1220},{"t":"j","w":870,"h":1220},{"t":"j","w":870,"h":1220},{"t":"j","w":870,"h":1220},{"t":"j","w":870,"h":1220},{"t":"j","w":870,"h":1220},{"t":"j","w":870,"h":1220},{"t":"j","w":870,"h":1220},{"t":"j","w":870,"h":1220},{"t":"j","w":870,"h":1220},{"t":"j","w":870,"h":1220},{"t":"j","w":870,"h":1220},{"t":"j","w":870,"h":1220},{"t":"j","w":870,"h":1220},{"t":"j","w":870,"h":1220},{"t":"j","w":870,"h":1220},{"t":"j","w":870,"h":1220},{"t":"j","w":870,"h":1220},{"t":"j","w":870,"h":1220},{"t":"j","w":870,"h":1220},{"t":"j","w":870,"h":1220},{"t":"j","w":870,"h":1220},{"t":"j","w":870,"h":1220},{"t":"j","w":870,"h":1220},{"t":"j","w":870,"h":1220},{"t":"j","w":870,"h":1220},{"t":"j","w":870,"h":1220},{"t":"j","w":870,"h":1220},{"t":"j","w":870,"h":1220},{"t":"j","w":870,"h":1220},{"t":"j","w":870,"h":1220},{"t":"j","w":870,"h":1220},{"t":"j","w":870,"h":1220},{"t":"j","w":870,"h":1220},{"t":"j","w":870,"h":1220},{"t":"j","w":870,"h":1220},{"t":"j","w":870,"h":1220},{"t":"j","w":870,"h":1220},{"t":"j","w":870,"h":1220},{"t":"j","w":870,"h":1220},{"t":"j","w":870,"h":1220},{"t":"j","w":1200,"h":843},{"t":"j","w":870,"h":1220},{"t":"j","w":870,"h":1220},{"t":"j","w":870,"h":1220},{"t":"j","w":870,"h":1220},{"t":"j","w":870,"h":1220},{"t":"j","w":870,"h":1220},{"t":"j","w":870,"h":1220},{"t":"j","w":870,"h":1220},{"t":"j","w":870,"h":1220},{"t":"j","w":870,"h":1220},{"t":"j","w":870,"h":1220},{"t":"j","w":870,"h":1220},{"t":"j","w":870,"h":1220},{"t":"j","w":870,"h":1220},{"t":"j","w":870,"h":1220},{"t":"j","w":870,"h":1220},{"t":"j","w":870,"h":1220},{"t":"j","w":870,"h":1220},{"t":"j","w":870,"h":1220},{"t":"j","w":870,"h":1220},{"t":"j","w":870,"h":1220},{"t":"j","w":870,"h":1220},{"t":"j","w":870,"h":1220},{"t":"j","w":870,"h":1220},{"t":"j","w":870,"h":1220},{"t":"j","w":870,"h":1220},{"t":"j","w":870,"h":1220},{"t":"j","w":870,"h":1220},{"t":"j","w":870,"h":1220},{"t":"j","w":870,"h":1220},{"t":"j","w":870,"h":1220},{"t":"j","w":870,"h":1220},{"t":"j","w":870,"h":1220},{"t":"j","w":870,"h":1220},{"t":"j","w":870,"h":1220},{"t":"j","w":870,"h":1220},{"t":"j","w":870,"h":1220},{"t":"j","w":870,"h":1220},{"t":"j","w":870,"h":1220},{"t":"j","w":870,"h":1220},{"t":"j","w":870,"h":1220},{"t":"j","w":870,"h":1220},{"t":"j","w":870,"h":1220},{"t":"j","w":870,"h":1220},{"t":"j","w":870,"h":1220},{"t":"j","w":870,"h":1220},{"t":"j","w":870,"h":1220},{"t":"j","w":870,"h":1220},{"t":"j","w":870,"h":1220},{"t":"j","w":870,"h":1220},{"t":"j","w":870,"h":1220},{"t":"j","w":870,"h":1220},{"t":"j","w":870,"h":1220},{"t":"j","w":870,"h":1220},{"t":"j","w":870,"h":1220},{"t":"j","w":870,"h":1220},{"t":"j","w":870,"h":1220},{"t":"j","w":870,"h":1220},{"t":"j","w":870,"h":1220},{"t":"j","w":870,"h":1220},{"t":"j","w":870,"h":1220},{"t":"j","w":870,"h":1220},{"t":"j","w":870,"h":1220},{"t":"j","w":870,"h":1220},{"t":"j","w":870,"h":1220},{"t":"j","w":870,"h":1220},{"t":"j","w":870,"h":1220},{"t":"j","w":870,"h":1220},{"t":"j","w":870,"h":1220},{"t":"j","w":870,"h":1220},{"t":"j","w":870,"h":1220},{"t":"j","w":870,"h":1220},{"t":"j","w":870,"h":1220},{"t":"j","w":870,"h":1220},{"t":"j","w":870,"h":1220},{"t":"j","w":870,"h":1220},{"t":"j","w":870,"h":1220},{"t":"j","w":870,"h":1220},{"t":"j","w":870,"h":1220},{"t":"j","w":870,"h":1220},{"t":"j","w":870,"h":1220},{"t":"j","w":870,"h":1220},{"t":"j","w":870,"h":1220},{"t":"j","w":870,"h":1220},{"t":"j","w":870,"h":1220},{"t":"j","w":870,"h":1220},{"t":"j","w":870,"h":1220},{"t":"j","w":870,"h":1220},{"t":"j","w":870,"h":1220},{"t":"j","w":870,"h":1220},{"t":"j","w":870,"h":1220},{"t":"j","w":870,"h":1220},{"t":"j","w":870,"h":1220},{"t":"j","w":870,"h":1220},{"t":"j","w":870,"h":1220},{"t":"j","w":870,"h":1220},{"t":"j","w":870,"h":1220},{"t":"j","w":870,"h":1220},{"t":"j","w":870,"h":1220},{"t":"j","w":870,"h":1220},{"t":"j","w":870,"h":1220},{"t":"j","w":870,"h":1220},{"t":"j","w":870,"h":1220},{"t":"j","w":870,"h":1220},{"t":"j","w":870,"h":1220},{"t":"j","w":870,"h":1220},{"t":"j","w":870,"h":1220},{"t":"j","w":870,"h":1220},{"t":"j","w":870,"h":1220},{"t":"j","w":870,"h":1220},{"t":"j","w":870,"h":1220},{"t":"j","w":870,"h":1220},{"t":"j","w":870,"h":1220},{"t":"j","w":870,"h":1220},{"t":"j","w":870,"h":1220},{"t":"j","w":948,"h":1220},{"t":"j","w":534,"h":1220},{"t":"j","w":973,"h":1220}],"cover":{"t":"j","w":350,"h":423},"thumbnail":{"t":"j","w":250,"h":302}},"scanlator":"","upload_date":1403964747,"tags":[{"id":1207,"type":"tag","name":"milf","url":"/tag/milf/","count":22588},{"id":2937,"type":"tag","name":"big breasts","url":"/tag/big-breasts/","count":103273},{"id":3031,"type":"tag","name":"underwater","url":"/tag/underwater/","count":596},{"id":3735,"type":"tag","name":"swimsuit","url":"/tag/swimsuit/","count":19363},{"id":8010,"type":"tag","name":"group","url":"/tag/group/","count":72150},{"id":8378,"type":"tag","name":"glasses","url":"/tag/glasses/","count":48279},{"id":8653,"type":"tag","name":"netorare","url":"/tag/netorare/","count":15879},{"id":9260,"type":"tag","name":"cheating","url":"/tag/cheating/","count":11721},{"id":10476,"type":"tag","name":"urination","url":"/tag/urination/","count":7051},{"id":17773,"type":"tag","name":"kimono","url":"/tag/kimono/","count":5811},{"id":19899,"type":"tag","name":"exhibitionism","url":"/tag/exhibitionism/","count":8575},{"id":19954,"type":"tag","name":"yuri","url":"/tag/yuri/","count":20241},{"id":23237,"type":"tag","name":"tankoubon","url":"/tag/tankoubon/","count":25051},{"id":24380,"type":"tag","name":"pantyhose","url":"/tag/pantyhose/","count":14713},{"id":25614,"type":"tag","name":"paizuri","url":"/tag/paizuri/","count":22785},{"id":26466,"type":"artist","name":"fujii akiko","url":"/artist/fujii-akiko/","count":59},{"id":27553,"type":"tag","name":"rape","url":"/tag/rape/","count":34191},{"id":29859,"type":"tag","name":"blowjob","url":"/tag/blowjob/","count":37321},{"id":6346,"type":"language","name":"japanese","url":"/language/japanese/","count":191613},{"id":33173,"type":"category","name":"manga","url":"/category/manga/","count":77142},{"id":7256,"type":"tag","name":"mmf threesome","url":"/tag/mmf-threesome/","count":9641},{"id":54487,"type":"artist","name":"akiyama michio","url":"/artist/akiyama-michio/","count":13}],"num_pages":183,"num_favorites":133}