{"id":30,"media_id":"887","title":{"english":"[Kurikara] Inbaku Jokyoushi M","japanese":"[\u5036\u68a8\u4f3d\u7f85] \u6deb\u7e1b\u5973\u6559\u5e2bM","pretty":"Inbaku Jokyoushi M"},"images":{"pages":[{"t":"j","w":1200,"h":1087},{"t":"j","w":996,"h":1400},{"t":"j","w":535,"h":1400},{"t":"j","w":1200,"h":814},{"t":"j","w":955,"h":1400},{"t":"j","w":955,"h":1400},{"t":"j","w":981,"h":1400},{"t":"j","w":981,"h":1400},{"t":"j","w":981,"h":1400},{"t":"j","w":981,"h":1400},{"t":"j","w":981,"h":1400},{"t":"j","w":981,"h":1400},{"t":"j","w":981,"h":1400},{"t":"j","w":981,"h":1400},{"t":"j","w":981,"h":1400},{"t":"j","w":981,"h":1400},{"t":"j","w":981,"h":1400},{"t":"j","w":981,"h":1400},{"t":"j","w":981,"h":1400},{"t":"j","w":981,"h":1400},{"t":"j","w":981,"h":1400},{"t":"j","w":981,"h":1400},{"t":"j","w":981,"h":1400},{"t":"j","w":981,"h":1400},{"t":"j","w":981,"h":1400},{"t":"j","w":981,"h":1400},{"t":"j","w":981,"h":1400},{"t":"j","w":981,"h":1400},{"t":"j","w":981,"h":1400},{"t":"j","w":981,"h":1400},{"t":"j","w":981,"h":1400},{"t":"j","w":981,"h":1400},{"t":"j","w":981,"h":1400},{"t":"j","w":981,"h":1400},{"t":"j","w":981,"h":1400},{"t":"j","w":981,"h":1400},{"t":"j","w":981,"h":1400},{"t":"j","w":981,"h":1400},{"t":"j","w":981,"h":1400},{"t":"j","w":981,"h":1400},{"t":"j","w":981,"h":1400},{"t":"j","w":981,"h":1400},{"t":"j","w":981,"h":1400},{"t":"j","w":981,"h":1400},{"t":"j","w":981,"h":1400},{"t":"j","w":981,"h":1400},{"t":"j","w":981,"h":1400},{"t":"j","w":981,"h":1400},{"t":"j","w":981,"h":1400},{"t":"j","w":981,"h":1400},{"t":"j","w":981,"h":1400},{"t":"j","w":981,"h":1400},{"t":"j","w":981,"h":1400},{"t":"j","w":981,"h":1400},{"t":"j","w":981,"h":1400},{"t":"j","w":981,"h":1400},{"t":"j","w":981,"h":1400},{"t":"j","w":981,"h":1400},{"t":"j","w":981,"h":1400},{"t":"j","w":981,"h":1400},{"t":"j","w":981,"h":1400},{"t":"j","w":981,"h":1400},{"t":"j","w":981,"h":1400},{"t":"j","w":981,"h":1400},{"t":"j","w":981,"h":1400},{"t":"j","w":981,"h":1400},{"t":"j","w":981,"h":1400},{"t":"j","w":981,"h":1400},{"t":"j","w":981,"h":1400},{"t":"j","w":981,"h":1400},{"t":"j","w":981,"h":1400},{"t":"j","w":981,"h":1400},{"t":"j","w":981,"h":1400},{"t":"j","w":981,"h":1400},{"t":"j","w":981,"h":1400},{"t":"j","w":981,"h":1400},{"t":"j","w":981,"h":1400},{"t":"j","w":981,"h":1400},{"t":"j","w":981,"h":1400},{"t":"j","w":981,"h":1400},{"t":"j","w":981,"h":1400},{"t":"j","w":981,"h":1400},{"t":"j","w":981,"h":1400},{"t":"j","w":981,"h":1400},{"t":"j","w":981,"h":1400},{"t":"j","w":981,"h":1400},{"t":"j","w":981,"h":1400},{"t":"j","w":981,"h":1400},{"t":"j","w":981,"h":1400},{"t":"j","w":981,"h":1400},{"t":"j","w":981,"h":1400},{"t":"j","w":981,"h":1400},{"t":"j","w":981,"h":1400},{"t":"j","w":981,"h":1400},{"t":"j","w":981,"h":1400},{"t":"j","w":981,"h":1400},{"t":"j","w":981,"h":1400},{"t":"j","w":981,"h":1400},{"t":"j","w":981,"h":1400},{"t":"j","w":981,"h":1400},{"t":"j","w":981,"h":1400},{"t":"j","w":981,"h":1400},{"t":"j","w":981,"h":1400},{"t":"j","w":981,"h":1400},{"t":"j","w":981,"h":1400},{"t":"j","w":981,"h":1400},{"t":"j","w":981,"h":1400},{"t":"j","w":981,"h":1400},{"t":"j","w":981,"h":1400},{"t":"j","w":981,"h":1400},{"t":"j","w":981,"h":1400},{"t":"j","w":981,"h":1400},{"t":"j","w":981,"h":1400},{"t":"j","w":981,"h":1400},{"t":"j","w":981,"h":1400},{"t":"j","w":981,"h":1400},{"t":"j","w":981,"h":1400},{"t":"j","w":981,"h":1400},{"t":"j","w":981,"h":1400},{"t":"j","w":981,"h":1400},{"t":"j","w":981,"h":1400},{"t":"j","w":981,"h":1400},{"t":"j","w":981,"h":1400},{"t":"j","w":981,"h":1400},{"t":"j","w":981,"h":1400},{"t":"j","w":981,"h":1400},{"t":"j","w":981,"h":1400},{"t":"j","w":981,"h":1400},{"t":"j","w":981,"h":1400},{"t":"j","w":981,"h":1400},{"t":"j","w":981,"h":1400},{"t":"j","w":981,"h":1400},{"t":"j","w":981,"h":1400},{"t":"j","w":981,"h":1400},{"t":"j","w":981,"h":1400},{"t":"j","w":981,"h":1400},{"t":"j","w":981,"h":1400},{"t":"j","w":981,"h":1400},{"t":"j","w":981,"h":1400},{"t":"j","w":981,"h":1400},{"t":"j","w":981,"h":1400},{"t":"j","w":981,"h":1400},{"t":"j","w":981,"h":1400},{"t":"j","w":981,"h":1400},{"t":"j","w":981,"h":1400},{"t":"j","w":981,"h":1400},{"t":"j","w":981,"h":1400},{"t":"j","w":981,"h":1400},{"t":"j","w":981,"h":1400},{"t":"j","w":981,"h":1400},{"t":"j","w":981,"h":1400},{"t":"j","w":981,"h":1400},{"t":"j","w":981,"h":1400},{"t":"j","w":981,"h":1400},{"t":"j","w":981,"h":1400},{"t":"j","w":981,"h":1400},{"t":"j","w":981,"h":1400},{"t":"j","w":981,"h":1400},{"t":"j","w":981,"h":1400},{"t":"j","w":981,"h":1400},{"t":"j","w":981,"h":1400},{"t":"j","w":981,"h":1400},{"t":"j","w":981,"h":1400},{"t":"j","w":981,"h":1400},{"t":"j","w":981,"h":1400},{"t":"j","w":981,"h":1400},{"t":"j","w":981,"h":1400},{"t":"j","w":981,"h":1400},{"t":"j","w":981,"h":1400},{"t":"j","w":981,"h":1400},{"t":"j","w":981,"h":1400},{"t":"j","w":981,"h":1400},{"t":"j","w":981,"h":1400},{"t":"j","w":981,"h":1400},{"t":"j","w":981,"h":1400},{"t":"j","w":981,"h":1400},{"t":"j","w":981,"h":1400},{"t":"j","w":981,"h":1400},{"t":"j","w":981,"h":1400},{"t":"j","w":981,"h":1400},{"t":"j","w":981,"h":1400},{"t":"j","w":981,"h":1400}],"cover":{"t":"j","w":350,"h":317},"thumbnail":{"t":"j","w":250,"h":226}},"scanlator":"","upload_date":1403964748,"tags":[{"id":1037,"type":"tag","name":"oni","url":"/tag/oni/","count":1720},{"id":1088,"type":"tag","name":"bdsm","url":"/tag/bdsm/","count":1933},{"id":1207,"type":"tag","name":"milf","url":"/tag/milf/","count":22588},{"id":2531,"type":"tag","name":"transformation","url":"/tag/transformation/","count":1821},{"id":2937,"type":"tag","name":"big breasts","url":"/tag/big-breasts/","count":103273},{"id":6525,"type":"tag","name":"nurse","url":"/tag/nurse/","count":3629},{"id":6900,"type":"tag","name":"miko","url":"/tag/miko/","count":2866},{"id":8010,"type":"tag","name":"group","url":"/tag/group/","count":72150},{"id":8378,"type":"tag","name":"glasses","url":"/tag/glasses/","count":48279},{"id":9125,"type":"artist","name":"kurikara","url":"/artist/kurikara/","count":238},{"id":15408,"type":"tag","name":"femdom","url":"/tag/femdom/","count":17418},{"id":15658,"type":"tag","name":"bondage","url":"/tag/bondage/","count":34540},{"id":19954,"type":"tag","name":"yuri","url":"/tag/yuri/","count":20241},{"id":20282,"type":"tag","name":"footjob","url":"/tag/footjob/","count":9290},{"id":23237,"type":"tag","name":"tankoubon","url":"/tag/tankoubon/","count":25051},{"id":24450,"type":"tag","name":"chinese dress","url":"/tag/chinese-dress/","count":1010},{"id":25614,"type":"tag","name":"paizuri","url":"/tag/paizuri/","count":22785},{"id":27217,"type":"tag","name":"guro","url":"/tag/guro/","count":2436},{"id":27553,"type":"tag","name":"rape","url":"/tag/rape/","count":34191},{"id":28550,"type":"tag","name":"teacher","url":"/tag/teacher/","count":9616},{"id":28800,"type":"tag","name":"bloomers","url":"/tag/bloomers/","count":5648},{"id":29859,"type":"tag","name":"blowjob","url":"/tag/blowjob/","count":37321},{"id":31386,"type":"tag","name":"catgirl","url":"/tag/catgirl/","count":8286},{"id":6346,"type":"language","name":"japanese","url":"/language/japanese/","count":191613},{"id":33173,"type":"category","name":"manga","url":"/category/manga/","count":77142},{"id":3666,"type":"tag","name":"garter belt","url":"/tag/garter-belt/","count":7640},{"id":19899,"type":"tag","name":"exhibitionism","url":"/tag/exhibitionism/","count":8575},{"id":32282,"type":"tag","name":"piss drinking","url":"/tag/piss-drinking/","count":1361},{"id":4435,"type":"tag","name":"gag","url":"/tag/gag/","count":7148},{"id":8739,"type":"tag","name":"story arc","url":"/tag/story-arc/","count":9145},{"id":15348,"type":"tag","name":"ffm threesome","url":"/tag/ffm-threesome/","count":17957},{"id":7256,"type":"tag","name":"mmf threesome","url":"/tag/mmf-threesome/","count":9641},{"id":10314,"type":"tag","name":"schoolgirl uniform","url":"/tag/schoolgirl-uniform/","count":56168}],"num_pages":182,"num_favorites":196}