{"id":152,"media_id":"466","title":{"english":"(C67) [HENREIKAI (Kawarajima Kou)] Ayanami Club 4 (Evangelion, Keroro Gunsou)","japanese":"(C67) [\u7247\u52b1\u4f1a (\u304b\u308f\u3089\u3058\u307e\u6643)] \u7dbe\u6ce2\u5036\u697d\u90e8\u56db (\u65b0\u4e16\u7d00\u30a8\u30f4\u30a1\u30f3\u30b2\u30ea\u30aa\u30f3, \u30b1\u30ed\u30ed\u8ecd\u66f9)","pretty":"Ayanami Club 4"},"images":{"pages":[{"t":"j","w":987,"h":1400},{"t":"j","w":953,"h":1400},{"t":"j","w":942,"h":1400},{"t":"j","w":960,"h":1400},{"t":"j","w":949,"h":1400},{"t":"j","w":964,"h":1400},{"t":"j","w":957,"h":1400},{"t":"j","w":960,"h":1400},{"t":"j","w":944,"h":1400},{"t":"j","w":953,"h":1400},{"t":"j","w":939,"h":1400},{"t":"j","w":958,"h":1400},{"t":"j","w":939,"h":1400},{"t":"j","w":956,"h":1400},{"t":"j","w":941,"h":1400},{"t":"j","w":954,"h":1400},{"t":"j","w":940,"h":1400},{"t":"j","w":958,"h":1400},{"t":"j","w":938,"h":1400},{"t":"j","w":955,"h":1400},{"t":"j","w":943,"h":1400},{"t":"j","w":954,"h":1400},{"t":"j","w":940,"h":1400},{"t":"j","w":952,"h":1400},{"t":"j","w":936,"h":1400},{"t":"j","w":952,"h":1400},{"t":"j","w":931,"h":1400},{"t":"j","w":953,"h":1400},{"t":"j","w":935,"h":1400},{"t":"j","w":953,"h":1400},{"t":"j","w":936,"h":1400},{"t":"j","w":948,"h":1400},{"t":"j","w":928,"h":1400},{"t":"j","w":953,"h":1400},{"t":"j","w":925,"h":1400},{"t":"j","w":950,"h":1400},{"t":"j","w":939,"h":1400},{"t":"j","w":949,"h":1400},{"t":"j","w":936,"h":1400},{"t":"j","w":947,"h":1400},{"t":"j","w":943,"h":1400},{"t":"j","w":953,"h":1400},{"t":"j","w":943,"h":1400},{"t":"j","w":958,"h":1400},{"t":"j","w":931,"h":1400},{"t":"j","w":955,"h":1400},{"t":"j","w":933,"h":1400},{"t":"j","w":949,"h":1400},{"t":"j","w":929,"h":1400},{"t":"j","w":952,"h":1400},{"t":"j","w":935,"h":1400},{"t":"j","w":955,"h":1400},{"t":"j","w":937,"h":1400},{"t":"j","w":956,"h":1400},{"t":"j","w":934,"h":1400},{"t":"j","w":953,"h":1400},{"t":"j","w":939,"h":1400},{"t":"j","w":955,"h":1400},{"t":"j","w":942,"h":1400},{"t":"j","w":955,"h":1400},{"t":"j","w":943,"h":1400},{"t":"j","w":958,"h":1400},{"t":"j","w":940,"h":1400},{"t":"j","w":957,"h":1400},{"t":"j","w":942,"h":1400},{"t":"j","w":955,"h":1400},{"t":"j","w":935,"h":1400},{"t":"j","w":958,"h":1400},{"t":"j","w":934,"h":1400},{"t":"j","w":963,"h":1400},{"t":"j","w":942,"h":1400},{"t":"j","w":958,"h":1400},{"t":"j","w":944,"h":1400},{"t":"j","w":991,"h":1400}],"cover":{"t":"j","w":350,"h":496},"thumbnail":{"t":"j","w":250,"h":355}},"scanlator":"","upload_date":1403964878,"tags":[{"id":11248,"type":"artist","name":"kawarajima koh","url":"/artist/kawarajima-koh/","count":119},{"id":16332,"type":"character","name":"hikari horaki","url":"/character/hikari-horaki/","count":104},{"id":17137,"type":"parody","name":"neon genesis evangelion","url":"/parody/neon-genesis-evangelion/","count":2492},{"id":17749,"type":"group","name":"henreikai","url":"/group/henreikai/","count":104},{"id":19440,"type":"tag","name":"lolicon","url":"/tag/lolicon/","count":70096},{"id":21779,"type":"character","name":"rei ayanami","url":"/character/rei-ayanami/","count":1196},{"id":25125,"type":"character","name":"asuka langley soryu","url":"/character/asuka-langley-soryu/","count":1515},{"id":27553,"type":"tag","name":"rape","url":"/tag/rape/","count":34545},{"id":28665,"type":"parody","name":"el cazador de la bruja","url":"/parody/el-cazador-de-la-bruja/","count":4},{"id":6346,"type":"language","name":"japanese","url":"/language/japanese/","count":193003},{"id":33172,"type":"category","name":"doujinshi","url":"/category/doujinshi/","count":231184},{"id":10314,"type":"tag","name":"schoolgirl uniform","url":"/tag/schoolgirl-uniform/","count":56614},{"id":33107,"type":"parody","name":"keroro gunsou","url":"/parody/keroro-gunsou/","count":177}],"num_pages":74,"num_favorites":49}