{"id":153,"media_id":"467","title":{"english":"(C68) [HENREIKAI (Kawarajima Kou, Kyuubi(108))] Ayanami Club 05 (Neon Genesis Evangelion)","japanese":"(C68) [\u7247\u52b1\u4f1a (\u304b\u308f\u3089\u3058\u307e\u6643, \u4e5d\u5c3e(108))] \u7dbe\u6ce2\u5036\u697d\u90e8\u4f0d (\u65b0\u4e16\u7d00\u30a8\u30f4\u30a1\u30f3\u30b2\u30ea\u30aa\u30f3)","pretty":"Ayanami Club 05"},"images":{"pages":[{"t":"j","w":1200,"h":1697},{"t":"j","w":1200,"h":1657},{"t":"j","w":1200,"h":1728},{"t":"j","w":1200,"h":1700},{"t":"j","w":1200,"h":1702},{"t":"j","w":1200,"h":1705},{"t":"j","w":1200,"h":1704},{"t":"j","w":1200,"h":1705},{"t":"j","w":1200,"h":1710},{"t":"j","w":1200,"h":1714},{"t":"j","w":1200,"h":1704},{"t":"j","w":1200,"h":1716},{"t":"j","w":1200,"h":1712},{"t":"j","w":1200,"h":1714},{"t":"j","w":1200,"h":1709},{"t":"j","w":1200,"h":1715},{"t":"j","w":1200,"h":1712},{"t":"j","w":1200,"h":1720},{"t":"j","w":1200,"h":1709},{"t":"j","w":1200,"h":1720},{"t":"j","w":1200,"h":1708},{"t":"j","w":1200,"h":1720},{"t":"j","w":1200,"h":1708},{"t":"j","w":1200,"h":1719},{"t":"j","w":1200,"h":1710},{"t":"j","w":1200,"h":1722},{"t":"j","w":1200,"h":1707},{"t":"j","w":1200,"h":1718},{"t":"j","w":1200,"h":1712},{"t":"j","w":1200,"h":1721},{"t":"j","w":1200,"h":1711},{"t":"j","w":1200,"h":1720},{"t":"j","w":1200,"h":1712},{"t":"j","w":1200,"h":1722},{"t":"j","w":1200,"h":1714},{"t":"j","w":1200,"h":1724},{"t":"j","w":1200,"h":1718},{"t":"j","w":1200,"h":1728},{"t":"j","w":1200,"h":1725},{"t":"j","w":1200,"h":1725},{"t":"j","w":1200,"h":1719},{"t":"j","w":1200,"h":1724},{"t":"j","w":1200,"h":1707},{"t":"j","w":1200,"h":1729},{"t":"j","w":1200,"h":1711},{"t":"j","w":1200,"h":1720},{"t":"j","w":1200,"h":1712},{"t":"j","w":1200,"h":1724},{"t":"j","w":1200,"h":1714},{"t":"j","w":1200,"h":1738},{"t":"j","w":1200,"h":1732},{"t":"j","w":1200,"h":1728},{"t":"j","w":1200,"h":1716},{"t":"j","w":1200,"h":1729},{"t":"j","w":1200,"h":1714},{"t":"j","w":1200,"h":1720},{"t":"j","w":1200,"h":1716},{"t":"j","w":1200,"h":1725},{"t":"j","w":1200,"h":1722},{"t":"j","w":1200,"h":1722},{"t":"j","w":1200,"h":1712},{"t":"j","w":1200,"h":1724},{"t":"j","w":1200,"h":1715},{"t":"j","w":1200,"h":1716},{"t":"j","w":1200,"h":1714},{"t":"j","w":1200,"h":1724},{"t":"j","w":1200,"h":1712},{"t":"j","w":1200,"h":1715},{"t":"j","w":1200,"h":1716},{"t":"j","w":1200,"h":1712},{"t":"j","w":1200,"h":1713},{"t":"j","w":1200,"h":1707},{"t":"j","w":1200,"h":1707},{"t":"j","w":1200,"h":1734},{"t":"j","w":1200,"h":1697}],"cover":{"t":"j","w":350,"h":495},"thumbnail":{"t":"j","w":250,"h":354}},"scanlator":"","upload_date":1403964880,"tags":[{"id":8378,"type":"tag","name":"glasses","url":"/tag/glasses/","count":48279},{"id":11248,"type":"artist","name":"kawarajima koh","url":"/artist/kawarajima-koh/","count":119},{"id":16332,"type":"character","name":"hikari horaki","url":"/character/hikari-horaki/","count":104},{"id":17137,"type":"parody","name":"neon genesis evangelion","url":"/parody/neon-genesis-evangelion/","count":2492},{"id":17749,"type":"group","name":"henreikai","url":"/group/henreikai/","count":104},{"id":20525,"type":"tag","name":"defloration","url":"/tag/defloration/","count":23209},{"id":24832,"type":"character","name":"misato katsuragi","url":"/character/misato-katsuragi/","count":339},{"id":27553,"type":"tag","name":"rape","url":"/tag/rape/","count":34191},{"id":29013,"type":"tag","name":"dilf","url":"/tag/dilf/","count":15244},{"id":6346,"type":"language","name":"japanese","url":"/language/japanese/","count":191613},{"id":33172,"type":"category","name":"doujinshi","url":"/category/doujinshi/","count":228729},{"id":14283,"type":"tag","name":"anal","url":"/tag/anal/","count":64587},{"id":7933,"type":"artist","name":"kyuubi108","url":"/artist/kyuubi108/","count":8}],"num_pages":75,"num_favorites":113}