{"id":156,"media_id":"472","title":{"english":"[Hen Rei Kai (Kawarajima Kou)] Ayanami Club Prelude Ver (Neon Genesis Evangelion)","japanese":"[\u7247\u52b1\u4f1a (\u304b\u308f\u3089\u3058\u307e\u6643)] \u7dbe\u6ce2\u5036\u697d\u90e8\u30d7\u30ec\u30ea\u30e5\u30fc\u30c9\u7248 (\u65b0\u4e16\u7d00\u30a8\u30f4\u30a1\u30f3\u30b2\u30ea\u30aa\u30f3)","pretty":"Ayanami Club Prelude Ver"},"images":{"pages":[{"t":"j","w":1200,"h":834},{"t":"j","w":848,"h":1200},{"t":"j","w":846,"h":1200},{"t":"j","w":846,"h":1200},{"t":"j","w":846,"h":1200},{"t":"j","w":846,"h":1200},{"t":"j","w":846,"h":1200},{"t":"j","w":846,"h":1200},{"t":"j","w":846,"h":1200},{"t":"j","w":846,"h":1200},{"t":"j","w":846,"h":1200},{"t":"j","w":846,"h":1200},{"t":"j","w":846,"h":1200},{"t":"j","w":846,"h":1200},{"t":"j","w":846,"h":1200},{"t":"j","w":846,"h":1200},{"t":"j","w":846,"h":1200},{"t":"j","w":846,"h":1200},{"t":"j","w":846,"h":1200},{"t":"j","w":846,"h":1200},{"t":"j","w":846,"h":1200},{"t":"j","w":846,"h":1200},{"t":"j","w":846,"h":1200},{"t":"j","w":846,"h":1200},{"t":"j","w":846,"h":1200},{"t":"j","w":846,"h":1200},{"t":"j","w":846,"h":1200},{"t":"j","w":846,"h":1200},{"t":"j","w":846,"h":1200},{"t":"j","w":846,"h":1200},{"t":"j","w":846,"h":1200},{"t":"j","w":846,"h":1200},{"t":"j","w":846,"h":1200},{"t":"j","w":846,"h":1200},{"t":"j","w":846,"h":1200},{"t":"j","w":846,"h":1200},{"t":"j","w":859,"h":1200}],"cover":{"t":"j","w":350,"h":243},"thumbnail":{"t":"j","w":250,"h":174}},"scanlator":"","upload_date":1403964884,"tags":[{"id":11248,"type":"artist","name":"kawarajima koh","url":"/artist/kawarajima-koh/","count":119},{"id":17137,"type":"parody","name":"neon genesis evangelion","url":"/parody/neon-genesis-evangelion/","count":2492},{"id":17749,"type":"group","name":"henreikai","url":"/group/henreikai/","count":104},{"id":19954,"type":"tag","name":"yuri","url":"/tag/yuri/","count":20241},{"id":21779,"type":"character","name":"rei ayanami","url":"/character/rei-ayanami/","count":1196},{"id":25125,"type":"character","name":"asuka langley soryu","url":"/character/asuka-langley-soryu/","count":1515},{"id":6346,"type":"language","name":"japanese","url":"/language/japanese/","count":191613},{"id":33172,"type":"category","name":"doujinshi","url":"/category/doujinshi/","count":228729},{"id":13720,"type":"tag","name":"nakadashi","url":"/tag/nakadashi/","count":42357}],"num_pages":37,"num_favorites":43}