{"id":157,"media_id":"474","title":{"english":"(C64) [HGH (HG Chagawa)] PLEATED GUNNER #10 BLACK AND WHITE Futasuka (Evangelion)","japanese":"(C64) [HGH (HG\u8336\u5ddd)] PLEATED GUNNER #10 BLACK AND WHITE \u3075\u305f\u30b9\u30ab (\u65b0\u4e16\u7d00\u30a8\u30f4\u30a1\u30f3\u30b2\u30ea\u30aa\u30f3)","pretty":"PLEATED GUNNER #10 BLACK AND WHITE Futasuka"},"images":{"pages":[{"t":"j","w":900,"h":1275},{"t":"j","w":900,"h":1393},{"t":"j","w":900,"h":1289},{"t":"j","w":900,"h":1311},{"t":"j","w":900,"h":1309},{"t":"j","w":900,"h":1308},{"t":"j","w":900,"h":1314},{"t":"j","w":900,"h":1301},{"t":"j","w":900,"h":1313},{"t":"j","w":900,"h":1308},{"t":"j","w":900,"h":1317},{"t":"j","w":900,"h":1310},{"t":"j","w":900,"h":1335},{"t":"j","w":900,"h":1308},{"t":"j","w":900,"h":1321},{"t":"j","w":900,"h":1308},{"t":"j","w":900,"h":1342},{"t":"j","w":900,"h":1321},{"t":"j","w":900,"h":1317},{"t":"j","w":900,"h":1313},{"t":"j","w":900,"h":1327},{"t":"j","w":900,"h":1308},{"t":"j","w":900,"h":1349},{"t":"j","w":900,"h":1301},{"t":"j","w":900,"h":1330},{"t":"j","w":900,"h":1300},{"t":"j","w":900,"h":1330},{"t":"j","w":900,"h":1304},{"t":"j","w":900,"h":1335},{"t":"j","w":900,"h":1297},{"t":"j","w":900,"h":1313},{"t":"j","w":900,"h":1313},{"t":"j","w":900,"h":1291},{"t":"j","w":900,"h":1272}],"cover":{"t":"j","w":350,"h":496},"thumbnail":{"t":"j","w":250,"h":354}},"scanlator":"","upload_date":1403964885,"tags":[{"id":779,"type":"tag","name":"futanari","url":"/tag/futanari/","count":23173},{"id":2820,"type":"tag","name":"scat","url":"/tag/scat/","count":5915},{"id":2937,"type":"tag","name":"big breasts","url":"/tag/big-breasts/","count":103273},{"id":4435,"type":"tag","name":"gag","url":"/tag/gag/","count":7148},{"id":8010,"type":"tag","name":"group","url":"/tag/group/","count":72150},{"id":9725,"type":"group","name":"hgh","url":"/group/hgh/","count":104},{"id":14072,"type":"tag","name":"huge breasts","url":"/tag/huge-breasts/","count":7220},{"id":14971,"type":"tag","name":"sex toys","url":"/tag/sex-toys/","count":20823},{"id":15658,"type":"tag","name":"bondage","url":"/tag/bondage/","count":34540},{"id":16332,"type":"character","name":"hikari horaki","url":"/character/hikari-horaki/","count":104},{"id":17137,"type":"parody","name":"neon genesis evangelion","url":"/parody/neon-genesis-evangelion/","count":2492},{"id":18996,"type":"artist","name":"hg chagawa","url":"/artist/hg-chagawa/","count":172},{"id":19479,"type":"tag","name":"nipple fuck","url":"/tag/nipple-fuck/","count":1897},{"id":21779,"type":"character","name":"rei ayanami","url":"/character/rei-ayanami/","count":1196},{"id":23632,"type":"tag","name":"big areolae","url":"/tag/big-areolae/","count":3603},{"id":24102,"type":"tag","name":"lactation","url":"/tag/lactation/","count":11973},{"id":25125,"type":"character","name":"asuka langley soryu","url":"/character/asuka-langley-soryu/","count":1515},{"id":30555,"type":"tag","name":"big penis","url":"/tag/big-penis/","count":9176},{"id":31012,"type":"tag","name":"blindfold","url":"/tag/blindfold/","count":5705},{"id":31783,"type":"tag","name":"dicknipples","url":"/tag/dicknipples/","count":211},{"id":6346,"type":"language","name":"japanese","url":"/language/japanese/","count":191613},{"id":33172,"type":"category","name":"doujinshi","url":"/category/doujinshi/","count":228729},{"id":23967,"type":"tag","name":"huge penis","url":"/tag/huge-penis/","count":906}],"num_pages":34,"num_favorites":181}