{"id":158,"media_id":"475","title":{"english":"(\u30b3\u30df\u30b3\u30df3) [HGH (HG Chagawa)] PZ.II Shinji de Shinji Hatsudou-hen (Neon Genesis Evangelion)","japanese":"(ComiComi3) [HGH (HG\u8336\u5ddd)] Pz.II \u30b7\u30f3\u30b8 DE \u3057\u3093\u3058 \u767a\u52d5\u7de8 (\u65b0\u4e16\u7d00\u30a8\u30f4\u30a1\u30f3\u30b2\u30ea\u30aa\u30f3)","pretty":"PZ.II Shinji de Shinji Hatsudou-hen"},"images":{"pages":[{"t":"j","w":706,"h":1000},{"t":"j","w":662,"h":1000},{"t":"j","w":676,"h":1000},{"t":"j","w":684,"h":1000},{"t":"j","w":678,"h":1000},{"t":"j","w":673,"h":1000},{"t":"j","w":654,"h":1000},{"t":"j","w":679,"h":1000}],"cover":{"t":"j","w":350,"h":496},"thumbnail":{"t":"j","w":250,"h":354}},"scanlator":"","upload_date":1403964886,"tags":[{"id":2937,"type":"tag","name":"big breasts","url":"/tag/big-breasts/","count":103273},{"id":3206,"type":"character","name":"shinji ikari","url":"/character/shinji-ikari/","count":1231},{"id":9725,"type":"group","name":"hgh","url":"/group/hgh/","count":104},{"id":17137,"type":"parody","name":"neon genesis evangelion","url":"/parody/neon-genesis-evangelion/","count":2492},{"id":18996,"type":"artist","name":"hg chagawa","url":"/artist/hg-chagawa/","count":172},{"id":23796,"type":"character","name":"bridget","url":"/character/bridget/","count":175},{"id":25125,"type":"character","name":"asuka langley soryu","url":"/character/asuka-langley-soryu/","count":1515},{"id":30035,"type":"tag","name":"gender bender","url":"/tag/gender-bender/","count":7599},{"id":6346,"type":"language","name":"japanese","url":"/language/japanese/","count":191613},{"id":33172,"type":"category","name":"doujinshi","url":"/category/doujinshi/","count":228729},{"id":16236,"type":"tag","name":"shemale","url":"/tag/shemale/","count":1959},{"id":779,"type":"tag","name":"futanari","url":"/tag/futanari/","count":23173}],"num_pages":8,"num_favorites":46}