{"id":160,"media_id":"482","title":{"english":"(C59) [Furaipan Daimaou (Oofuji Reiichirou)] Shinu no wa Yatsura da! - Live and Let Die (Neon Genesis Evangelion)","japanese":"(C59) [\u3075\u3089\u3044\u3071\u3093\u5927\u9b54\u738b (\u5927\u85e4\u73b2\u4e00\u90ce)] \u6b7b\u306c\u306e\u306f\u5974\u3089\u3060\uff01 (\u65b0\u4e16\u7d00\u30a8\u30f4\u30a1\u30f3\u30b2\u30ea\u30aa\u30f3)","pretty":"Shinu no wa Yatsura da! - Live and Let Die"},"images":{"pages":[{"t":"j","w":682,"h":966},{"t":"j","w":659,"h":963},{"t":"j","w":669,"h":963},{"t":"j","w":671,"h":960},{"t":"j","w":671,"h":966},{"t":"j","w":674,"h":966},{"t":"j","w":663,"h":963},{"t":"j","w":669,"h":966},{"t":"j","w":659,"h":966},{"t":"j","w":666,"h":966},{"t":"j","w":661,"h":963},{"t":"j","w":669,"h":963},{"t":"j","w":661,"h":963},{"t":"j","w":669,"h":963},{"t":"j","w":661,"h":963},{"t":"j","w":669,"h":966},{"t":"j","w":671,"h":966},{"t":"j","w":669,"h":963},{"t":"j","w":671,"h":960},{"t":"j","w":663,"h":966},{"t":"j","w":659,"h":966},{"t":"j","w":666,"h":963},{"t":"j","w":674,"h":966},{"t":"j","w":666,"h":960},{"t":"j","w":680,"h":966}],"cover":{"t":"j","w":350,"h":496},"thumbnail":{"t":"j","w":250,"h":354}},"scanlator":"","upload_date":1403964887,"tags":[{"id":8378,"type":"tag","name":"glasses","url":"/tag/glasses/","count":48279},{"id":10738,"type":"artist","name":"oofuji reiichirou","url":"/artist/oofuji-reiichirou/","count":36},{"id":15885,"type":"group","name":"furaipan daimaou","url":"/group/furaipan-daimaou/","count":188},{"id":17137,"type":"parody","name":"neon genesis evangelion","url":"/parody/neon-genesis-evangelion/","count":2492},{"id":22658,"type":"group","name":"hispano-suiza","url":"/group/hispano-suiza/","count":26},{"id":25125,"type":"character","name":"asuka langley soryu","url":"/character/asuka-langley-soryu/","count":1515},{"id":27553,"type":"tag","name":"rape","url":"/tag/rape/","count":34191},{"id":29013,"type":"tag","name":"dilf","url":"/tag/dilf/","count":15244},{"id":6346,"type":"language","name":"japanese","url":"/language/japanese/","count":191613},{"id":33172,"type":"category","name":"doujinshi","url":"/category/doujinshi/","count":228729},{"id":10314,"type":"tag","name":"schoolgirl uniform","url":"/tag/schoolgirl-uniform/","count":56168}],"num_pages":25,"num_favorites":28}