{"id":161,"media_id":"483","title":{"english":"(C60) [Furaipan Daimaou (Oofuji Reiichirou)] Toropika-ru rakusite-ru (Neon Genesis Evangelion)","japanese":"(C60) [\u3075\u3089\u3044\u3071\u3093\u5927\u9b54\u738b (\u5927\u85e4\u73b2\u4e00\u90ce)] \u30c8\u30ed\u30d4\u30ab\uff5e\u30eb\u697d\u3057\u3066\uff5e\u308b (\u65b0\u4e16\u7d00\u30a8\u30f4\u30a1\u30f3\u30b2\u30ea\u30aa\u30f3)","pretty":"Toropikaru"},"images":{"pages":[{"t":"j","w":678,"h":975},{"t":"j","w":660,"h":967},{"t":"j","w":666,"h":967},{"t":"j","w":660,"h":967},{"t":"j","w":666,"h":967},{"t":"j","w":660,"h":967},{"t":"j","w":666,"h":967},{"t":"j","w":660,"h":967},{"t":"j","w":666,"h":967},{"t":"j","w":660,"h":967},{"t":"j","w":666,"h":967},{"t":"j","w":660,"h":967},{"t":"j","w":666,"h":967},{"t":"j","w":660,"h":967},{"t":"j","w":666,"h":967},{"t":"j","w":660,"h":967},{"t":"j","w":666,"h":967},{"t":"j","w":660,"h":967},{"t":"j","w":666,"h":967},{"t":"j","w":660,"h":967},{"t":"j","w":666,"h":967},{"t":"j","w":660,"h":967},{"t":"j","w":666,"h":967},{"t":"j","w":660,"h":967},{"t":"j","w":666,"h":967},{"t":"j","w":660,"h":967},{"t":"j","w":666,"h":967},{"t":"j","w":660,"h":967},{"t":"j","w":666,"h":967},{"t":"j","w":660,"h":967},{"t":"j","w":666,"h":967},{"t":"j","w":660,"h":967},{"t":"j","w":666,"h":967},{"t":"j","w":660,"h":967},{"t":"j","w":666,"h":967},{"t":"j","w":660,"h":967},{"t":"j","w":666,"h":967},{"t":"j","w":660,"h":967},{"t":"j","w":666,"h":967},{"t":"j","w":660,"h":967},{"t":"j","w":666,"h":967},{"t":"j","w":660,"h":967},{"t":"j","w":666,"h":967},{"t":"j","w":660,"h":967},{"t":"j","w":666,"h":967},{"t":"j","w":660,"h":967},{"t":"j","w":666,"h":967},{"t":"j","w":660,"h":967},{"t":"j","w":666,"h":967},{"t":"j","w":678,"h":975}],"cover":{"t":"j","w":350,"h":503},"thumbnail":{"t":"j","w":250,"h":360}},"scanlator":"","upload_date":1403964887,"tags":[{"id":8378,"type":"tag","name":"glasses","url":"/tag/glasses/","count":48712},{"id":10738,"type":"artist","name":"oofuji reiichirou","url":"/artist/oofuji-reiichirou/","count":36},{"id":15658,"type":"tag","name":"bondage","url":"/tag/bondage/","count":34802},{"id":15885,"type":"group","name":"furaipan daimaou","url":"/group/furaipan-daimaou/","count":188},{"id":17137,"type":"parody","name":"neon genesis evangelion","url":"/parody/neon-genesis-evangelion/","count":2492},{"id":22658,"type":"group","name":"hispano-suiza","url":"/group/hispano-suiza/","count":26},{"id":25125,"type":"character","name":"asuka langley soryu","url":"/character/asuka-langley-soryu/","count":1515},{"id":27553,"type":"tag","name":"rape","url":"/tag/rape/","count":34545},{"id":29013,"type":"tag","name":"dilf","url":"/tag/dilf/","count":15467},{"id":6346,"type":"language","name":"japanese","url":"/language/japanese/","count":193003},{"id":33172,"type":"category","name":"doujinshi","url":"/category/doujinshi/","count":231184},{"id":10314,"type":"tag","name":"schoolgirl uniform","url":"/tag/schoolgirl-uniform/","count":56614}],"num_pages":50,"num_favorites":27}