{"id":164,"media_id":"487","title":{"english":"(CSP4) [I&I (Naohiro)] SHINJI 03 (Neon Genesis Evangelion)","japanese":"(CSP4) [I&I (NAOHIRO)] SHINJI 03 (\u65b0\u4e16\u7d00\u30a8\u30f4\u30a1\u30f3\u30b2\u30ea\u30aa\u30f3)","pretty":"SHINJI 03"},"images":{"pages":[{"t":"j","w":991,"h":1400},{"t":"j","w":971,"h":1400},{"t":"j","w":988,"h":1400},{"t":"j","w":990,"h":1400},{"t":"j","w":974,"h":1400},{"t":"j","w":982,"h":1400},{"t":"j","w":979,"h":1400},{"t":"j","w":980,"h":1400},{"t":"j","w":978,"h":1400},{"t":"j","w":976,"h":1400},{"t":"j","w":974,"h":1400},{"t":"j","w":975,"h":1400},{"t":"j","w":977,"h":1400},{"t":"j","w":976,"h":1400},{"t":"j","w":972,"h":1400},{"t":"j","w":976,"h":1400},{"t":"j","w":982,"h":1400},{"t":"j","w":992,"h":1400},{"t":"j","w":984,"h":1400},{"t":"j","w":991,"h":1400},{"t":"j","w":988,"h":1400},{"t":"j","w":990,"h":1400},{"t":"j","w":970,"h":1400},{"t":"j","w":998,"h":1400}],"cover":{"t":"j","w":350,"h":494},"thumbnail":{"t":"j","w":250,"h":353}},"scanlator":"","upload_date":1403964890,"tags":[{"id":3206,"type":"character","name":"shinji ikari","url":"/character/shinji-ikari/","count":1231},{"id":12720,"type":"group","name":"i and i","url":"/group/i-and-i/","count":17},{"id":15658,"type":"tag","name":"bondage","url":"/tag/bondage/","count":34540},{"id":17137,"type":"parody","name":"neon genesis evangelion","url":"/parody/neon-genesis-evangelion/","count":2492},{"id":24832,"type":"character","name":"misato katsuragi","url":"/character/misato-katsuragi/","count":339},{"id":25125,"type":"character","name":"asuka langley soryu","url":"/character/asuka-langley-soryu/","count":1515},{"id":28407,"type":"artist","name":"naohiro","url":"/artist/naohiro/","count":24},{"id":6346,"type":"language","name":"japanese","url":"/language/japanese/","count":191613},{"id":33172,"type":"category","name":"doujinshi","url":"/category/doujinshi/","count":228729},{"id":22945,"type":"tag","name":"double penetration","url":"/tag/double-penetration/","count":24472},{"id":15348,"type":"tag","name":"ffm threesome","url":"/tag/ffm-threesome/","count":17957},{"id":14971,"type":"tag","name":"sex toys","url":"/tag/sex-toys/","count":20823}],"num_pages":24,"num_favorites":38}