{"id":165,"media_id":"488","title":{"english":"(SC29) [I&I (Naohiro)] SHINJI 04 - rei & askua (Evangelion)","japanese":"(SC29) [I&I (Naohiro)] SHINJI 04 - rei & askua (\u65b0\u4e16\u7d00\u30a8\u30f4\u30a1\u30f3\u30b2\u30ea\u30aa\u30f3)","pretty":"SHINJI 04 - rei & askua"},"images":{"pages":[{"t":"j","w":1074,"h":1517},{"t":"j","w":1074,"h":1517},{"t":"j","w":1074,"h":1517},{"t":"j","w":1074,"h":1517},{"t":"j","w":1074,"h":1517},{"t":"j","w":1074,"h":1517},{"t":"j","w":1074,"h":1517},{"t":"j","w":1074,"h":1517},{"t":"j","w":1074,"h":1517},{"t":"j","w":1074,"h":1517},{"t":"j","w":1074,"h":1517},{"t":"j","w":1074,"h":1517},{"t":"j","w":1074,"h":1517},{"t":"j","w":1074,"h":1517},{"t":"j","w":1074,"h":1517},{"t":"j","w":1074,"h":1517},{"t":"j","w":1074,"h":1517},{"t":"j","w":1074,"h":1517},{"t":"j","w":1074,"h":1517},{"t":"j","w":1074,"h":1517},{"t":"j","w":1074,"h":1517},{"t":"j","w":1074,"h":1517}],"cover":{"t":"j","w":350,"h":494},"thumbnail":{"t":"j","w":250,"h":353}},"scanlator":"","upload_date":1403964891,"tags":[{"id":8010,"type":"tag","name":"group","url":"/tag/group/","count":72150},{"id":12720,"type":"group","name":"i and i","url":"/group/i-and-i/","count":17},{"id":17137,"type":"parody","name":"neon genesis evangelion","url":"/parody/neon-genesis-evangelion/","count":2489},{"id":21779,"type":"character","name":"rei ayanami","url":"/character/rei-ayanami/","count":1196},{"id":25125,"type":"character","name":"asuka langley soryu","url":"/character/asuka-langley-soryu/","count":1513},{"id":28407,"type":"artist","name":"naohiro","url":"/artist/naohiro/","count":24},{"id":6346,"type":"language","name":"japanese","url":"/language/japanese/","count":191613},{"id":33172,"type":"category","name":"doujinshi","url":"/category/doujinshi/","count":228729},{"id":10314,"type":"tag","name":"schoolgirl uniform","url":"/tag/schoolgirl-uniform/","count":56168}],"num_pages":22,"num_favorites":14}