{"id":51,"media_id":"837","title":{"english":"(CR19) [SUPER NOVA (Kingyo)] Arc In Pulse (Neon Genesis Evangelion)","japanese":"(C\u30ec\u30f4\u30a919) [SUPER NOVA (\u91d1\u9b5a)] \u30a2\u30fc\u30af \u30a4\u30f3 \u30d1\u30eb\u30b9 (\u65b0\u4e16\u7d00\u30a8\u30f4\u30a1\u30f3\u30b2\u30ea\u30aa\u30f3)","pretty":"Arc In Pulse"},"images":{"pages":[{"t":"j","w":833,"h":1200},{"t":"j","w":817,"h":1200},{"t":"j","w":817,"h":1200},{"t":"j","w":817,"h":1200},{"t":"j","w":817,"h":1200},{"t":"j","w":817,"h":1200},{"t":"j","w":817,"h":1200},{"t":"j","w":817,"h":1200},{"t":"j","w":817,"h":1200},{"t":"j","w":817,"h":1200},{"t":"j","w":817,"h":1200},{"t":"j","w":817,"h":1200},{"t":"j","w":817,"h":1200},{"t":"j","w":817,"h":1200},{"t":"j","w":817,"h":1200},{"t":"j","w":817,"h":1200},{"t":"j","w":817,"h":1200},{"t":"j","w":817,"h":1200},{"t":"j","w":834,"h":1200}],"cover":{"t":"j","w":350,"h":504},"thumbnail":{"t":"j","w":250,"h":360}},"scanlator":"","upload_date":1403964771,"tags":[{"id":7449,"type":"group","name":"super nova","url":"/group/super-nova/","count":29},{"id":8368,"type":"tag","name":"full censorship","url":"/tag/full-censorship/","count":17250},{"id":17137,"type":"parody","name":"neon genesis evangelion","url":"/parody/neon-genesis-evangelion/","count":2492},{"id":19954,"type":"tag","name":"yuri","url":"/tag/yuri/","count":20411},{"id":21779,"type":"character","name":"rei ayanami","url":"/character/rei-ayanami/","count":1196},{"id":25125,"type":"character","name":"asuka langley soryu","url":"/character/asuka-langley-soryu/","count":1515},{"id":25528,"type":"artist","name":"yukimachi tounosuke","url":"/artist/yukimachi-tounosuke/","count":33},{"id":6346,"type":"language","name":"japanese","url":"/language/japanese/","count":193003},{"id":33172,"type":"category","name":"doujinshi","url":"/category/doujinshi/","count":231184},{"id":8050,"type":"tag","name":"females only","url":"/tag/females-only/","count":8765},{"id":53796,"type":"artist","name":"kingyo","url":"/artist/kingyo/","count":6}],"num_pages":19,"num_favorites":26}