{"id":52,"media_id":"838","title":{"english":"(C66) [Rabbit Company (Kotogi Raura)] Fallen Angel [Stale World 24] (Bakuretsu Tenshi [Burst Angel])","japanese":"(C66) [\u30e9\u30d3\u30c3\u30c8\u30ab\u30f3\u30d1\u30cb\u30fc (\u85e4\u864e\u514e\u6728\u862d\u6d66)] Fallen Angel (Stale World 24) (\u7206\u88c2\u5929\u4f7f)","pretty":"Fallen Angel"},"images":{"pages":[{"t":"j","w":1060,"h":1500},{"t":"j","w":1060,"h":1500},{"t":"j","w":1060,"h":1500},{"t":"j","w":1060,"h":1500},{"t":"j","w":1060,"h":1500},{"t":"j","w":1060,"h":1500},{"t":"j","w":1060,"h":1500},{"t":"j","w":1060,"h":1500},{"t":"j","w":1060,"h":1500},{"t":"j","w":1060,"h":1500},{"t":"j","w":1060,"h":1500},{"t":"j","w":1060,"h":1500},{"t":"j","w":1060,"h":1500},{"t":"j","w":1060,"h":1500},{"t":"j","w":1060,"h":1500},{"t":"j","w":1060,"h":1500},{"t":"j","w":1060,"h":1500},{"t":"j","w":1060,"h":1500}],"cover":{"t":"j","w":350,"h":495},"thumbnail":{"t":"j","w":250,"h":354}},"scanlator":"","upload_date":1403964772,"tags":[{"id":6080,"type":"artist","name":"kotogi raura","url":"/artist/kotogi-raura/","count":38},{"id":17299,"type":"character","name":"kyohei tachibana","url":"/character/kyohei-tachibana/","count":2},{"id":19440,"type":"tag","name":"lolicon","url":"/tag/lolicon/","count":69490},{"id":24016,"type":"character","name":"amy","url":"/character/amy/","count":35},{"id":30766,"type":"group","name":"rabbit company","url":"/group/rabbit-company/","count":38},{"id":31941,"type":"parody","name":"burst angel","url":"/parody/burst-angel/","count":25},{"id":6346,"type":"language","name":"japanese","url":"/language/japanese/","count":191613},{"id":33172,"type":"category","name":"doujinshi","url":"/category/doujinshi/","count":228729}],"num_pages":18,"num_favorites":70}