{"id":55,"media_id":"844","title":{"english":"[OSO] Asuka The Second VER I (Neon Genesis Evangelion)","japanese":"","pretty":"Asuka The Second VER I"},"images":{"pages":[{"t":"j","w":550,"h":400},{"t":"j","w":1200,"h":1591},{"t":"j","w":1200,"h":1591},{"t":"j","w":1200,"h":1591},{"t":"j","w":1200,"h":1591},{"t":"j","w":1200,"h":1591},{"t":"j","w":1200,"h":1591},{"t":"j","w":1200,"h":1591},{"t":"j","w":1200,"h":1591},{"t":"j","w":1200,"h":1591},{"t":"j","w":1200,"h":1591},{"t":"j","w":1200,"h":1591},{"t":"j","w":522,"h":427}],"cover":{"t":"j","w":350,"h":255},"thumbnail":{"t":"j","w":250,"h":182}},"scanlator":"","upload_date":1403964774,"tags":[{"id":10000,"type":"character","name":"gendo ikari","url":"/character/gendo-ikari/","count":57},{"id":17137,"type":"parody","name":"neon genesis evangelion","url":"/parody/neon-genesis-evangelion/","count":2492},{"id":20905,"type":"tag","name":"full color","url":"/tag/full-color/","count":33404},{"id":23574,"type":"group","name":"oso","url":"/group/oso/","count":2},{"id":25125,"type":"character","name":"asuka langley soryu","url":"/character/asuka-langley-soryu/","count":1515},{"id":29013,"type":"tag","name":"dilf","url":"/tag/dilf/","count":15244},{"id":29859,"type":"tag","name":"blowjob","url":"/tag/blowjob/","count":37321},{"id":30895,"type":"tag","name":"sunglasses","url":"/tag/sunglasses/","count":978},{"id":6346,"type":"language","name":"japanese","url":"/language/japanese/","count":191613},{"id":33172,"type":"category","name":"doujinshi","url":"/category/doujinshi/","count":228729},{"id":27473,"type":"tag","name":"mosaic censorship","url":"/tag/mosaic-censorship/","count":23707}],"num_pages":13,"num_favorites":82}