{"id":60,"media_id":"738","title":{"english":"(C71) [TENGU NO TSUZURA (Kuro Tengu)] A Wild Fancy (Neon Genesis Evangelion)","japanese":"(C71) [\u5929\u72d7\u306e\u3064\u3065\u3089 (\u9ed2\u3066\u3093\u3050)] A wild fancy (\u65b0\u4e16\u7d00\u30a8\u30f4\u30a1\u30f3\u30b2\u30ea\u30aa\u30f3)","pretty":"A Wild Fancy"},"images":{"pages":[{"t":"j","w":1178,"h":1683},{"t":"j","w":1199,"h":1686},{"t":"j","w":1142,"h":1689},{"t":"j","w":1105,"h":1720},{"t":"j","w":993,"h":1694},{"t":"j","w":1021,"h":1717},{"t":"j","w":991,"h":1457},{"t":"j","w":1106,"h":1717},{"t":"j","w":1014,"h":1573},{"t":"j","w":1008,"h":1593},{"t":"j","w":990,"h":1578},{"t":"j","w":1178,"h":1743},{"t":"j","w":1119,"h":1686},{"t":"j","w":1062,"h":1586},{"t":"j","w":1124,"h":1694},{"t":"j","w":1016,"h":1604},{"t":"j","w":1078,"h":1694},{"t":"j","w":1010,"h":1462},{"t":"j","w":1080,"h":1694},{"t":"j","w":1119,"h":1722},{"t":"j","w":1134,"h":1684},{"t":"j","w":1098,"h":1696},{"t":"j","w":1088,"h":1694},{"t":"j","w":1105,"h":1583},{"t":"j","w":1070,"h":1740},{"t":"j","w":1095,"h":1696},{"t":"j","w":1132,"h":1689},{"t":"j","w":1013,"h":1586},{"t":"j","w":1075,"h":1689},{"t":"j","w":1092,"h":1702},{"t":"j","w":1101,"h":1583},{"t":"j","w":1108,"h":1709},{"t":"j","w":1088,"h":1684},{"t":"j","w":1090,"h":1694},{"t":"j","w":1101,"h":1684},{"t":"j","w":977,"h":1704},{"t":"j","w":1108,"h":1681},{"t":"j","w":1134,"h":1694},{"t":"j","w":1134,"h":1694}],"cover":{"t":"j","w":350,"h":500},"thumbnail":{"t":"j","w":250,"h":357}},"scanlator":"","upload_date":1403964780,"tags":[{"id":3206,"type":"character","name":"shinji ikari","url":"/character/shinji-ikari/","count":1231},{"id":7746,"type":"artist","name":"kuro tengu","url":"/artist/kuro-tengu/","count":63},{"id":8010,"type":"tag","name":"group","url":"/tag/group/","count":72150},{"id":17137,"type":"parody","name":"neon genesis evangelion","url":"/parody/neon-genesis-evangelion/","count":2489},{"id":24832,"type":"character","name":"misato katsuragi","url":"/character/misato-katsuragi/","count":339},{"id":25125,"type":"character","name":"asuka langley soryu","url":"/character/asuka-langley-soryu/","count":1513},{"id":31762,"type":"group","name":"tengu no tsuzura","url":"/group/tengu-no-tsuzura/","count":63},{"id":6346,"type":"language","name":"japanese","url":"/language/japanese/","count":191613},{"id":33172,"type":"category","name":"doujinshi","url":"/category/doujinshi/","count":228729},{"id":10314,"type":"tag","name":"schoolgirl uniform","url":"/tag/schoolgirl-uniform/","count":56168},{"id":7752,"type":"tag","name":"schoolboy uniform","url":"/tag/schoolboy-uniform/","count":12311}],"num_pages":39,"num_favorites":63}