[{"id":56,"title":"ASUKA!","tags":["group","studio q","hikari horaki","neon genesis evangelion","natsuka q-ya","asuka langley soryu","rape","japanese","doujinshi","sundress"],"page":30},{"id":55,"title":"Asuka The Second VER I","tags":["gendo ikari","neon genesis evangelion","full color","oso","asuka langley soryu","dilf","blowjob","sunglasses","japanese","doujinshi","mosaic censorship"],"page":13},{"id":54,"title":"Asukakun Mousouchuu~","tags":["big breasts","swimsuit","bondage","neon genesis evangelion","bikini","dorei jackie","asuka langley soryu","paizuri","japanese","doujinshi","schoolgirl uniform"],"page":50},{"id":53,"title":"Asuka Darake!!","tags":["shinji ikari","neon genesis evangelion","asuka langley soryu","bloomers","japanese","doujinshi","dai 25 hohei shidan"],"page":22},{"id":52,"title":"Fallen Angel","tags":["kotogi raura","kyohei tachibana","lolicon","amy","rabbit company","burst angel","japanese","doujinshi"],"page":18},{"id":51,"title":"Arc In Pulse","tags":["super nova","full censorship","neon genesis evangelion","yuri","rei ayanami","asuka langley soryu","yukimachi tounosuke","japanese","doujinshi","females only","kingyo"],"page":19},{"id":60,"title":"A Wild Fancy","tags":["shinji ikari","kuro tengu","group","neon genesis evangelion","misato katsuragi","asuka langley soryu","tengu no tsuzura","japanese","doujinshi","schoolgirl uniform","schoolboy uniform"],"page":39},{"id":59,"title":"Shadow Defence 3 - Angel Fullback","tags":["hikari horaki","neon genesis evangelion","rei ayanami","dilf","tail of nearly","sunglasses","japanese","doujinshi","gendo ikari","shinji ikari","asuka langley soryu","schoolgirl uniform","schoolboy uniform"],"page":66},{"id":58,"title":"Imasara Nadia Tottemo Asuka! 05","tags":["shinnihon pepsitou","doumeki bararou","st.germain-sal","group","fushigi no umi no nadia","neon genesis evangelion","waka","dark skin","asuka langley soryu","nadia la arwall","rape","tail of nearly","japanese","doujinshi","schoolgirl uniform","double penetration","anal","schoolboy uniform"],"page":42},{"id":57,"title":"Imasara Nadia Tottemo Asuka! ver. 04","tags":["aiueou","group","fushigi no umi no nadia","neon genesis evangelion","waka","dark skin","asuka langley soryu","nadia la arwall","rape","tail of nearly","shotacon","japanese","doujinshi","kimimaru"],"page":39}]