{"id":"196","media_id":"460","title":{"english":"(C52) [Chimatsuriya Honpo (Asanagi Aoi)] Soleil (Neon Genesis Evangelion)","japanese":"(C52) [\u8840\u796d\u5c4b\u672c\u8217 (\u671d\u51ea\u8475)] Soleil (\u65b0\u4e16\u7d00\u30a8\u30f4\u30a1\u30f3\u30b2\u30ea\u30aa\u30f3)","pretty":"Soleil"},"images":{"pages":[{"t":"j","w":1200,"h":835},{"t":"j","w":1036,"h":1508},{"t":"j","w":1012,"h":1504},{"t":"j","w":1008,"h":1512},{"t":"j","w":1004,"h":1512},{"t":"j","w":1016,"h":1504},{"t":"j","w":1008,"h":1504},{"t":"j","w":1016,"h":1508},{"t":"j","w":1008,"h":1508},{"t":"j","w":1020,"h":1508},{"t":"j","w":1012,"h":1508},{"t":"j","w":1020,"h":1508},{"t":"j","w":1008,"h":1508},{"t":"j","w":1024,"h":1504},{"t":"j","w":992,"h":1508},{"t":"j","w":1024,"h":1504},{"t":"j","w":1008,"h":1508},{"t":"j","w":1020,"h":1508},{"t":"j","w":1004,"h":1508},{"t":"j","w":1008,"h":1508},{"t":"j","w":1012,"h":1508},{"t":"j","w":1020,"h":1508},{"t":"j","w":1008,"h":1508},{"t":"j","w":1024,"h":1508},{"t":"j","w":1000,"h":1508},{"t":"j","w":1020,"h":1508},{"t":"j","w":1024,"h":1508},{"t":"j","w":1020,"h":1508},{"t":"j","w":1008,"h":1508},{"t":"j","w":1024,"h":1508},{"t":"j","w":1012,"h":1508},{"t":"j","w":1024,"h":1504},{"t":"j","w":1000,"h":1508},{"t":"j","w":1024,"h":1512},{"t":"j","w":1008,"h":1508},{"t":"j","w":1020,"h":1508},{"t":"j","w":1004,"h":1508},{"t":"j","w":1020,"h":1504},{"t":"j","w":1016,"h":1508},{"t":"j","w":1024,"h":1504},{"t":"j","w":1004,"h":1508},{"t":"j","w":1028,"h":1508},{"t":"j","w":992,"h":1512},{"t":"j","w":1016,"h":1504},{"t":"j","w":992,"h":1508},{"t":"j","w":1020,"h":1508},{"t":"j","w":1004,"h":1508},{"t":"j","w":1028,"h":1500},{"t":"j","w":996,"h":1508},{"t":"j","w":1024,"h":1508},{"t":"j","w":1016,"h":1504},{"t":"j","w":1020,"h":1500},{"t":"j","w":996,"h":1508},{"t":"j","w":1016,"h":1504},{"t":"j","w":992,"h":1504},{"t":"j","w":1018,"h":1507},{"t":"j","w":1004,"h":1508},{"t":"j","w":1024,"h":1504},{"t":"j","w":1012,"h":1508},{"t":"j","w":1013,"h":1508},{"t":"j","w":1008,"h":1508},{"t":"j","w":1008,"h":1508},{"t":"j","w":1004,"h":1508},{"t":"j","w":1028,"h":1508},{"t":"j","w":1008,"h":1508},{"t":"j","w":1016,"h":1504},{"t":"j","w":1008,"h":1508},{"t":"j","w":1012,"h":1504},{"t":"j","w":1000,"h":1508},{"t":"j","w":1020,"h":1500},{"t":"j","w":1008,"h":1508},{"t":"j","w":1016,"h":1504},{"t":"j","w":1004,"h":1508},{"t":"j","w":1024,"h":1508},{"t":"j","w":1000,"h":1508},{"t":"j","w":1024,"h":1504},{"t":"j","w":1008,"h":1508},{"t":"j","w":1032,"h":1508},{"t":"j","w":1012,"h":1508},{"t":"j","w":1016,"h":1504},{"t":"j","w":1004,"h":1504},{"t":"j","w":1028,"h":1508},{"t":"j","w":1008,"h":1504},{"t":"j","w":1024,"h":1500},{"t":"j","w":1000,"h":1508},{"t":"j","w":1020,"h":1508},{"t":"j","w":988,"h":1504},{"t":"j","w":1032,"h":1512},{"t":"j","w":1012,"h":1508},{"t":"j","w":1028,"h":1504},{"t":"j","w":1004,"h":1508},{"t":"j","w":1028,"h":1504},{"t":"j","w":1008,"h":1508},{"t":"j","w":1032,"h":1504},{"t":"j","w":1020,"h":1508},{"t":"j","w":1028,"h":1500},{"t":"j","w":1016,"h":1508},{"t":"j","w":1028,"h":1504}],"cover":{"t":"j","w":350,"h":244},"thumbnail":{"t":"j","w":250,"h":174}},"scanlator":"","upload_date":1403964931,"tags":[{"id":3206,"type":"character","name":"shinji ikari","url":"/character/shinji-ikari/","count":1231},{"id":5523,"type":"artist","name":"asanagi aoi","url":"/artist/asanagi-aoi/","count":55},{"id":6015,"type":"character","name":"mayumi yamagishi","url":"/character/mayumi-yamagishi/","count":3},{"id":8378,"type":"tag","name":"glasses","url":"/tag/glasses/","count":48279},{"id":9162,"type":"tag","name":"masturbation","url":"/tag/masturbation/","count":9228},{"id":16651,"type":"character","name":"ritsuko akagi","url":"/character/ritsuko-akagi/","count":209},{"id":17137,"type":"parody","name":"neon genesis evangelion","url":"/parody/neon-genesis-evangelion/","count":2492},{"id":19440,"type":"tag","name":"lolicon","url":"/tag/lolicon/","count":69490},{"id":21779,"type":"character","name":"rei ayanami","url":"/character/rei-ayanami/","count":1196},{"id":24832,"type":"character","name":"misato katsuragi","url":"/character/misato-katsuragi/","count":339},{"id":25125,"type":"character","name":"asuka langley soryu","url":"/character/asuka-langley-soryu/","count":1515},{"id":28210,"type":"character","name":"yui ikari","url":"/character/yui-ikari/","count":25},{"id":30093,"type":"group","name":"chimatsuriya honpo","url":"/group/chimatsuriya-honpo/","count":51},{"id":6346,"type":"language","name":"japanese","url":"/language/japanese/","count":191613},{"id":33172,"type":"category","name":"doujinshi","url":"/category/doujinshi/","count":228729},{"id":10000,"type":"character","name":"gendo ikari","url":"/character/gendo-ikari/","count":57}],"num_pages":98,"num_favorites":26}