{"id":198,"media_id":"462","title":{"english":"(C64) [Henreikai (Various)] Ayanami Club Ichi (Neon Genesis Evangelion)","japanese":"(C64) [\u7247\u52b1\u4f1a (\u3088\u308d\u305a)] \u7dbe\u6ce2\u5036\u697d\u90e8 \u58f1 (\u65b0\u4e16\u7d00\u30a8\u30f4\u30a1\u30f3\u30b2\u30ea\u30aa\u30f3)","pretty":"Ayanami Club Ichi"},"images":{"pages":[{"t":"j","w":902,"h":1300},{"t":"j","w":955,"h":1400},{"t":"j","w":838,"h":1300},{"t":"j","w":1200,"h":903},{"t":"j","w":883,"h":1300},{"t":"j","w":893,"h":1300},{"t":"j","w":893,"h":1300},{"t":"j","w":889,"h":1300},{"t":"j","w":893,"h":1300},{"t":"j","w":893,"h":1300},{"t":"j","w":893,"h":1300},{"t":"j","w":889,"h":1300},{"t":"j","w":893,"h":1300},{"t":"j","w":883,"h":1300},{"t":"j","w":889,"h":1300},{"t":"j","w":889,"h":1300},{"t":"j","w":893,"h":1300},{"t":"j","w":880,"h":1300},{"t":"j","w":889,"h":1300},{"t":"j","w":885,"h":1300},{"t":"j","w":889,"h":1300},{"t":"j","w":880,"h":1300},{"t":"j","w":883,"h":1300},{"t":"j","w":885,"h":1300},{"t":"j","w":883,"h":1300},{"t":"j","w":876,"h":1300},{"t":"j","w":889,"h":1300},{"t":"j","w":877,"h":1300},{"t":"j","w":881,"h":1300},{"t":"j","w":886,"h":1300},{"t":"j","w":887,"h":1300},{"t":"j","w":881,"h":1300},{"t":"j","w":885,"h":1300},{"t":"j","w":881,"h":1300},{"t":"j","w":881,"h":1300},{"t":"j","w":887,"h":1300},{"t":"j","w":881,"h":1300},{"t":"j","w":877,"h":1300},{"t":"j","w":885,"h":1300},{"t":"j","w":874,"h":1300},{"t":"j","w":876,"h":1300},{"t":"j","w":877,"h":1300},{"t":"j","w":880,"h":1300},{"t":"j","w":874,"h":1300},{"t":"j","w":891,"h":1300},{"t":"j","w":876,"h":1300},{"t":"j","w":880,"h":1300},{"t":"j","w":881,"h":1300},{"t":"j","w":887,"h":1300},{"t":"j","w":873,"h":1300},{"t":"j","w":885,"h":1300},{"t":"j","w":876,"h":1300},{"t":"j","w":887,"h":1300},{"t":"j","w":877,"h":1300},{"t":"j","w":881,"h":1300},{"t":"j","w":877,"h":1300},{"t":"j","w":881,"h":1300},{"t":"j","w":880,"h":1300},{"t":"j","w":883,"h":1300},{"t":"j","w":876,"h":1300},{"t":"j","w":881,"h":1300},{"t":"j","w":876,"h":1300},{"t":"j","w":880,"h":1300},{"t":"j","w":1200,"h":884},{"t":"j","w":877,"h":1300},{"t":"j","w":885,"h":1300},{"t":"j","w":877,"h":1300},{"t":"j","w":885,"h":1300},{"t":"j","w":877,"h":1300},{"t":"j","w":885,"h":1300},{"t":"j","w":873,"h":1300},{"t":"j","w":891,"h":1300},{"t":"j","w":880,"h":1300},{"t":"j","w":896,"h":1300},{"t":"j","w":881,"h":1300},{"t":"j","w":891,"h":1300},{"t":"j","w":885,"h":1300},{"t":"j","w":896,"h":1300},{"t":"j","w":883,"h":1300},{"t":"j","w":893,"h":1300},{"t":"j","w":878,"h":1300},{"t":"j","w":893,"h":1300},{"t":"j","w":885,"h":1300},{"t":"j","w":901,"h":1300},{"t":"j","w":1200,"h":889},{"t":"j","w":891,"h":1300},{"t":"j","w":893,"h":1300},{"t":"j","w":891,"h":1300},{"t":"j","w":895,"h":1300},{"t":"j","w":881,"h":1300},{"t":"j","w":902,"h":1300}],"cover":{"t":"j","w":350,"h":504},"thumbnail":{"t":"j","w":250,"h":360}},"scanlator":"","upload_date":1403964936,"tags":[{"id":8010,"type":"tag","name":"group","url":"/tag/group/","count":72150},{"id":11248,"type":"artist","name":"kawarajima koh","url":"/artist/kawarajima-koh/","count":119},{"id":16332,"type":"character","name":"hikari horaki","url":"/character/hikari-horaki/","count":104},{"id":17137,"type":"parody","name":"neon genesis evangelion","url":"/parody/neon-genesis-evangelion/","count":2492},{"id":17749,"type":"group","name":"henreikai","url":"/group/henreikai/","count":104},{"id":21779,"type":"character","name":"rei ayanami","url":"/character/rei-ayanami/","count":1196},{"id":22339,"type":"group","name":"lucretia","url":"/group/lucretia/","count":12},{"id":27553,"type":"tag","name":"rape","url":"/tag/rape/","count":34191},{"id":6346,"type":"language","name":"japanese","url":"/language/japanese/","count":191613},{"id":33172,"type":"category","name":"doujinshi","url":"/category/doujinshi/","count":228729},{"id":3206,"type":"character","name":"shinji ikari","url":"/character/shinji-ikari/","count":1231},{"id":10314,"type":"tag","name":"schoolgirl uniform","url":"/tag/schoolgirl-uniform/","count":56168},{"id":13720,"type":"tag","name":"nakadashi","url":"/tag/nakadashi/","count":42357},{"id":50834,"type":"artist","name":"urushihara satoshi","url":"/artist/urushihara-satoshi/","count":137}],"num_pages":91,"num_favorites":81}