{"id":201,"media_id":"256","title":{"english":"(C67) [Giroutei (Shijima Yukio)] Giroutei \"ri\" no Kan (Naruto)","japanese":"(C67) [\u5993\u697c\u4ead (\u56db\u5cf6\u7531\u7d00\u592b)] \u5993\u697c\u4ead\u300e\u308a\u300f\u306e\u5dfb (\u30ca\u30eb\u30c8)","pretty":"Giroutei \"ri\" no Kan"},"images":{"pages":[{"t":"j","w":1057,"h":1500},{"t":"j","w":1057,"h":1500},{"t":"j","w":1057,"h":1500},{"t":"j","w":1057,"h":1500},{"t":"j","w":1057,"h":1500},{"t":"j","w":1057,"h":1500},{"t":"j","w":1057,"h":1500},{"t":"j","w":1057,"h":1500},{"t":"j","w":1057,"h":1500},{"t":"j","w":1057,"h":1500},{"t":"j","w":1057,"h":1500},{"t":"j","w":1057,"h":1500},{"t":"j","w":1057,"h":1500},{"t":"j","w":1057,"h":1500},{"t":"j","w":1057,"h":1500},{"t":"j","w":1057,"h":1500},{"t":"j","w":1057,"h":1500},{"t":"j","w":1057,"h":1500},{"t":"j","w":1057,"h":1500},{"t":"j","w":1057,"h":1500},{"t":"j","w":1057,"h":1500},{"t":"j","w":1057,"h":1500},{"t":"j","w":1057,"h":1500},{"t":"j","w":1057,"h":1500},{"t":"j","w":1057,"h":1500},{"t":"j","w":1057,"h":1500},{"t":"j","w":1057,"h":1500},{"t":"j","w":1057,"h":1500},{"t":"j","w":1057,"h":1500},{"t":"j","w":1057,"h":1500},{"t":"j","w":1057,"h":1500},{"t":"j","w":1057,"h":1500},{"t":"j","w":1057,"h":1500},{"t":"j","w":1057,"h":1500},{"t":"j","w":1057,"h":1500},{"t":"j","w":1057,"h":1500},{"t":"j","w":1057,"h":1500},{"t":"j","w":1057,"h":1500}],"cover":{"t":"j","w":350,"h":497},"thumbnail":{"t":"j","w":250,"h":355}},"scanlator":"","upload_date":1403964941,"tags":[{"id":779,"type":"tag","name":"futanari","url":"/tag/futanari/","count":23173},{"id":2937,"type":"tag","name":"big breasts","url":"/tag/big-breasts/","count":103273},{"id":7307,"type":"group","name":"giroutei","url":"/group/giroutei/","count":22},{"id":7384,"type":"artist","name":"shijima yukio","url":"/artist/shijima-yukio/","count":124},{"id":11920,"type":"character","name":"sakura haruno","url":"/character/sakura-haruno/","count":479},{"id":13159,"type":"parody","name":"naruto","url":"/parody/naruto/","count":1267},{"id":14499,"type":"character","name":"tsunade","url":"/character/tsunade/","count":354},{"id":19954,"type":"tag","name":"yuri","url":"/tag/yuri/","count":20241},{"id":22851,"type":"character","name":"shizune","url":"/character/shizune/","count":88},{"id":23632,"type":"tag","name":"big areolae","url":"/tag/big-areolae/","count":3515},{"id":24102,"type":"tag","name":"lactation","url":"/tag/lactation/","count":11870},{"id":25614,"type":"tag","name":"paizuri","url":"/tag/paizuri/","count":22785},{"id":29631,"type":"tag","name":"inverted nipples","url":"/tag/inverted-nipples/","count":2996},{"id":30645,"type":"tag","name":"dick growth","url":"/tag/dick-growth/","count":3261},{"id":6346,"type":"language","name":"japanese","url":"/language/japanese/","count":191613},{"id":33172,"type":"category","name":"doujinshi","url":"/category/doujinshi/","count":228729},{"id":35970,"type":"tag","name":"dickgirl on dickgirl","url":"/tag/dickgirl-on-dickgirl/","count":2940}],"num_pages":38,"num_favorites":226}