{"id":202,"media_id":"257","title":{"english":"(C69) [Giroutei (Shijima Yukio)] Giroutei \"Ru\" no Kan (Naruto)","japanese":"(C69) [\u5993\u697c\u4ead (\u56db\u5cf6\u7531\u7d00\u592b)] \u5993\u697c\u4ead\u300e\u308b\u300f (\u30ca\u30eb\u30c8)","pretty":"Giroutei \"Ru\" no Kan"},"images":{"pages":[{"t":"j","w":1054,"h":1500},{"t":"j","w":1054,"h":1500},{"t":"j","w":1054,"h":1500},{"t":"j","w":1054,"h":1500},{"t":"j","w":1054,"h":1500},{"t":"j","w":1054,"h":1500},{"t":"j","w":1054,"h":1500},{"t":"j","w":1054,"h":1500},{"t":"j","w":1054,"h":1500},{"t":"j","w":1054,"h":1500},{"t":"j","w":1054,"h":1500},{"t":"j","w":1054,"h":1500},{"t":"j","w":1054,"h":1500},{"t":"j","w":1054,"h":1500},{"t":"j","w":1054,"h":1500},{"t":"j","w":1054,"h":1500},{"t":"j","w":1054,"h":1500},{"t":"j","w":1054,"h":1500},{"t":"j","w":1054,"h":1500},{"t":"j","w":1054,"h":1500},{"t":"j","w":1054,"h":1500},{"t":"j","w":1054,"h":1500},{"t":"j","w":1054,"h":1500},{"t":"j","w":1054,"h":1500},{"t":"j","w":1054,"h":1500},{"t":"j","w":1054,"h":1500},{"t":"j","w":1054,"h":1500},{"t":"j","w":1054,"h":1500},{"t":"j","w":1054,"h":1500},{"t":"j","w":1054,"h":1500}],"cover":{"t":"j","w":350,"h":498},"thumbnail":{"t":"j","w":250,"h":356}},"scanlator":"","upload_date":1403964942,"tags":[{"id":779,"type":"tag","name":"futanari","url":"/tag/futanari/","count":23173},{"id":2937,"type":"tag","name":"big breasts","url":"/tag/big-breasts/","count":103273},{"id":7307,"type":"group","name":"giroutei","url":"/group/giroutei/","count":22},{"id":7384,"type":"artist","name":"shijima yukio","url":"/artist/shijima-yukio/","count":124},{"id":8010,"type":"tag","name":"group","url":"/tag/group/","count":72150},{"id":11920,"type":"character","name":"sakura haruno","url":"/character/sakura-haruno/","count":479},{"id":13159,"type":"parody","name":"naruto","url":"/parody/naruto/","count":1267},{"id":14283,"type":"tag","name":"anal","url":"/tag/anal/","count":64587},{"id":14499,"type":"character","name":"tsunade","url":"/character/tsunade/","count":354},{"id":14801,"type":"character","name":"temari","url":"/character/temari/","count":86},{"id":19440,"type":"tag","name":"lolicon","url":"/tag/lolicon/","count":69490},{"id":19954,"type":"tag","name":"yuri","url":"/tag/yuri/","count":20241},{"id":24102,"type":"tag","name":"lactation","url":"/tag/lactation/","count":11870},{"id":6346,"type":"language","name":"japanese","url":"/language/japanese/","count":191613},{"id":33172,"type":"category","name":"doujinshi","url":"/category/doujinshi/","count":228729},{"id":23632,"type":"tag","name":"big areolae","url":"/tag/big-areolae/","count":3515}],"num_pages":30,"num_favorites":85}