{"id":203,"media_id":"260","title":{"english":"(CR35) [MGW (Isou Doubaku)] Q.N.T (Naruto)","japanese":"(\u30b5\u30f3\u30af\u30ea35) [MGW (\u4f4d\u76f8\u540c\u7206)] Q.N.T (NARUTO -\u30ca\u30eb\u30c8-)","pretty":"Q.N.T"},"images":{"pages":[{"t":"j","w":624,"h":887},{"t":"j","w":624,"h":887},{"t":"j","w":624,"h":887},{"t":"j","w":624,"h":887},{"t":"j","w":624,"h":887},{"t":"j","w":624,"h":887},{"t":"j","w":624,"h":887},{"t":"j","w":624,"h":887},{"t":"j","w":624,"h":887},{"t":"j","w":624,"h":887},{"t":"j","w":624,"h":887},{"t":"j","w":624,"h":887},{"t":"j","w":624,"h":887},{"t":"j","w":624,"h":887},{"t":"j","w":624,"h":887},{"t":"j","w":624,"h":887},{"t":"j","w":624,"h":887},{"t":"j","w":624,"h":887},{"t":"j","w":624,"h":887},{"t":"j","w":624,"h":887},{"t":"j","w":624,"h":887},{"t":"j","w":624,"h":887},{"t":"j","w":624,"h":887},{"t":"j","w":624,"h":887},{"t":"j","w":624,"h":887},{"t":"j","w":624,"h":887},{"t":"j","w":624,"h":887},{"t":"j","w":624,"h":887},{"t":"j","w":624,"h":887},{"t":"j","w":624,"h":887},{"t":"j","w":624,"h":887},{"t":"j","w":624,"h":887},{"t":"j","w":624,"h":887},{"t":"j","w":624,"h":887}],"cover":{"t":"j","w":350,"h":498},"thumbnail":{"t":"j","w":250,"h":355}},"scanlator":"","upload_date":1403964943,"tags":[{"id":3304,"type":"character","name":"kurenai yuhi","url":"/character/kurenai-yuhi/","count":34},{"id":5768,"type":"character","name":"anko mitarashi","url":"/character/anko-mitarashi/","count":93},{"id":13159,"type":"parody","name":"naruto","url":"/parody/naruto/","count":1288},{"id":14499,"type":"character","name":"tsunade","url":"/character/tsunade/","count":355},{"id":14801,"type":"character","name":"temari","url":"/character/temari/","count":87},{"id":18229,"type":"group","name":"mgw","url":"/group/mgw/","count":85},{"id":26787,"type":"artist","name":"isou doubaku","url":"/artist/isou-doubaku/","count":101},{"id":6346,"type":"language","name":"japanese","url":"/language/japanese/","count":191613},{"id":33172,"type":"category","name":"doujinshi","url":"/category/doujinshi/","count":228729},{"id":1207,"type":"tag","name":"milf","url":"/tag/milf/","count":22588},{"id":11941,"type":"tag","name":"replaced","url":"/tag/replaced/","count":3725},{"id":22945,"type":"tag","name":"double penetration","url":"/tag/double-penetration/","count":24472},{"id":8010,"type":"tag","name":"group","url":"/tag/group/","count":72150}],"num_pages":34,"num_favorites":63}