{"id":204,"media_id":"258","title":{"english":"(C71) [Giroutei (Shijima Yukio)] Giroutei \"Wo\" Kan (Naruto)","japanese":"(C71) [\u5993\u697c\u4ead (\u56db\u5cf6\u7531\u7d00\u592b)] \u5993\u697c\u4ead\u300e\u3092\u300f\u5dfb (\u30ca\u30eb\u30c8)","pretty":"Giroutei \"Wo\" Kan"},"images":{"pages":[{"t":"j","w":1054,"h":1500},{"t":"j","w":1060,"h":1500},{"t":"j","w":1060,"h":1500},{"t":"j","w":1060,"h":1500},{"t":"j","w":1060,"h":1500},{"t":"j","w":1060,"h":1500},{"t":"j","w":1060,"h":1500},{"t":"j","w":1060,"h":1500},{"t":"j","w":1060,"h":1500},{"t":"j","w":1060,"h":1500},{"t":"j","w":1060,"h":1500},{"t":"j","w":1060,"h":1500},{"t":"j","w":1060,"h":1500},{"t":"j","w":1060,"h":1500},{"t":"j","w":1060,"h":1500},{"t":"j","w":1060,"h":1500},{"t":"j","w":1060,"h":1500},{"t":"j","w":1060,"h":1500},{"t":"j","w":1060,"h":1500},{"t":"j","w":1060,"h":1500},{"t":"j","w":1060,"h":1500},{"t":"j","w":1060,"h":1500},{"t":"j","w":1060,"h":1500},{"t":"j","w":1060,"h":1500},{"t":"j","w":1060,"h":1500},{"t":"j","w":1054,"h":1500}],"cover":{"t":"j","w":350,"h":498},"thumbnail":{"t":"j","w":250,"h":356}},"scanlator":"","upload_date":1403964944,"tags":[{"id":779,"type":"tag","name":"futanari","url":"/tag/futanari/","count":23173},{"id":2937,"type":"tag","name":"big breasts","url":"/tag/big-breasts/","count":103273},{"id":7307,"type":"group","name":"giroutei","url":"/group/giroutei/","count":22},{"id":7384,"type":"artist","name":"shijima yukio","url":"/artist/shijima-yukio/","count":124},{"id":7706,"type":"character","name":"ino yamanaka","url":"/character/ino-yamanaka/","count":94},{"id":11920,"type":"character","name":"sakura haruno","url":"/character/sakura-haruno/","count":479},{"id":13159,"type":"parody","name":"naruto","url":"/parody/naruto/","count":1267},{"id":23632,"type":"tag","name":"big areolae","url":"/tag/big-areolae/","count":3515},{"id":24102,"type":"tag","name":"lactation","url":"/tag/lactation/","count":11870},{"id":25439,"type":"character","name":"hinata hyuga","url":"/character/hinata-hyuga/","count":436},{"id":6346,"type":"language","name":"japanese","url":"/language/japanese/","count":191613},{"id":33172,"type":"category","name":"doujinshi","url":"/category/doujinshi/","count":228729},{"id":35970,"type":"tag","name":"dickgirl on dickgirl","url":"/tag/dickgirl-on-dickgirl/","count":2940},{"id":14971,"type":"tag","name":"sex toys","url":"/tag/sex-toys/","count":20823}],"num_pages":26,"num_favorites":110}