{"id":205,"media_id":"261","title":{"english":"(C66) [MGW (Isou Doubaku)] Q.N.T.2 - Queen Ninja Tsunade 2 (Naruto)","japanese":"(C66) [MGW (\u4f4d\u76f8\u540c\u7206)] Q.N.T.2 (NARUTO -\u30ca\u30eb\u30c8-)","pretty":"Q.N.T.2 - Queen Ninja Tsunade 2"},"images":{"pages":[{"t":"j","w":988,"h":1400},{"t":"j","w":988,"h":1400},{"t":"j","w":976,"h":1400},{"t":"j","w":976,"h":1400},{"t":"j","w":976,"h":1400},{"t":"j","w":976,"h":1400},{"t":"j","w":976,"h":1400},{"t":"j","w":976,"h":1400},{"t":"j","w":976,"h":1400},{"t":"j","w":976,"h":1400},{"t":"j","w":976,"h":1400},{"t":"j","w":976,"h":1400},{"t":"j","w":976,"h":1400},{"t":"j","w":976,"h":1400},{"t":"j","w":976,"h":1400},{"t":"j","w":976,"h":1400},{"t":"j","w":976,"h":1400},{"t":"j","w":976,"h":1400},{"t":"j","w":976,"h":1400},{"t":"j","w":976,"h":1400},{"t":"j","w":976,"h":1400},{"t":"j","w":976,"h":1400},{"t":"j","w":976,"h":1400},{"t":"j","w":976,"h":1400},{"t":"j","w":976,"h":1400},{"t":"j","w":976,"h":1400},{"t":"j","w":976,"h":1400},{"t":"j","w":976,"h":1400},{"t":"j","w":976,"h":1400},{"t":"j","w":976,"h":1400},{"t":"j","w":976,"h":1400},{"t":"j","w":976,"h":1400},{"t":"j","w":976,"h":1400},{"t":"j","w":976,"h":1400}],"cover":{"t":"j","w":350,"h":496},"thumbnail":{"t":"j","w":250,"h":354}},"scanlator":"","upload_date":1403964945,"tags":[{"id":2937,"type":"tag","name":"big breasts","url":"/tag/big-breasts/","count":103273},{"id":8010,"type":"tag","name":"group","url":"/tag/group/","count":72150},{"id":12523,"type":"tag","name":"bestiality","url":"/tag/bestiality/","count":3768},{"id":13159,"type":"parody","name":"naruto","url":"/parody/naruto/","count":1288},{"id":14499,"type":"character","name":"tsunade","url":"/character/tsunade/","count":355},{"id":14801,"type":"character","name":"temari","url":"/character/temari/","count":87},{"id":18229,"type":"group","name":"mgw","url":"/group/mgw/","count":85},{"id":18692,"type":"tag","name":"slug","url":"/tag/slug/","count":71},{"id":22945,"type":"tag","name":"double penetration","url":"/tag/double-penetration/","count":24472},{"id":25614,"type":"tag","name":"paizuri","url":"/tag/paizuri/","count":22785},{"id":26787,"type":"artist","name":"isou doubaku","url":"/artist/isou-doubaku/","count":101},{"id":31775,"type":"tag","name":"tentacles","url":"/tag/tentacles/","count":13276},{"id":6346,"type":"language","name":"japanese","url":"/language/japanese/","count":191613},{"id":33172,"type":"category","name":"doujinshi","url":"/category/doujinshi/","count":228729},{"id":779,"type":"tag","name":"futanari","url":"/tag/futanari/","count":23173}],"num_pages":34,"num_favorites":91}