{"id":206,"media_id":"262","title":{"english":"(C60) [Bokutou Kidan, Denchuu Rui, Makotonet (Various)] Guru Guru Inhoujou (Naruto)","japanese":"(C60) [\u58a8\u6771\u7dba\u8b5a, \u7530\u4e2d\u985e, MAKOTONET (\u3088\u308d\u305a)] \u3050\u308b\u30b0\u30eb\u6deb\u6cd5\u5e16 (NARUTO -\u30ca\u30eb\u30c8-)","pretty":"Guru Guru Inhoujou"},"images":{"pages":[{"t":"j","w":724,"h":1065},{"t":"j","w":724,"h":1065},{"t":"j","w":724,"h":1065},{"t":"j","w":724,"h":1065},{"t":"j","w":724,"h":1065},{"t":"j","w":724,"h":1065},{"t":"j","w":724,"h":1065},{"t":"j","w":724,"h":1065},{"t":"j","w":724,"h":1065},{"t":"j","w":724,"h":1065},{"t":"j","w":724,"h":1065},{"t":"j","w":724,"h":1065},{"t":"j","w":724,"h":1065},{"t":"j","w":724,"h":1065},{"t":"j","w":724,"h":1065},{"t":"j","w":724,"h":1065},{"t":"j","w":724,"h":1065},{"t":"j","w":724,"h":1065},{"t":"j","w":724,"h":1065},{"t":"j","w":724,"h":1065},{"t":"j","w":724,"h":1065},{"t":"j","w":724,"h":1065},{"t":"j","w":724,"h":1065},{"t":"j","w":724,"h":1065},{"t":"j","w":724,"h":1065},{"t":"j","w":724,"h":1065},{"t":"j","w":724,"h":1065},{"t":"j","w":724,"h":1065},{"t":"j","w":724,"h":1065},{"t":"j","w":724,"h":1065},{"t":"j","w":724,"h":1065},{"t":"j","w":724,"h":1065},{"t":"j","w":724,"h":1065},{"t":"j","w":724,"h":1065},{"t":"j","w":724,"h":1065},{"t":"j","w":724,"h":1065},{"t":"j","w":724,"h":1065},{"t":"j","w":724,"h":1065},{"t":"j","w":724,"h":1065},{"t":"j","w":724,"h":1065},{"t":"j","w":724,"h":1065},{"t":"j","w":724,"h":1065},{"t":"j","w":724,"h":1065},{"t":"j","w":724,"h":1065},{"t":"j","w":724,"h":1065},{"t":"j","w":724,"h":1065},{"t":"j","w":724,"h":1065},{"t":"j","w":724,"h":1065},{"t":"j","w":724,"h":1065},{"t":"j","w":724,"h":1065},{"t":"j","w":724,"h":1065},{"t":"j","w":724,"h":1065},{"t":"j","w":724,"h":1065},{"t":"j","w":724,"h":1065},{"t":"j","w":724,"h":1065},{"t":"j","w":724,"h":1065},{"t":"j","w":724,"h":1065},{"t":"j","w":724,"h":1065},{"t":"j","w":724,"h":1065},{"t":"j","w":724,"h":1065},{"t":"j","w":724,"h":1065},{"t":"j","w":724,"h":1065},{"t":"j","w":724,"h":1065},{"t":"j","w":724,"h":1065},{"t":"j","w":724,"h":1065},{"t":"j","w":724,"h":1065},{"t":"j","w":724,"h":1065},{"t":"j","w":724,"h":1065},{"t":"j","w":724,"h":1065},{"t":"j","w":724,"h":1065},{"t":"j","w":724,"h":1065},{"t":"j","w":724,"h":1065},{"t":"j","w":724,"h":1065},{"t":"j","w":724,"h":1065},{"t":"j","w":724,"h":1065},{"t":"j","w":724,"h":1065},{"t":"j","w":724,"h":1065},{"t":"j","w":724,"h":1065}],"cover":{"t":"j","w":350,"h":515},"thumbnail":{"t":"j","w":250,"h":368}},"scanlator":"","upload_date":1403964946,"tags":[{"id":779,"type":"tag","name":"futanari","url":"/tag/futanari/","count":23173},{"id":5768,"type":"character","name":"anko mitarashi","url":"/character/anko-mitarashi/","count":93},{"id":6525,"type":"tag","name":"nurse","url":"/tag/nurse/","count":3653},{"id":6779,"type":"artist","name":"tsunekawa inumaru","url":"/artist/tsunekawa-inumaru/","count":3},{"id":8010,"type":"tag","name":"group","url":"/tag/group/","count":72150},{"id":8280,"type":"group","name":"denchuu rui","url":"/group/denchuu-rui/","count":4},{"id":13159,"type":"parody","name":"naruto","url":"/parody/naruto/","count":1267},{"id":14801,"type":"character","name":"temari","url":"/character/temari/","count":87},{"id":14971,"type":"tag","name":"sex toys","url":"/tag/sex-toys/","count":20823},{"id":15658,"type":"tag","name":"bondage","url":"/tag/bondage/","count":34540},{"id":16687,"type":"group","name":"bokutou kidan","url":"/group/bokutou-kidan/","count":3},{"id":17870,"type":"artist","name":"hiraki naoru","url":"/artist/hiraki-naoru/","count":10},{"id":19440,"type":"tag","name":"lolicon","url":"/tag/lolicon/","count":69490},{"id":22942,"type":"tag","name":"incest","url":"/tag/incest/","count":28107},{"id":25439,"type":"character","name":"hinata hyuga","url":"/character/hinata-hyuga/","count":441},{"id":26953,"type":"tag","name":"bukkake","url":"/tag/bukkake/","count":4717},{"id":28108,"type":"artist","name":"mak","url":"/artist/mak/","count":6},{"id":29399,"type":"tag","name":"daughter","url":"/tag/daughter/","count":2866},{"id":31353,"type":"artist","name":"tamanoi iroha","url":"/artist/tamanoi-iroha/","count":6},{"id":31386,"type":"tag","name":"catgirl","url":"/tag/catgirl/","count":8286},{"id":32011,"type":"group","name":"makotonet","url":"/group/makotonet/","count":4},{"id":6346,"type":"language","name":"japanese","url":"/language/japanese/","count":191613},{"id":33172,"type":"category","name":"doujinshi","url":"/category/doujinshi/","count":228729},{"id":33011,"type":"character","name":"kin tsuchi","url":"/character/kin-tsuchi/","count":6}],"num_pages":78,"num_favorites":107}