{"id":207,"media_id":"264","title":{"english":"(C61) [Bokutou Kidan, Denchuu Rui, Makotonet (Various)] NINJA HIGH SCHOOL (Naruto)","japanese":"(C61) [\u58a8\u6771\u7dba\u8b5a, \u7530\u4e2d\u985e, MAKOTONET (\u3088\u308d\u305a)] NINJA HIGH SCHOOL (NARUTO -\u30ca\u30eb\u30c8-)","pretty":"NINJA HIGH SCHOOL"},"images":{"pages":[{"t":"j","w":724,"h":1052},{"t":"j","w":724,"h":1052},{"t":"j","w":724,"h":1052},{"t":"j","w":724,"h":1052},{"t":"j","w":724,"h":1052},{"t":"j","w":724,"h":1052},{"t":"j","w":724,"h":1052},{"t":"j","w":724,"h":1052},{"t":"j","w":724,"h":1052},{"t":"j","w":724,"h":1052},{"t":"j","w":724,"h":1052},{"t":"j","w":724,"h":1052},{"t":"j","w":724,"h":1052},{"t":"j","w":724,"h":1052},{"t":"j","w":724,"h":1052},{"t":"j","w":724,"h":1052},{"t":"j","w":724,"h":1052},{"t":"j","w":724,"h":1052},{"t":"j","w":724,"h":1052},{"t":"j","w":724,"h":1052},{"t":"j","w":724,"h":1052},{"t":"j","w":724,"h":1052},{"t":"j","w":724,"h":1052},{"t":"j","w":724,"h":1052},{"t":"j","w":724,"h":1052},{"t":"j","w":724,"h":1052},{"t":"j","w":724,"h":1052},{"t":"j","w":724,"h":1052},{"t":"j","w":724,"h":1052},{"t":"j","w":724,"h":1052},{"t":"j","w":724,"h":1052},{"t":"j","w":724,"h":1052},{"t":"j","w":724,"h":1052},{"t":"j","w":724,"h":1052},{"t":"j","w":724,"h":1052},{"t":"j","w":724,"h":1052},{"t":"j","w":724,"h":1052},{"t":"j","w":724,"h":1052},{"t":"j","w":724,"h":1052},{"t":"j","w":724,"h":1052},{"t":"j","w":724,"h":1052},{"t":"j","w":724,"h":1052},{"t":"j","w":724,"h":1052},{"t":"j","w":724,"h":1052},{"t":"j","w":724,"h":1052},{"t":"j","w":724,"h":1052},{"t":"j","w":724,"h":1052},{"t":"j","w":724,"h":1052},{"t":"j","w":724,"h":1052},{"t":"j","w":724,"h":1052},{"t":"j","w":724,"h":1052},{"t":"j","w":724,"h":1052},{"t":"j","w":724,"h":1052},{"t":"j","w":724,"h":1052},{"t":"j","w":724,"h":1052},{"t":"j","w":724,"h":1052},{"t":"j","w":724,"h":1052},{"t":"j","w":724,"h":1052},{"t":"j","w":724,"h":1052},{"t":"j","w":724,"h":1052},{"t":"j","w":724,"h":1052},{"t":"j","w":724,"h":1052},{"t":"j","w":724,"h":1052},{"t":"j","w":724,"h":1052}],"cover":{"t":"j","w":350,"h":509},"thumbnail":{"t":"j","w":250,"h":363}},"scanlator":"","upload_date":1403964948,"tags":[{"id":2937,"type":"tag","name":"big breasts","url":"/tag/big-breasts/","count":103273},{"id":5768,"type":"character","name":"anko mitarashi","url":"/character/anko-mitarashi/","count":93},{"id":8010,"type":"tag","name":"group","url":"/tag/group/","count":72150},{"id":8280,"type":"group","name":"denchuu rui","url":"/group/denchuu-rui/","count":4},{"id":13159,"type":"parody","name":"naruto","url":"/parody/naruto/","count":1267},{"id":15658,"type":"tag","name":"bondage","url":"/tag/bondage/","count":34540},{"id":16687,"type":"group","name":"bokutou kidan","url":"/group/bokutou-kidan/","count":3},{"id":19440,"type":"tag","name":"lolicon","url":"/tag/lolicon/","count":69490},{"id":19954,"type":"tag","name":"yuri","url":"/tag/yuri/","count":20241},{"id":25439,"type":"character","name":"hinata hyuga","url":"/character/hinata-hyuga/","count":436},{"id":27553,"type":"tag","name":"rape","url":"/tag/rape/","count":34191},{"id":28108,"type":"artist","name":"mak","url":"/artist/mak/","count":6},{"id":30035,"type":"tag","name":"gender bender","url":"/tag/gender-bender/","count":7497},{"id":31353,"type":"artist","name":"tamanoi iroha","url":"/artist/tamanoi-iroha/","count":6},{"id":32011,"type":"group","name":"makotonet","url":"/group/makotonet/","count":4},{"id":6346,"type":"language","name":"japanese","url":"/language/japanese/","count":191613},{"id":33172,"type":"category","name":"doujinshi","url":"/category/doujinshi/","count":228729},{"id":16760,"type":"character","name":"tenten","url":"/character/tenten/","count":25},{"id":33011,"type":"character","name":"kin tsuchi","url":"/character/kin-tsuchi/","count":6}],"num_pages":64,"num_favorites":68}