{"id":208,"media_id":"269","title":{"english":"(SC28) [PETS (rin, kuro, may)] +3 (Naruto)","japanese":"(\u30b5\u30f3\u30af\u30ea28) [PETS (\u30ea\u30f3\u3001\u30af\u30ed\u3001\u30e1\u30a4)] +3 (\u30ca\u30eb\u30c8)","pretty":"+3"},"images":{"pages":[{"t":"j","w":639,"h":900},{"t":"j","w":639,"h":900},{"t":"j","w":638,"h":900},{"t":"j","w":638,"h":900},{"t":"j","w":638,"h":900},{"t":"j","w":638,"h":900},{"t":"j","w":638,"h":900},{"t":"j","w":638,"h":900},{"t":"j","w":638,"h":900},{"t":"j","w":638,"h":900},{"t":"j","w":638,"h":900},{"t":"j","w":638,"h":900},{"t":"j","w":638,"h":900},{"t":"j","w":638,"h":900},{"t":"j","w":638,"h":900},{"t":"j","w":638,"h":900},{"t":"j","w":638,"h":900},{"t":"j","w":638,"h":900},{"t":"j","w":638,"h":900},{"t":"j","w":638,"h":900},{"t":"j","w":638,"h":900},{"t":"j","w":638,"h":900},{"t":"j","w":638,"h":900},{"t":"j","w":638,"h":900},{"t":"j","w":638,"h":900},{"t":"j","w":638,"h":900},{"t":"j","w":638,"h":900},{"t":"j","w":638,"h":900},{"t":"j","w":638,"h":900},{"t":"j","w":638,"h":900},{"t":"j","w":638,"h":900},{"t":"j","w":638,"h":900},{"t":"j","w":638,"h":900},{"t":"j","w":638,"h":900},{"t":"j","w":638,"h":900},{"t":"j","w":638,"h":900},{"t":"j","w":638,"h":900},{"t":"j","w":638,"h":900},{"t":"j","w":638,"h":900},{"t":"j","w":638,"h":900},{"t":"j","w":638,"h":900},{"t":"j","w":638,"h":900}],"cover":{"t":"j","w":350,"h":493},"thumbnail":{"t":"j","w":250,"h":352}},"scanlator":"","upload_date":1403964950,"tags":[{"id":419,"type":"group","name":"pets","url":"/group/pets/","count":8},{"id":3181,"type":"artist","name":"rin","url":"/artist/rin/","count":32},{"id":6430,"type":"character","name":"shikamaru nara","url":"/character/shikamaru-nara/","count":33},{"id":7706,"type":"character","name":"ino yamanaka","url":"/character/ino-yamanaka/","count":94},{"id":9003,"type":"artist","name":"kuro","url":"/artist/kuro/","count":211},{"id":11920,"type":"character","name":"sakura haruno","url":"/character/sakura-haruno/","count":479},{"id":13159,"type":"parody","name":"naruto","url":"/parody/naruto/","count":1267},{"id":14499,"type":"character","name":"tsunade","url":"/character/tsunade/","count":354},{"id":14801,"type":"character","name":"temari","url":"/character/temari/","count":86},{"id":22851,"type":"character","name":"shizune","url":"/character/shizune/","count":88},{"id":25439,"type":"character","name":"hinata hyuga","url":"/character/hinata-hyuga/","count":436},{"id":28414,"type":"artist","name":"may","url":"/artist/may/","count":9},{"id":6346,"type":"language","name":"japanese","url":"/language/japanese/","count":191613},{"id":33172,"type":"category","name":"doujinshi","url":"/category/doujinshi/","count":228729},{"id":370,"type":"tag","name":"business suit","url":"/tag/business-suit/","count":3176},{"id":13720,"type":"tag","name":"nakadashi","url":"/tag/nakadashi/","count":42357}],"num_pages":42,"num_favorites":114}