{"id":209,"media_id":"270","title":{"english":"[Mayoineko (Nakagami Takashi)] Momoiro Jump! (Naruto, Shaman King)","japanese":"[\u8ff7\u3044\u732b (\u4e2d\u4e0a\u9686)] \u6e80\u54e1\u5fa1\u793c\uff01\u6843\u8272\u3058\u3083\u3093\u3077 (NARUTO-\u30ca\u30eb\u30c8-, \u30b7\u30e3\u30fc\u30de\u30f3\u30ad\u30f3\u30b0)","pretty":"Momoiro Jump!"},"images":{"pages":[{"t":"j","w":775,"h":1094},{"t":"j","w":780,"h":1097},{"t":"j","w":780,"h":1097},{"t":"j","w":780,"h":1097},{"t":"j","w":780,"h":1097},{"t":"j","w":780,"h":1097},{"t":"j","w":780,"h":1097},{"t":"j","w":780,"h":1097},{"t":"j","w":780,"h":1097},{"t":"j","w":780,"h":1097},{"t":"j","w":780,"h":1097},{"t":"j","w":780,"h":1097},{"t":"j","w":780,"h":1097},{"t":"j","w":780,"h":1097},{"t":"j","w":780,"h":1097},{"t":"j","w":780,"h":1097},{"t":"j","w":780,"h":1097},{"t":"j","w":780,"h":1097},{"t":"j","w":780,"h":1097},{"t":"j","w":780,"h":1097},{"t":"j","w":780,"h":1097},{"t":"j","w":780,"h":1097},{"t":"j","w":780,"h":1097},{"t":"j","w":780,"h":1097},{"t":"j","w":780,"h":1097},{"t":"j","w":780,"h":1097},{"t":"j","w":780,"h":1097},{"t":"j","w":780,"h":1097},{"t":"j","w":780,"h":1097},{"t":"j","w":780,"h":1097},{"t":"j","w":780,"h":1097},{"t":"j","w":780,"h":1097},{"t":"j","w":780,"h":1097},{"t":"j","w":780,"h":1097},{"t":"j","w":780,"h":1097},{"t":"j","w":780,"h":1097},{"t":"j","w":780,"h":1097},{"t":"j","w":780,"h":1097},{"t":"j","w":780,"h":1097},{"t":"j","w":780,"h":1097},{"t":"j","w":780,"h":1097},{"t":"j","w":780,"h":1097},{"t":"j","w":780,"h":1097},{"t":"j","w":780,"h":1097},{"t":"j","w":780,"h":1097},{"t":"j","w":780,"h":1097},{"t":"j","w":780,"h":1097},{"t":"j","w":780,"h":1097},{"t":"j","w":780,"h":1097},{"t":"j","w":780,"h":1097},{"t":"j","w":780,"h":1097},{"t":"j","w":780,"h":1097},{"t":"j","w":780,"h":1097},{"t":"j","w":780,"h":1097},{"t":"j","w":780,"h":1097},{"t":"j","w":780,"h":1097},{"t":"j","w":780,"h":1097},{"t":"j","w":780,"h":1097},{"t":"j","w":780,"h":1097},{"t":"j","w":780,"h":1097},{"t":"j","w":780,"h":1097},{"t":"j","w":780,"h":1097},{"t":"j","w":780,"h":1097},{"t":"j","w":780,"h":1097},{"t":"j","w":780,"h":1097},{"t":"j","w":780,"h":1097},{"t":"j","w":780,"h":1097},{"t":"j","w":780,"h":1097},{"t":"j","w":780,"h":1097},{"t":"j","w":780,"h":1097},{"t":"j","w":780,"h":1097},{"t":"j","w":780,"h":1097},{"t":"j","w":780,"h":1097},{"t":"j","w":780,"h":1097},{"t":"j","w":780,"h":1097},{"t":"j","w":780,"h":1097},{"t":"j","w":780,"h":1097},{"t":"j","w":780,"h":1097},{"t":"j","w":780,"h":1097},{"t":"j","w":780,"h":1097},{"t":"j","w":780,"h":1097},{"t":"j","w":780,"h":1097},{"t":"j","w":780,"h":1089}],"cover":{"t":"j","w":350,"h":494},"thumbnail":{"t":"j","w":250,"h":353}},"scanlator":"","upload_date":1403964951,"tags":[{"id":2937,"type":"tag","name":"big breasts","url":"/tag/big-breasts/","count":103273},{"id":4435,"type":"tag","name":"gag","url":"/tag/gag/","count":7148},{"id":6753,"type":"group","name":"mayoineko","url":"/group/mayoineko/","count":83},{"id":8010,"type":"tag","name":"group","url":"/tag/group/","count":72150},{"id":8378,"type":"tag","name":"glasses","url":"/tag/glasses/","count":48279},{"id":8558,"type":"parody","name":"rising impact","url":"/parody/rising-impact/","count":6},{"id":9374,"type":"parody","name":"shaman king","url":"/parody/shaman-king/","count":70},{"id":13159,"type":"parody","name":"naruto","url":"/parody/naruto/","count":1267},{"id":15658,"type":"tag","name":"bondage","url":"/tag/bondage/","count":34540},{"id":19440,"type":"tag","name":"lolicon","url":"/tag/lolicon/","count":69490},{"id":20733,"type":"parody","name":"hunter x hunter","url":"/parody/hunter-x-hunter/","count":169},{"id":25439,"type":"character","name":"hinata hyuga","url":"/character/hinata-hyuga/","count":436},{"id":26322,"type":"character","name":"pilika","url":"/character/pilika/","count":1},{"id":26920,"type":"artist","name":"nakagami takashi","url":"/artist/nakagami-takashi/","count":57},{"id":26953,"type":"tag","name":"bukkake","url":"/tag/bukkake/","count":4717},{"id":27553,"type":"tag","name":"rape","url":"/tag/rape/","count":34191},{"id":32341,"type":"tag","name":"shotacon","url":"/tag/shotacon/","count":39737},{"id":6346,"type":"language","name":"japanese","url":"/language/japanese/","count":191613},{"id":33172,"type":"category","name":"doujinshi","url":"/category/doujinshi/","count":228729},{"id":29859,"type":"tag","name":"blowjob","url":"/tag/blowjob/","count":37321},{"id":20525,"type":"tag","name":"defloration","url":"/tag/defloration/","count":23209}],"num_pages":83,"num_favorites":123}