{"id":210,"media_id":"271","title":{"english":"(C64) [Evil Aratame Baroque Store (Miyabi Tsuzuru)] Adesugata Shiro Buta Hime (NARUTO)","japanese":"(C64) [EVIL \u6539\u3081BAROQUE STORE (\u307f\u3084\u3073\u3064\u3065\u308b)] \u8276\u59ff\u767d\u8c5a\u59eb (\u30ca\u30eb\u30c8)","pretty":"Adesugata Shiro Buta Hime"},"images":{"pages":[{"t":"j","w":1048,"h":1522},{"t":"j","w":1048,"h":1522},{"t":"j","w":1048,"h":1522},{"t":"j","w":1048,"h":1522},{"t":"j","w":1048,"h":1522},{"t":"j","w":1048,"h":1522},{"t":"j","w":1048,"h":1522},{"t":"j","w":1048,"h":1522},{"t":"j","w":1048,"h":1522},{"t":"j","w":1048,"h":1522},{"t":"j","w":1048,"h":1522},{"t":"j","w":1048,"h":1522},{"t":"j","w":1048,"h":1522},{"t":"j","w":1048,"h":1522},{"t":"j","w":1048,"h":1522},{"t":"j","w":1048,"h":1522},{"t":"j","w":1048,"h":1522},{"t":"j","w":1048,"h":1522},{"t":"j","w":1048,"h":1522},{"t":"j","w":1048,"h":1522},{"t":"j","w":1048,"h":1522},{"t":"j","w":1048,"h":1522},{"t":"j","w":1048,"h":1522},{"t":"j","w":1048,"h":1522},{"t":"j","w":1048,"h":1522},{"t":"j","w":1048,"h":1522},{"t":"j","w":1048,"h":1522},{"t":"j","w":1048,"h":1522},{"t":"j","w":1048,"h":1522},{"t":"j","w":1048,"h":1522},{"t":"j","w":1048,"h":1522},{"t":"j","w":1048,"h":1522},{"t":"j","w":1048,"h":1522},{"t":"j","w":1048,"h":1522},{"t":"j","w":1048,"h":1522},{"t":"j","w":1048,"h":1522},{"t":"j","w":1048,"h":1522},{"t":"j","w":1048,"h":1522},{"t":"j","w":1048,"h":1522},{"t":"j","w":1048,"h":1522},{"t":"j","w":1048,"h":1522},{"t":"j","w":1048,"h":1522},{"t":"j","w":1048,"h":1522},{"t":"j","w":1048,"h":1522},{"t":"j","w":1048,"h":1522},{"t":"j","w":1048,"h":1522},{"t":"j","w":1048,"h":1522},{"t":"j","w":1048,"h":1522},{"t":"j","w":1048,"h":1522}],"cover":{"t":"j","w":350,"h":508},"thumbnail":{"t":"j","w":250,"h":363}},"scanlator":"","upload_date":1403964953,"tags":[{"id":779,"type":"tag","name":"futanari","url":"/tag/futanari/","count":23173},{"id":1207,"type":"tag","name":"milf","url":"/tag/milf/","count":22588},{"id":2820,"type":"tag","name":"scat","url":"/tag/scat/","count":5915},{"id":2937,"type":"tag","name":"big breasts","url":"/tag/big-breasts/","count":103273},{"id":4504,"type":"group","name":"evil aratame baroque store","url":"/group/evil-aratame-baroque-store/","count":13},{"id":5768,"type":"character","name":"anko mitarashi","url":"/character/anko-mitarashi/","count":93},{"id":8010,"type":"tag","name":"group","url":"/tag/group/","count":72150},{"id":13159,"type":"parody","name":"naruto","url":"/parody/naruto/","count":1267},{"id":14499,"type":"character","name":"tsunade","url":"/character/tsunade/","count":355},{"id":15658,"type":"tag","name":"bondage","url":"/tag/bondage/","count":34540},{"id":22851,"type":"character","name":"shizune","url":"/character/shizune/","count":89},{"id":27553,"type":"tag","name":"rape","url":"/tag/rape/","count":34191},{"id":32341,"type":"tag","name":"shotacon","url":"/tag/shotacon/","count":39737},{"id":32569,"type":"artist","name":"miyabi tsuzuru","url":"/artist/miyabi-tsuzuru/","count":110},{"id":6346,"type":"language","name":"japanese","url":"/language/japanese/","count":191613},{"id":33172,"type":"category","name":"doujinshi","url":"/category/doujinshi/","count":228729}],"num_pages":49,"num_favorites":163}